idx	path	chunk	stored_bytes	status	out_bytes	sha1_16
12	/3DDATA/debug.ps2;1	0	4388	ok(zlib)	17264	9bc7178020ab3775
13	/3DDATA/misc.ps2;1	3	96075	ok(zlib)	236944	25c1739b5f623f0f
15	/3DDATA/CARS/49COUPE.PS2;1	50	324043	ok(zlib)	1146656	3b52183498751bc1
16	/3DDATA/CARS/49MOVIE.PS2;1	209	152241	ok(zlib)	487712	ddddc6c4ff202e55
17	/3DDATA/CARS/COBRA.PS2;1	284	321968	ok(zlib)	1247200	a17e64c281ad5e7a
18	/3DDATA/CARS/CROWNV.PS2;1	442	353339	ok(zlib)	1234880	77734d3650eebbf5
19	/3DDATA/CARS/EX.PS2;1	615	659578	ok(zlib)	1339040	198830ef69d4d671
20	/3DDATA/CARS/EXPLORER.PS2;1	938	406949	ok(zlib)	1325152	2a8ace8816bc9a78
21	/3DDATA/CARS/F100_56.PS2;1	1137	302124	ok(zlib)	1165920	9c7e2d6397d12e06
22	/3DDATA/CARS/F100_65.PS2;1	1285	395280	ok(zlib)	1190992	293070f5ea677358
23	/3DDATA/CARS/F150.PS2;1	1479	393810	ok(zlib)	1340032	7b80b2ccbbb578d2
24	/3DDATA/CARS/F150_04.PS2;1	1672	401391	ok(zlib)	1305072	76a7820c1081db87
25	/3DDATA/CARS/F350.PS2;1	1868	399727	ok(zlib)	1299312	19869074310ebf6b
26	/3DDATA/CARS/FOCUSSVT.PS2;1	2064	380358	ok(zlib)	1253392	283edde1efc5f117
27	/3DDATA/CARS/FOCUSWRC.PS2;1	2250	392791	ok(zlib)	1046624	d3d983fbfb68d078
28	/3DDATA/CARS/FORDGT.PS2;1	2442	403392	ok(zlib)	1322048	1a21910cb6a498c1
29	/3DDATA/CARS/FORTYNIN.PS2;1	2639	337217	ok(zlib)	1022256	63f9d2ad07c3bc0a
30	/3DDATA/CARS/FR200.PS2;1	2804	434427	ok(zlib)	1283408	4b7dc44e2d1c53ae
31	/3DDATA/CARS/FR500.PS2;1	3017	346561	ok(zlib)	1283984	c159c2d33d05e19f
32	/3DDATA/CARS/G_TORINO.PS2;1	3187	205183	ok(zlib)	501072	9ca113deb39d5bf7
33	/3DDATA/CARS/GT90.PS2;1	3288	418858	ok(zlib)	1264560	dbe3db6e136eebc6
34	/3DDATA/CARS/INDIGO.PS2;1	3493	498118	ok(zlib)	1319520	339b15c5fdecd5f6
35	/3DDATA/CARS/LIGHTNIN.PS2;1	3737	438001	ok(zlib)	1325536	94c6efe01687828f
36	/3DDATA/CARS/MACH1A.PS2;1	3951	157259	ok(zlib)	441344	ec1e2fd2999cdbc1
37	/3DDATA/CARS/MACH1S.PS2;1	4028	159300	ok(zlib)	438624	73be9fe2433fad59
38	/3DDATA/CARS/MACH3.PS2;1	4106	431287	ok(zlib)	1215488	40fe260cf1acd9dc
39	/3DDATA/CARS/MUST68.PS2;1	4317	361549	ok(zlib)	1224320	48f5b84b42e38bd4
40	/3DDATA/CARS/MUST68B.PS2;1	4494	176251	ok(zlib)	508832	75e1ada4eca708ed
41	/3DDATA/CARS/MUSTCON.PS2;1	4581	459620	ok(zlib)	1262000	20a793ffea587627
42	/3DDATA/CARS/POWERST.PS2;1	4806	429332	ok(zlib)	1231872	9f259b48d9ce0015
43	/3DDATA/CARS/TAURUSA.PS2;1	5016	1089755	ok(zlib)	3126096	34907662c15828ad
44	/3DDATA/CARS/TAURUSB.PS2;1	5549	924691	ok(zlib)	3125120	650d4e98b2b0a81d
45	/3DDATA/CARS/TAURUSC.PS2;1	6001	812119	ok(zlib)	3124032	cdf03972223e03a9
46	/3DDATA/CARS/TAURUSD.PS2;1	6398	767064	ok(zlib)	3122992	47d66eacf7039497
47	/3DDATA/CARS/TBIRD.PS2;1	6773	411895	ok(zlib)	1200304	442cf7c06a48cce2
48	/3DDATA/CARS/TBIRD2.PS2;1	6975	415236	ok(zlib)	1249232	54b5170a67e37a87
49	/3DDATA/CARS/TBIRDM.PS2;1	7178	208953	ok(zlib)	514016	5a10e89189469f2c
50	/3DDATA/TRACKS/BayA.PS2;1	7281	2401879	ok(zlib)	4421968	e5385490b2a40d8b
51	/3DDATA/TRACKS/BayB.PS2;1	8454	2905629	ok(zlib)	6053744	1f013450db18f94c
52	/3DDATA/TRACKS/BayC.PS2;1	9873	2534407	ok(zlib)	5466192	f23399dedd460611
53	/3DDATA/TRACKS/Brands.PS2;1	11111	2462021	ok(zlib)	5449792	940217554b2c8ded
54	/3DDATA/TRACKS/Canyon.PS2;1	12314	2224648	ok(zlib)	4249888	e036262823fd21a7
56	/3DDATA/TRACKS/DesA.PS2;1	13401	2217666	ok(zlib)	4524544	450de14c58a2f4fa
57	/3DDATA/TRACKS/DesB.PS2;1	14484	2291683	ok(zlib)	4536224	bf3fe99a66e039ee
58	/3DDATA/TRACKS/DesC.PS2;1	15603	2186177	ok(zlib)	4479808	4c619bd58f70bf11
59	/3DDATA/TRACKS/FlorA.PS2;1	16671	2524355	ok(zlib)	5146528	45d5c3a8b69a9a18
60	/3DDATA/TRACKS/FlorB.PS2;1	17904	3093929	ok(zlib)	7016160	5aca2a7c7fe198a9
61	/3DDATA/TRACKS/FlorC.PS2;1	19415	2628116	ok(zlib)	6132704	97081bc5fb6edd0d
62	/3DDATA/TRACKS/Fukuoka.PS2;1	20699	2678880	ok(zlib)	5554160	02b8635c1c6cef92
63	/3DDATA/TRACKS/JungA.PS2;1	22008	1778714	ok(zlib)	3282768	468359596a993328
64	/3DDATA/TRACKS/JungB.PS2;1	22877	1908519	ok(zlib)	3810112	389bcb46e95ed780
65	/3DDATA/TRACKS/JungC.PS2;1	23809	1849608	ok(zlib)	3749184	29e5fde7c027853f
66	/3DDATA/TRACKS/oval2.PS2;1	24713	1828788	ok(zlib)	3930992	4bdfa822a4425976
67	/3DDATA/TRACKS/oval3.PS2;1	25606	1357017	ok(zlib)	3053136	0605489beb08ee1a
68	/3DDATA/TRACKS/Spring.PS2;1	26269	2423992	ok(zlib)	5175232	dde0fb0c6549635b
69	/3DDATA/TRACKS/Spring2.PS2;1	27453	2354080	ok(zlib)	4977664	ab7b8e9c9336894c
70	/3DDATA/TRACKS/CONFIGS/BAYA.CFG;1	28603	753	ok(raw)	753	3e92c8b4085a96bd
71	/3DDATA/TRACKS/CONFIGS/BAYB.CFG;1	28604	750	ok(raw)	750	5aa2899b4e1ff638
72	/3DDATA/TRACKS/CONFIGS/BAYC.CFG;1	28605	750	ok(raw)	750	051a04e7392d306b
73	/3DDATA/TRACKS/CONFIGS/DESA.CFG;1	28606	749	ok(raw)	749	83f735f6959a084e
74	/3DDATA/TRACKS/CONFIGS/DESB.CFG;1	28607	749	ok(raw)	749	d08e52ace5a84781
75	/3DDATA/TRACKS/CONFIGS/DESC.CFG;1	28608	746	ok(raw)	746	70b2385f3a1007e2
76	/3DDATA/TRACKS/CONFIGS/FLORA.CFG;1	28609	753	ok(raw)	753	b55491250d35420d
77	/3DDATA/TRACKS/CONFIGS/FLORB.CFG;1	28610	753	ok(raw)	753	85c5351be4da7585
78	/3DDATA/TRACKS/CONFIGS/FLORC.CFG;1	28611	750	ok(raw)	750	81b45313b96d8e76
79	/3DDATA/TRACKS/CONFIGS/JUNGA.CFG;1	28612	751	ok(raw)	751	c4edc947f248eb84
80	/3DDATA/TRACKS/CONFIGS/JUNGB.CFG;1	28613	746	ok(raw)	746	3a7fb4203465c099
81	/3DDATA/TRACKS/CONFIGS/JUNGC.CFG;1	28614	749	ok(raw)	749	2ad7d328a7e396aa
82	/3DDATA/TRACKS/CONFIGS/OVAL2.CFG;1	28615	750	ok(raw)	750	913d1b5ca914df81
83	/3DDATA/TRACKS/CONFIGS/OVAL3.CFG;1	28616	750	ok(raw)	750	e1ca631b61455f36
84	/3DDATA/TRACKS/CONFIGS/SPRING.CFG;1	28617	750	ok(raw)	750	9eaef675e9de965e
85	/3DDATA/TRACKS/CONFIGS/SPRING2.CFG;1	28618	750	ok(raw)	750	9eaef675e9de965e
87	/ANIMS/EUROPEAN/intro25.pss;1	28619	39911428	ok(raw)	39911428	1e4b9a9598679b8e
88	/ANIMS/EUROPEAN/pl2_pal.pss;1	48108	4833284	ok(raw)	4833284	b4afcf00988f01e6
90	/DATA/ASCII/AI_DFLT.DAT;1	50469	34533	ok(raw)	34533	98d84f7b96ef680f
94	/DATA/ASCII/GAMEDATA.DAT;1	50486	4048	ok(raw)	4048	c0443320668923e8
98	/DATA/ASCII/SPEECH.DAT;1	50488	5861	ok(raw)	5861	826fc5692e649b04
99	/DATA/ASCII/SURFACE.DAT;1	50491	8549	ok(raw)	8549	5084b86270536e3f
102	/DATA/ASCII/TRACKS.DAT;1	50496	14702	ok(raw)	14702	5a6b3bd2dbdbf346
103	/DATA/ASCII/TRACKX.DAT;1	50504	1713	ok(raw)	1713	a1bad1fffdc336fd
105	/DATA/ASCII/VARMOD.DAT;1	50505	2	ok(raw)	2	ba8ab5a0280b953a
106	/DATA/ASCII/VOLUMES.DAT;1	50506	5018	ok(raw)	5018	5e27f2a7a602dd6d
107	/DATA/ASCII/WORLD.DAT;1	50509	1816	ok(raw)	1816	c93721caa2b6dd81
108	/DATA/ASCII/CAMERAS/CA_DEBUG.DAT;1	50510	63120	ok(raw)	63120	8b9a6d2ef733ad2e
109	/DATA/ASCII/CAMERAS/CA_GROUP.DAT;1	50541	12206	ok(raw)	12206	c6ff0f97f74e2826
110	/DATA/ASCII/CAMERAS/CA_MOTIV.DAT;1	50547	5528	ok(raw)	5528	eeca3adc754ff516
111	/DATA/ASCII/CAMERAS/CA_TRACK.DAT;1	50550	751611	ok(raw)	751611	3c93bf0bdd96872a
112	/DATA/ASCII/CAMERAS/CA_VPORT.DAT;1	50917	2166	ok(raw)	2166	c14b2c8a543ebcda
113	/DATA/ASCII/CAMERAS/CAMERAS.DAT;1	50919	164934	ok(raw)	164934	17b6300d55688278
114	/DATA/ASCII/CARS/BODYDATA.DAT;1	51000	101533	ok(raw)	101533	863c877a6f705367
115	/DATA/ASCII/CARS/BRAKDATA.DAT;1	51050	7366	ok(raw)	7366	927282f98753b516
116	/DATA/ASCII/CARS/CARDATA.DAT;1	51054	65028	ok(raw)	65028	70c935da84757ee4
117	/DATA/ASCII/CARS/CARDATA.OLD;1	51086	43446	ok(raw)	43446	d62752bcfa0a7f9b
118	/DATA/ASCII/CARS/CARSETUP.DAT;1	51108	55218	ok(raw)	55218	b46e7fad7b9089f4
119	/DATA/ASCII/CARS/CARSOUND.DAT;1	51135	106398	ok(raw)	106398	a7637e0551148416
120	/DATA/ASCII/CARS/CTRLDATA.DAT;1	51187	11755	ok(raw)	11755	6121d1a3a548d332
121	/DATA/ASCII/CARS/ENGDATA.DAT;1	51193	43447	ok(raw)	43447	c05bea98a2754cba
122	/DATA/ASCII/CARS/GEARDATA.DAT;1	51215	12663	ok(raw)	12663	67308509abd8020e
123	/DATA/ASCII/CARS/OVERDATA.DAT;1	51222	11190	ok(raw)	11190	2afd41f887a97968
124	/DATA/ASCII/CARS/TYREDATA.DAT;1	51228	55388	ok(raw)	55388	20c3f6f5c779e220
125	/DATA/ASCII/ENVSOUND/ENV_FULL.DAT;1	51256	14198	ok(raw)	14198	457627b6caa982b2
126	/DATA/ASCII/ENVSOUND/ENV_GRPS.DAT;1	51263	6258	ok(raw)	6258	5240f80d090e3654
127	/DATA/ASCII/ENVSOUND/ENV_INS.DAT;1	51267	15397	ok(raw)	15397	7c8d10c09223a759
128	/DATA/ASCII/ENVSOUND/ENV_REV.DAT;1	51275	1955	ok(raw)	1955	3d0479c01725d8ce
129	/DATA/ASCII/ENVSOUND/ENV_SMP.DAT;1	51276	8531	ok(raw)	8531	7c993de0f0ff80e6
130	/DATA/ASCII/ENVSOUND/ENV_SND.DAT;1	51281	45526	ok(raw)	45526	e7500baaa41189e3
131	/DATA/ASCII/ENVSOUND/ENV_WAV.DAT;1	51304	9474	ok(raw)	9474	2700c26e5771882e
132	/DATA/ASCII/GAMEPLAY/49COUPE.DAT;1	51309	1933	ok(raw)	1933	2cacd9a770b26b98
133	/DATA/ASCII/GAMEPLAY/49MOVIE.DAT;1	51310	1944	ok(raw)	1944	33b580b42bbdd24e
134	/DATA/ASCII/GAMEPLAY/AM_1.DAT;1	51311	2536	ok(raw)	2536	7e9d5fd87fcc9a35
135	/DATA/ASCII/GAMEPLAY/AM_2.DAT;1	51313	2527	ok(raw)	2527	434f68efa72a9658
136	/DATA/ASCII/GAMEPLAY/AM_3.DAT;1	51315	2573	ok(raw)	2573	a8df70d9cb8c252b
137	/DATA/ASCII/GAMEPLAY/AM_4.DAT;1	51317	2531	ok(raw)	2531	02947f66b19729a9
138	/DATA/ASCII/GAMEPLAY/AM_5.DAT;1	51319	2553	ok(raw)	2553	80a74c68f1dddc2a
139	/DATA/ASCII/GAMEPLAY/AM_6.DAT;1	51321	2551	ok(raw)	2551	04991972c20e555d
140	/DATA/ASCII/GAMEPLAY/ATTRACT.DAT;1	51323	1262	ok(raw)	1262	db435e468f975a03
141	/DATA/ASCII/GAMEPLAY/COBRA.DAT;1	51324	2303	ok(raw)	2303	c972918a359ccd99
142	/DATA/ASCII/GAMEPLAY/CROWNV.DAT;1	51326	2186	ok(raw)	2186	5a2cefbed60ffefe
143	/DATA/ASCII/GAMEPLAY/EX.DAT;1	51328	2572	ok(raw)	2572	4b2cfe9a677e00a5
144	/DATA/ASCII/GAMEPLAY/EXPLORER.DAT;1	51330	2590	ok(raw)	2590	14edff7c95cea991
145	/DATA/ASCII/GAMEPLAY/F100.DAT;1	51332	2280	ok(raw)	2280	d05d6d43204f164e
146	/DATA/ASCII/GAMEPLAY/F100_56.DAT;1	51334	2537	ok(raw)	2537	512425cdb9207f7e
147	/DATA/ASCII/GAMEPLAY/F100_65.DAT;1	51336	2538	ok(raw)	2538	0fed6907742e7e97
148	/DATA/ASCII/GAMEPLAY/F150.DAT;1	51338	2282	ok(raw)	2282	dc496f00a491a249
149	/DATA/ASCII/GAMEPLAY/F150_04.DAT;1	51340	2551	ok(raw)	2551	fcc722ec2ec63261
150	/DATA/ASCII/GAMEPLAY/F350.DAT;1	51342	2370	ok(raw)	2370	2b36789b88be4863
151	/DATA/ASCII/GAMEPLAY/FOCUSSVT.DAT;1	51344	1982	ok(raw)	1982	d567b3572477179d
152	/DATA/ASCII/GAMEPLAY/FOCUSWRC.DAT;1	51345	2554	ok(raw)	2554	2099493a4857b060
153	/DATA/ASCII/GAMEPLAY/FORD_GT.DAT;1	51347	2562	ok(raw)	2562	7b6179a81af63f6f
154	/DATA/ASCII/GAMEPLAY/FORTY_N.DAT;1	51349	1945	ok(raw)	1945	9ec0b4e2bf90a258
155	/DATA/ASCII/GAMEPLAY/FR200.DAT;1	51350	1968	ok(raw)	1968	6f3a336945f78396
156	/DATA/ASCII/GAMEPLAY/FR500.DAT;1	51351	2546	ok(raw)	2546	ff728b007b24fe3a
157	/DATA/ASCII/GAMEPLAY/G_TORINO.DAT;1	51353	1913	ok(raw)	1913	fe0194c03956a19c
158	/DATA/ASCII/GAMEPLAY/GT40.DAT;1	51354	2269	ok(raw)	2269	12143547bda89ac2
159	/DATA/ASCII/GAMEPLAY/GT90.DAT;1	51356	2534	ok(raw)	2534	6511343fc16400c3
160	/DATA/ASCII/GAMEPLAY/INDIGO.DAT;1	51358	2607	ok(raw)	2607	20302b87dca8ec55
161	/DATA/ASCII/GAMEPLAY/LIGHTNIN.DAT;1	51360	2455	ok(raw)	2455	0a22ce4a17413797
162	/DATA/ASCII/GAMEPLAY/MACH1_A.DAT;1	51362	2579	ok(raw)	2579	536417448976e067
163	/DATA/ASCII/GAMEPLAY/MACH1_S.DAT;1	51364	1968	ok(raw)	1968	d3a50cfa914451e5
164	/DATA/ASCII/GAMEPLAY/MACH3.DAT;1	51365	2293	ok(raw)	2293	3f3a4967ed3c4bf4
165	/DATA/ASCII/GAMEPLAY/MERCURY.DAT;1	51367	1997	ok(raw)	1997	6552a291aa3d0f6a
166	/DATA/ASCII/GAMEPLAY/MULTI.DAT;1	51368	1451	ok(raw)	1451	a0ff1c0d9fa5eb38
167	/DATA/ASCII/GAMEPLAY/MUST68.DAT;1	51369	1969	ok(raw)	1969	e939dfccb055dabe
168	/DATA/ASCII/GAMEPLAY/MUST68B.DAT;1	51370	2449	ok(raw)	2449	d3f25098e99cd857
169	/DATA/ASCII/GAMEPLAY/MUSTCON.DAT;1	51372	2552	ok(raw)	2552	233ace29119cb547
170	/DATA/ASCII/GAMEPLAY/POWERST.DAT;1	51374	1997	ok(raw)	1997	625e52a78916e465
171	/DATA/ASCII/GAMEPLAY/QRACE_1.DAT;1	51375	2598	ok(raw)	2598	884f29905f0fb324
172	/DATA/ASCII/GAMEPLAY/QRACE_2.DAT;1	51377	2554	ok(raw)	2554	0ee05be1bfa6bee5
173	/DATA/ASCII/GAMEPLAY/QRACE_3.DAT;1	51379	2604	ok(raw)	2604	d5be27f11e446438
174	/DATA/ASCII/GAMEPLAY/QRACE_4.DAT;1	51381	2566	ok(raw)	2566	4b6cdfc128eb9550
175	/DATA/ASCII/GAMEPLAY/RACING.DAT;1	51383	1589	ok(raw)	1589	bea9d991e3cfe5ac
176	/DATA/ASCII/GAMEPLAY/RULES.DAT;1	51384	7602	ok(raw)	7602	cc5f74227d0315fc
177	/DATA/ASCII/GAMEPLAY/SKILLS.DAT;1	51388	1189	ok(raw)	1189	c004d4b0dfb0416c
178	/DATA/ASCII/GAMEPLAY/SMASH.DAT;1	51389	1184	ok(raw)	1184	593ea75d6b3ff769
179	/DATA/ASCII/GAMEPLAY/TAURUS_P.DAT;1	51390	2618	ok(raw)	2618	cf3773d1bcfd4ee9
180	/DATA/ASCII/GAMEPLAY/TAURUS_R.DAT;1	51392	2620	ok(raw)	2620	2c877e885179d2a5
181	/DATA/ASCII/GAMEPLAY/TAURUS_S.DAT;1	51394	2439	ok(raw)	2439	b4ef8370eec52b97
182	/DATA/ASCII/GAMEPLAY/TAURUSA.DAT;1	51396	2599	ok(raw)	2599	889cc14ef4584739
183	/DATA/ASCII/GAMEPLAY/TAURUSB.DAT;1	51398	2651	ok(raw)	2651	6c43084f181203b0
184	/DATA/ASCII/GAMEPLAY/TAURUSC.DAT;1	51400	2582	ok(raw)	2582	a820211dfd9f484e
185	/DATA/ASCII/GAMEPLAY/TAURUSD.DAT;1	51402	2613	ok(raw)	2613	65556efefd25fd7f
186	/DATA/ASCII/GAMEPLAY/TBIRD.DAT;1	51404	1948	ok(raw)	1948	7df5835a0a1f53c5
187	/DATA/ASCII/GAMEPLAY/TBIRD_22.DAT;1	51405	2442	ok(raw)	2442	d443be31a692df53
188	/DATA/ASCII/GAMEPLAY/TBIRD_M.DAT;1	51407	1963	ok(raw)	1963	7bad1dea038f5b9b
189	/DATA/ASCII/GAMEPLAY/TIMEATTA.DAT;1	51408	1619	ok(raw)	1619	aeddc9c5134a865e
190	/DATA/ASCII/GATE/BAYA.DAT;1	51409	8289	ok(raw)	8289	4731c7c097ec47fc
191	/DATA/ASCII/GATE/BAYB.DAT;1	51414	11463	ok(raw)	11463	8c64b4cd1f52ea66
192	/DATA/ASCII/GATE/BAYC.DAT;1	51420	9398	ok(raw)	9398	77ca287805ea290b
193	/DATA/ASCII/GATE/DESA.DAT;1	51425	8978	ok(raw)	8978	000edce5bad8e1a1
194	/DATA/ASCII/GATE/DESB.DAT;1	51430	8561	ok(raw)	8561	ec4e93202007be0a
195	/DATA/ASCII/GATE/DESC.DAT;1	51435	7732	ok(raw)	7732	5611569e5bac4d26
196	/DATA/ASCII/GATE/FLORA.DAT;1	51439	9533	ok(raw)	9533	9546f720b5a82eb0
197	/DATA/ASCII/GATE/FLORB.DAT;1	51444	10507	ok(raw)	10507	6370700c728947ea
198	/DATA/ASCII/GATE/FLORC.DAT;1	51450	10087	ok(raw)	10087	9a6615ec94f4d40e
199	/DATA/ASCII/GATE/JUNGA.DAT;1	51455	9668	ok(raw)	9668	8b87d5b137ef216b
200	/DATA/ASCII/GATE/JUNGB.DAT;1	51460	8846	ok(raw)	8846	8af227920dcd529f
201	/DATA/ASCII/GATE/JUNGC.DAT;1	51465	9535	ok(raw)	9535	719e8b4ddf2ebd22
202	/DATA/ASCII/GATE/OVAL2.DAT;1	51470	4965	ok(raw)	4965	224cf4d97673eeca
203	/DATA/ASCII/GATE/OVAL3.DAT;1	51473	5258	ok(raw)	5258	2c47da9b12f9a530
204	/DATA/ASCII/GATE/SPRING.DAT;1	51476	10081	ok(raw)	10081	fb7aa7168f927169
205	/DATA/ASCII/GATE/SPRING2.DAT;1	51481	8568	ok(raw)	8568	ad83cc43a940fdfe
206	/DATA/ASCII/OBSTACLE/BAYA.DAT;1	51486	8435	ok(raw)	8435	1aec50b5458ce536
207	/DATA/ASCII/OBSTACLE/BAYB.DAT;1	51491	11035	ok(raw)	11035	c18f1429ae421349
208	/DATA/ASCII/OBSTACLE/BAYC.DAT;1	51497	10211	ok(raw)	10211	9103028d0b7d3c3b
209	/DATA/ASCII/OBSTACLE/DESA.DAT;1	51502	7914	ok(raw)	7914	1e0d2ca28feee28f
210	/DATA/ASCII/OBSTACLE/DESB.DAT;1	51506	8334	ok(raw)	8334	6a026318647b7ad5
211	/DATA/ASCII/OBSTACLE/DESC.DAT;1	51511	8649	ok(raw)	8649	f0fb629b634ef890
212	/DATA/ASCII/OBSTACLE/FLORA.DAT;1	51516	8640	ok(raw)	8640	504e227505c25f1a
213	/DATA/ASCII/OBSTACLE/FLORB.DAT;1	51521	9685	ok(raw)	9685	b9520de75d08350e
214	/DATA/ASCII/OBSTACLE/FLORC.DAT;1	51526	8652	ok(raw)	8652	48934b5fd41c5eb8
215	/DATA/ASCII/OBSTACLE/JUNGA.DAT;1	51531	8972	ok(raw)	8972	0650f1db8bc614b3
216	/DATA/ASCII/OBSTACLE/JUNGB.DAT;1	51536	7814	ok(raw)	7814	55960d01766330bc
217	/DATA/ASCII/OBSTACLE/JUNGC.DAT;1	51540	9468	ok(raw)	9468	a412c35f95bef3b9
218	/DATA/ASCII/OBSTACLE/OVAL2.DAT;1	51545	5001	ok(raw)	5001	8c518c22010ee219
219	/DATA/ASCII/OBSTACLE/OVAL3.DAT;1	51548	5941	ok(raw)	5941	4e5f2841fea2ada8
220	/DATA/ASCII/OBSTACLE/SPRING.DAT;1	51551	9691	ok(raw)	9691	52ea19effb1627d9
221	/DATA/ASCII/OBSTACLE/SPRING2.DAT;1	51556	7811	ok(raw)	7811	83d015e09d2207b0
222	/DATA/ASCII/TIME/BAYA.DAT;1	51560	1911	ok(raw)	1911	37c3477768686709
223	/DATA/ASCII/TIME/BAYB.DAT;1	51561	1925	ok(raw)	1925	ff3af53a9fc0d115
224	/DATA/ASCII/TIME/BAYC.DAT;1	51562	1910	ok(raw)	1910	e444f5debc07bd1f
225	/DATA/ASCII/TIME/DESA.DAT;1	51563	1918	ok(raw)	1918	327f146c900d9404
226	/DATA/ASCII/TIME/DESB.DAT;1	51564	1914	ok(raw)	1914	72b7cd00fc1bba8d
227	/DATA/ASCII/TIME/DESC.DAT;1	51565	1914	ok(raw)	1914	39aaa054b49c25da
228	/DATA/ASCII/TIME/FLORA.DAT;1	51566	1912	ok(raw)	1912	befad859c158f3a3
229	/DATA/ASCII/TIME/FLORB.DAT;1	51567	1912	ok(raw)	1912	08ccd793edd65b0c
230	/DATA/ASCII/TIME/FLORC.DAT;1	51568	1912	ok(raw)	1912	f59fc0704222cbd7
231	/DATA/ASCII/TIME/JUNGA.DAT;1	51569	1915	ok(raw)	1915	228c5d743eb5b0a9
232	/DATA/ASCII/TIME/JUNGB.DAT;1	51570	1915	ok(raw)	1915	e7b7670ec05f9022
233	/DATA/ASCII/TIME/JUNGC.DAT;1	51571	1915	ok(raw)	1915	826701baeca815c2
234	/DATA/ASCII/TIME/OVAL2.DAT;1	51572	1911	ok(raw)	1911	0050fd9e8508599f
235	/DATA/ASCII/TIME/OVAL3.DAT;1	51573	1911	ok(raw)	1911	86bbbf377b6e762b
238	/DATA/ASCII/TIME/SPRING.DAT;1	51574	1914	ok(raw)	1914	f220fb370ca1ff74
239	/DATA/ASCII/TIME/SPRING2.DAT;1	51575	1913	ok(raw)	1913	2809f6185ae03112
241	/DATA/ASCII/TIME/SKILLS/BAYA.DAT;1	51576	1939	ok(raw)	1939	989a20baea5b3419
242	/DATA/ASCII/TIME/SKILLS/BAYB.DAT;1	51577	1940	ok(raw)	1940	0daa8963a4d67255
243	/DATA/ASCII/TIME/SKILLS/BAYC.DAT;1	51578	1940	ok(raw)	1940	0daa8963a4d67255
244	/DATA/ASCII/TIME/SKILLS/DESA.DAT;1	51579	1940	ok(raw)	1940	0daa8963a4d67255
245	/DATA/ASCII/TIME/SKILLS/DESB.DAT;1	51580	1940	ok(raw)	1940	0daa8963a4d67255
246	/DATA/ASCII/TIME/SKILLS/DESC.DAT;1	51581	1940	ok(raw)	1940	0daa8963a4d67255
247	/DATA/ASCII/TIME/SKILLS/FLORA.DAT;1	51582	1940	ok(raw)	1940	0daa8963a4d67255
248	/DATA/ASCII/TIME/SKILLS/FLORB.DAT;1	51583	1940	ok(raw)	1940	0daa8963a4d67255
249	/DATA/ASCII/TIME/SKILLS/FLORC.DAT;1	51584	1940	ok(raw)	1940	0daa8963a4d67255
250	/DATA/ASCII/TIME/SKILLS/JUNGA.DAT;1	51585	1940	ok(raw)	1940	0daa8963a4d67255
251	/DATA/ASCII/TIME/SKILLS/JUNGB.DAT;1	51586	1940	ok(raw)	1940	0daa8963a4d67255
252	/DATA/ASCII/TIME/SKILLS/JUNGC.DAT;1	51587	1940	ok(raw)	1940	0daa8963a4d67255
253	/DATA/ASCII/TIME/SKILLS/OVAL2.DAT;1	51588	1940	ok(raw)	1940	0daa8963a4d67255
254	/DATA/ASCII/TIME/SKILLS/OVAL3.DAT;1	51589	1940	ok(raw)	1940	0daa8963a4d67255
255	/DATA/ASCII/TIME/SKILLS/SPRING.DAT;1	51590	1940	ok(raw)	1940	0daa8963a4d67255
256	/DATA/ASCII/TIME/SMASH/BAYA.DAT;1	51591	1939	ok(raw)	1939	989a20baea5b3419
257	/DATA/ASCII/TIME/SMASH/BAYB.DAT;1	51592	1940	ok(raw)	1940	0daa8963a4d67255
258	/DATA/ASCII/TIME/SMASH/BAYC.DAT;1	51593	1940	ok(raw)	1940	0daa8963a4d67255
259	/DATA/ASCII/TIME/SMASH/DESA.DAT;1	51594	1940	ok(raw)	1940	0daa8963a4d67255
260	/DATA/ASCII/TIME/SMASH/DESB.DAT;1	51595	1940	ok(raw)	1940	0daa8963a4d67255
261	/DATA/ASCII/TIME/SMASH/DESC.DAT;1	51596	1940	ok(raw)	1940	0daa8963a4d67255
262	/DATA/ASCII/TIME/SMASH/FLORA.DAT;1	51597	1940	ok(raw)	1940	0daa8963a4d67255
263	/DATA/ASCII/TIME/SMASH/FLORB.DAT;1	51598	1940	ok(raw)	1940	0daa8963a4d67255
264	/DATA/ASCII/TIME/SMASH/FLORC.DAT;1	51599	1940	ok(raw)	1940	0daa8963a4d67255
265	/DATA/ASCII/TIME/SMASH/JUNGA.DAT;1	51600	1940	ok(raw)	1940	0daa8963a4d67255
266	/DATA/ASCII/TIME/SMASH/JUNGB.DAT;1	51601	1940	ok(raw)	1940	0daa8963a4d67255
267	/DATA/ASCII/TIME/SMASH/JUNGC.DAT;1	51602	1940	ok(raw)	1940	0daa8963a4d67255
268	/DATA/ASCII/TIME/SMASH/OVAL2.DAT;1	51603	1940	ok(raw)	1940	0daa8963a4d67255
269	/DATA/ASCII/TIME/SMASH/OVAL3.DAT;1	51604	1940	ok(raw)	1940	0daa8963a4d67255
270	/DATA/ASCII/TIME/SMASH/SPRING.DAT;1	51605	1940	ok(raw)	1940	0daa8963a4d67255
271	/DATA/ASCII/TIME/TIMEATTA/BAYA.DAT;1	51606	2046	ok(raw)	2046	0350cfec4d9e67c2
272	/DATA/ASCII/TIME/TIMEATTA/BAYB.DAT;1	51607	1940	ok(raw)	1940	0daa8963a4d67255
273	/DATA/ASCII/TIME/TIMEATTA/BAYC.DAT;1	51608	1940	ok(raw)	1940	0daa8963a4d67255
274	/DATA/ASCII/TIME/TIMEATTA/DESA.DAT;1	51609	1940	ok(raw)	1940	0daa8963a4d67255
275	/DATA/ASCII/TIME/TIMEATTA/DESB.DAT;1	51610	1940	ok(raw)	1940	0daa8963a4d67255
276	/DATA/ASCII/TIME/TIMEATTA/DESC.DAT;1	51611	1940	ok(raw)	1940	0daa8963a4d67255
277	/DATA/ASCII/TIME/TIMEATTA/FLORA.DAT;1	51612	1940	ok(raw)	1940	0daa8963a4d67255
278	/DATA/ASCII/TIME/TIMEATTA/FLORB.DAT;1	51613	2045	ok(raw)	2045	db28246e73dcaad2
279	/DATA/ASCII/TIME/TIMEATTA/FLORC.DAT;1	51614	2053	ok(raw)	2053	6c05fcf7a22a1140
280	/DATA/ASCII/TIME/TIMEATTA/JUNGA.DAT;1	51616	1940	ok(raw)	1940	0daa8963a4d67255
281	/DATA/ASCII/TIME/TIMEATTA/JUNGB.DAT;1	51617	1940	ok(raw)	1940	0daa8963a4d67255
282	/DATA/ASCII/TIME/TIMEATTA/JUNGC.DAT;1	51618	1940	ok(raw)	1940	0daa8963a4d67255
283	/DATA/ASCII/TIME/TIMEATTA/OVAL2.DAT;1	51619	2044	ok(raw)	2044	49eb673e0668b3ba
284	/DATA/ASCII/TIME/TIMEATTA/OVAL3.DAT;1	51620	2044	ok(raw)	2044	067329083b3a4ae5
285	/DATA/ASCII/TIME/TIMEATTA/SPRING.DAT;1	51621	2055	ok(raw)	2055	bcad49126ee8a998
286	/DATA/ASCII/TRACKS/BALLPARK.DAT;1	51623	34533	ok(raw)	34533	98d84f7b96ef680f
287	/DATA/ASCII/TRACKS/BAYA.DAT;1	51640	39286	ok(raw)	39286	592d0a647278f957
288	/DATA/ASCII/TRACKS/BAYB.DAT;1	51660	44511	ok(raw)	44511	10edf8ac21241756
289	/DATA/ASCII/TRACKS/BAYC.DAT;1	51682	29258	ok(raw)	29258	015704204bb3f31e
290	/DATA/ASCII/TRACKS/BRANDS.DAT;1	51697	38396	ok(raw)	38396	d1c3a143db400d4f
291	/DATA/ASCII/TRACKS/CANYON.DAT;1	51716	34533	ok(raw)	34533	98d84f7b96ef680f
292	/DATA/ASCII/TRACKS/DESA.DAT;1	51733	33675	ok(raw)	33675	698dec0b214cbd56
293	/DATA/ASCII/TRACKS/DESB.DAT;1	51750	35023	ok(raw)	35023	09e56aa27639b905
294	/DATA/ASCII/TRACKS/DESC.DAT;1	51768	31584	ok(raw)	31584	af1fd79e61567f87
295	/DATA/ASCII/TRACKS/DESERT.DAT;1	51784	41772	ok(raw)	41772	90d86a16826ae091
296	/DATA/ASCII/TRACKS/FLORA.DAT;1	51805	33742	ok(raw)	33742	271bc96d51da3897
297	/DATA/ASCII/TRACKS/FLORB.DAT;1	51822	43271	ok(raw)	43271	854c3ab349583608
298	/DATA/ASCII/TRACKS/FLORC.DAT;1	51844	37833	ok(raw)	37833	ba4ff4b7e189d855
299	/DATA/ASCII/TRACKS/FUKUOKA.DAT;1	51863	52729	ok(raw)	52729	8c45a5ec5a7c89c0
300	/DATA/ASCII/TRACKS/JUNGA.DAT;1	51889	35874	ok(raw)	35874	d8fdacf720bcc340
301	/DATA/ASCII/TRACKS/JUNGB.DAT;1	51907	26189	ok(raw)	26189	8e0592999f0e9df9
302	/DATA/ASCII/TRACKS/JUNGC.DAT;1	51920	32796	ok(raw)	32796	5199f186c424ec17
303	/DATA/ASCII/TRACKS/OFFROAD.DAT;1	51937	25410	ok(raw)	25410	0204c57b11bb87fd
304	/DATA/ASCII/TRACKS/OVAL2.DAT;1	51950	15489	ok(raw)	15489	a4baa627bccc6071
305	/DATA/ASCII/TRACKS/OVAL3.DAT;1	51958	17468	ok(raw)	17468	d3a53ad45bc60f2d
306	/DATA/ASCII/TRACKS/OVAL4.DAT;1	51967	14894	ok(raw)	14894	344c50a3c6d6338c
307	/DATA/ASCII/TRACKS/PACIFINW.DAT;1	51975	35549	ok(raw)	35549	884744f07e9506d5
308	/DATA/ASCII/TRACKS/SPRING.DAT;1	51993	44449	ok(raw)	44449	100a31fe9b5ad794
309	/DATA/ASCII/TRACKS/SPRING2.DAT;1	52015	36003	ok(raw)	36003	e967493161dcde00
310	/DATA/ASCII/UNLOCK/UNLOCK.DAT;1	52033	2919	ok(raw)	2919	a976871a0fdc2b2e
311	/FONTS/fontbase.dat;1	52035	1032	ok(raw)	1032	80aff5a88bcb73a6
312	/FONTS/fontdata.dat;1	52036	595057	ok(raw)	595057	b63558f0885de12f
318	/GRAPHICS/GAME/barbig.ptg;1	52327	14875	ok(zlib)	18784	ee27a95b9ca1649a
319	/GRAPHICS/GAME/Barsub.ptg;1	52335	383	ok(zlib)	2448	28c94c376973fa94
320	/GRAPHICS/GAME/Bgarrow1.ptg;1	52336	1289	ok(zlib)	22160	7e9c279b1d2fb5e0
321	/GRAPHICS/GAME/BgArrow2.ptg;1	52337	1025	ok(zlib)	25136	6534e52ced276182
322	/GRAPHICS/GAME/CarGlow.ptg;1	52338	3117	ok(zlib)	14368	a5fb39a37f9e514b
325	/GRAPHICS/GAME/complete.ptg;1	52340	908	ok(zlib)	10016	ea628f6a16be8ff2
326	/GRAPHICS/GAME/dial.ptg;1	52341	1126	ok(zlib)	11056	93b3a626b5cabda6
327	/GRAPHICS/GAME/dialGRAD.ptg;1	52342	1204	ok(zlib)	11056	641a0569234fafbe
328	/GRAPHICS/GAME/drRating.ptg;1	52343	5252	ok(zlib)	53072	c964815abe2cbfb8
329	/GRAPHICS/GAME/Exclam.ptg;1	52346	728	ok(zlib)	4144	e18f9a17c232a950
330	/GRAPHICS/GAME/FordOvEU.ptg;1	52347	20100	ok(zlib)	117008	b80b439edac7e184
331	/GRAPHICS/GAME/FordOvUS.ptg;1	52357	20091	ok(zlib)	117008	4f05a335e5809b43
332	/GRAPHICS/GAME/FordrcEU.ptg;1	52367	36032	ok(zlib)	154640	affaffa9880a4f42
333	/GRAPHICS/GAME/FordrcUS.ptg;1	52385	36033	ok(zlib)	154640	340bfafcf29bcef0
334	/GRAPHICS/GAME/grad.ptg;1	52403	1847	ok(zlib)	5536	61767c5154482732
336	/GRAPHICS/GAME/Locked.ptg;1	52404	518	ok(zlib)	3136	685c3567834ebb21
339	/GRAPHICS/GAME/notavail.ptg;1	52405	878	ok(zlib)	10016	2b5978ff4d0bc160
341	/GRAPHICS/GAME/passcd0.ptg;1	52406	457	ok(zlib)	11056	9e4aa4d3b04c371b
342	/GRAPHICS/GAME/passcd1.ptg;1	52407	1000	ok(zlib)	11056	980656408d096b08
343	/GRAPHICS/GAME/Pause.ptg;1	52408	1404	ok(zlib)	37664	dd3e7cc21f5b9af6
344	/GRAPHICS/GAME/PCEnter.ptg;1	52409	5705	ok(zlib)	25136	110f257142744ca1
345	/GRAPHICS/GAME/PCEscape.ptg;1	52412	4062	ok(zlib)	10016	086be9a640589926
346	/GRAPHICS/GAME/PCkeyC.ptg;1	52414	4060	ok(zlib)	10016	e20ac40229967a7f
347	/GRAPHICS/GAME/player.ptg;1	52416	899	ok(zlib)	11056	767fe948e818cc56
348	/GRAPHICS/GAME/posnscrn.ptg;1	52417	30894	ok(zlib)	89440	4c03b6e2fcacc07b
350	/GRAPHICS/GAME/PSCircle.ptg;1	52433	5044	ok(zlib)	10016	341b0c5a4ecb94c4
351	/GRAPHICS/GAME/PSCross.ptg;1	52436	4939	ok(zlib)	10016	2021c0bc320d6687
352	/GRAPHICS/GAME/PSSquare.ptg;1	52439	5034	ok(zlib)	10016	92ba0e6ed1b28509
353	/GRAPHICS/GAME/PSTriang.ptg;1	52442	4939	ok(zlib)	10016	b8b6cbc9f8722017
354	/GRAPHICS/GAME/question.ptg;1	52445	491	ok(zlib)	4144	2ffd2b8e804e73c7
355	/GRAPHICS/GAME/rating0.ptg;1	52446	295	ok(zlib)	5824	c5c175ebfbc94c7f
356	/GRAPHICS/GAME/rating1.ptg;1	52447	302	ok(zlib)	5824	babf6d692455ab8c
357	/GRAPHICS/GAME/roundcrn.ptg;1	52448	1398	ok(zlib)	71776	6332114aba78f0ad
358	/GRAPHICS/GAME/smarrow.ptg;1	52449	342	ok(zlib)	2224	29cd6261d41d69a9
359	/GRAPHICS/GAME/StartEU.ptg;1	52450	20484	ok(zlib)	332320	6555f8479cc5583e
360	/GRAPHICS/GAME/StartUS.ptg;1	52461	20483	ok(zlib)	332320	a66a51dee6c69c7b
361	/GRAPHICS/GAME/trackglo.ptg;1	52472	3272	ok(zlib)	40864	5b90dc6ad348d734
366	/GRAPHICS/GAME/Unlocked.ptg;1	52474	475	ok(zlib)	4144	e153c8c2d649a95d
367	/GRAPHICS/GAME/uparrow.ptg;1	52475	337	ok(zlib)	2224	043caa66bb613628
369	/GRAPHICS/GAME/xb_a.ptg;1	52476	4230	ok(zlib)	10016	640ed0a41bfbb9fa
370	/GRAPHICS/GAME/xb_b.ptg;1	52479	4219	ok(zlib)	10016	072cdcb216777a51
371	/GRAPHICS/GAME/xb_x.ptg;1	52482	4214	ok(zlib)	10016	20d11a4199c1e733
372	/GRAPHICS/GAME/xb_y.ptg;1	52485	4339	ok(zlib)	10016	a93ac500ae6d9e6a
373	/GRAPHICS/GAME/CARS/49couped.ptg;1	52488	25159	ok(zlib)	100304	a6c0b381121f52b2
374	/GRAPHICS/GAME/CARS/49movied.ptg;1	52501	24523	ok(zlib)	100304	5062883bc45c6968
375	/GRAPHICS/GAME/CARS/cobrad.ptg;1	52513	24711	ok(zlib)	100304	90782a54ffc9a3c4
376	/GRAPHICS/GAME/CARS/crownvd.ptg;1	52526	27436	ok(zlib)	100304	e96a4a91673cb8a8
377	/GRAPHICS/GAME/CARS/exd.ptg;1	52540	23597	ok(zlib)	100304	fb88ed500e19cba7
378	/GRAPHICS/GAME/CARS/explored.ptg;1	52552	25440	ok(zlib)	100304	368cbecbe5b6efa5
379	/GRAPHICS/GAME/CARS/f10056d.ptg;1	52565	27879	ok(zlib)	100304	59fec451acf3a8e0
380	/GRAPHICS/GAME/CARS/f10065d.ptg;1	52579	29301	ok(zlib)	100304	dce8ae75e91560cb
381	/GRAPHICS/GAME/CARS/f15004d.ptg;1	52594	27611	ok(zlib)	100304	b28ecafa548797da
382	/GRAPHICS/GAME/CARS/f150d.ptg;1	52608	24186	ok(zlib)	100304	e348e18326ac6600
383	/GRAPHICS/GAME/CARS/f350d.ptg;1	52620	27607	ok(zlib)	100304	b7e816fe4ad3a18a
384	/GRAPHICS/GAME/CARS/focsvtd.ptg;1	52634	23357	ok(zlib)	100304	e8d7b979205e33eb
385	/GRAPHICS/GAME/CARS/focwrcd.ptg;1	52646	24173	ok(zlib)	100304	0d36c6a18b8c82b0
386	/GRAPHICS/GAME/CARS/fordgtd.ptg;1	52658	28847	ok(zlib)	100304	38f3858466504833
387	/GRAPHICS/GAME/CARS/fortyd.ptg;1	52673	25122	ok(zlib)	100304	bde0d24b5d710ba5
388	/GRAPHICS/GAME/CARS/fr200d.ptg;1	52686	25211	ok(zlib)	100304	7737eeb6ee02dd06
389	/GRAPHICS/GAME/CARS/fr500d.ptg;1	52699	27245	ok(zlib)	100304	ede69d520f784099
390	/GRAPHICS/GAME/CARS/gt90d.ptg;1	52713	28450	ok(zlib)	100304	2cc54940b675f503
391	/GRAPHICS/GAME/CARS/indigod.ptg;1	52727	25560	ok(zlib)	100304	ab0fea31186ff846
392	/GRAPHICS/GAME/CARS/lightd.ptg;1	52740	27866	ok(zlib)	100304	0a68b3ba411a8fda
393	/GRAPHICS/GAME/CARS/mach1ad.ptg;1	52754	27858	ok(zlib)	100304	42de2c46b2ffae50
394	/GRAPHICS/GAME/CARS/mach1sd.ptg;1	52768	28805	ok(zlib)	100304	c2e6fc4d78749d74
395	/GRAPHICS/GAME/CARS/mach3d.ptg;1	52783	27286	ok(zlib)	100304	33f3a22ea198deee
396	/GRAPHICS/GAME/CARS/must68bd.ptg;1	52797	24041	ok(zlib)	100304	96fb578a9321b4ec
397	/GRAPHICS/GAME/CARS/must68d.ptg;1	52809	25884	ok(zlib)	100304	ba79390ad832acc2
398	/GRAPHICS/GAME/CARS/mustcond.ptg;1	52822	30722	ok(zlib)	100304	f9ac3e4bc5d658f8
399	/GRAPHICS/GAME/CARS/powerd.ptg;1	52838	31526	ok(zlib)	100304	01e035ddb4bf68e2
400	/GRAPHICS/GAME/CARS/tbird22d.ptg;1	52854	29049	ok(zlib)	100304	27c172c0c2741bc5
401	/GRAPHICS/GAME/CARS/tbirdd.ptg;1	52869	26797	ok(zlib)	100304	f576621623135d34
402	/GRAPHICS/GAME/CARS/tbirdmd.ptg;1	52883	27498	ok(zlib)	100304	77bd5887b623e28f
403	/GRAPHICS/GAME/CARS/torinod.ptg;1	52897	27505	ok(zlib)	100304	a242c6dad2f30a0a
404	/GRAPHICS/GAME/CARS/tsad1.ptg;1	52911	25695	ok(zlib)	100304	ad4e077b88d33f02
405	/GRAPHICS/GAME/CARS/tsbd1.ptg;1	52924	24858	ok(zlib)	100304	e4310a76f192cabf
406	/GRAPHICS/GAME/CARS/tscd1.ptg;1	52937	24427	ok(zlib)	100304	6c802bfe71d16562
407	/GRAPHICS/GAME/CARS/tsdd1.ptg;1	52949	24574	ok(zlib)	100304	df8b988f0f589c68
408	/GRAPHICS/GAME/CHALL/ChallGlo.ptg;1	52961	2768	ok(zlib)	9520	94d29f176af74380
409	/GRAPHICS/GAME/CHALL/concept.ptg;1	52963	1387	ok(zlib)	16784	e13c416a6242d2e0
410	/GRAPHICS/GAME/CHALL/custom.ptg;1	52964	1296	ok(zlib)	16784	1cf2cfd87bc86a1a
411	/GRAPHICS/GAME/CHALL/living.ptg;1	52965	1259	ok(zlib)	16784	16a666f87784e47f
412	/GRAPHICS/GAME/CHALL/movie.ptg;1	52966	1111	ok(zlib)	16784	b0c90245331cd494
413	/GRAPHICS/GAME/CHALL/offroad.ptg;1	52967	1388	ok(zlib)	16784	d7ddb78b677418ee
414	/GRAPHICS/GAME/CHALL/stock.ptg;1	52968	1121	ok(zlib)	16784	786f51284cde8ec1
415	/GRAPHICS/GAME/CHALL/svt.ptg;1	52969	1308	ok(zlib)	16784	1d1ed79e1b317349
416	/GRAPHICS/GAME/LIVERY/49coupea.ptg;1	52970	30467	ok(zlib)	100304	ad1958cbc7dd2794
417	/GRAPHICS/GAME/LIVERY/49coupeb.ptg;1	52985	31233	ok(zlib)	100304	deaa243b5a0c2e96
418	/GRAPHICS/GAME/LIVERY/49coupec.ptg;1	53001	31481	ok(zlib)	100304	bba04f1a6065cbcc
419	/GRAPHICS/GAME/LIVERY/49couped.ptg;1	53017	30360	ok(zlib)	100304	ffa493d2b4c12688
420	/GRAPHICS/GAME/LIVERY/49movied.ptg;1	53032	28870	ok(zlib)	100304	ca74e28514a82512
421	/GRAPHICS/GAME/LIVERY/cobraa.ptg;1	53047	30288	ok(zlib)	100304	584b0abc4a47ab6d
422	/GRAPHICS/GAME/LIVERY/cobrab.ptg;1	53062	28107	ok(zlib)	100304	4ba18e7e3ff23b19
423	/GRAPHICS/GAME/LIVERY/cobrac.ptg;1	53076	30880	ok(zlib)	100304	b75cb0648ad97a45
424	/GRAPHICS/GAME/LIVERY/cobrad.ptg;1	53092	30673	ok(zlib)	100304	62ddd4cc31e1974a
425	/GRAPHICS/GAME/LIVERY/crownva.ptg;1	53107	25097	ok(zlib)	100304	84841288dd07b429
426	/GRAPHICS/GAME/LIVERY/crownvb.ptg;1	53120	27456	ok(zlib)	100304	6eac5895995b016f
427	/GRAPHICS/GAME/LIVERY/crownvc.ptg;1	53134	23861	ok(zlib)	100304	9f601d0e305066d8
428	/GRAPHICS/GAME/LIVERY/crownvd.ptg;1	53146	26997	ok(zlib)	100304	66b1c9c1079fe480
429	/GRAPHICS/GAME/LIVERY/exa.ptg;1	53160	28670	ok(zlib)	100304	cf55db69d00ccc31
430	/GRAPHICS/GAME/LIVERY/exb.ptg;1	53174	27867	ok(zlib)	100304	f636e1e1d82f37e5
431	/GRAPHICS/GAME/LIVERY/exc.ptg;1	53188	29684	ok(zlib)	100304	7c2db06b6bdb9e41
432	/GRAPHICS/GAME/LIVERY/exd.ptg;1	53203	28641	ok(zlib)	100304	372da4543a33209b
433	/GRAPHICS/GAME/LIVERY/explorea.ptg;1	53217	29746	ok(zlib)	100304	1c493b806933117d
434	/GRAPHICS/GAME/LIVERY/exploreb.ptg;1	53232	28335	ok(zlib)	100304	698478ae8a63af56
435	/GRAPHICS/GAME/LIVERY/explorec.ptg;1	53246	32464	ok(zlib)	100304	cae2b931474a3b53
436	/GRAPHICS/GAME/LIVERY/explored.ptg;1	53262	31697	ok(zlib)	100304	b6cb14d0d80c8b9e
437	/GRAPHICS/GAME/LIVERY/f10056a.ptg;1	53278	30876	ok(zlib)	100304	6c5bf7c613abffb6
438	/GRAPHICS/GAME/LIVERY/f10056b.ptg;1	53294	30321	ok(zlib)	100304	46195549db364e9b
439	/GRAPHICS/GAME/LIVERY/f10056c.ptg;1	53309	29204	ok(zlib)	100304	53cb39cb2cc67f11
440	/GRAPHICS/GAME/LIVERY/f10056d.ptg;1	53324	30410	ok(zlib)	100304	0e448b9e86d8c60e
441	/GRAPHICS/GAME/LIVERY/f10065a.ptg;1	53339	25969	ok(zlib)	100304	c8e95fda5d4674fd
442	/GRAPHICS/GAME/LIVERY/f10065b.ptg;1	53352	25302	ok(zlib)	100304	1f429be62d37531c
443	/GRAPHICS/GAME/LIVERY/f10065c.ptg;1	53365	26970	ok(zlib)	100304	057feb5ca9c2b351
444	/GRAPHICS/GAME/LIVERY/f10065d.ptg;1	53379	26396	ok(zlib)	100304	b9a4e0d1d560344c
445	/GRAPHICS/GAME/LIVERY/f15004a.ptg;1	53392	28173	ok(zlib)	100304	06a2413830e008b2
446	/GRAPHICS/GAME/LIVERY/f15004b.ptg;1	53406	25169	ok(zlib)	100304	e18d35c0c4488c86
447	/GRAPHICS/GAME/LIVERY/f15004c.ptg;1	53419	29313	ok(zlib)	100304	3fa566069e8e50fb
448	/GRAPHICS/GAME/LIVERY/f15004d.ptg;1	53434	29899	ok(zlib)	100304	ace3873afab7384b
449	/GRAPHICS/GAME/LIVERY/f150a.ptg;1	53449	28634	ok(zlib)	100304	93241d2e010d4234
450	/GRAPHICS/GAME/LIVERY/f150b.ptg;1	53463	29018	ok(zlib)	100304	2ad7f7053b16bd44
451	/GRAPHICS/GAME/LIVERY/f150c.ptg;1	53478	26291	ok(zlib)	100304	3be2ccba7bab7157
452	/GRAPHICS/GAME/LIVERY/f150d.ptg;1	53491	27311	ok(zlib)	100304	c314083ca2677c36
453	/GRAPHICS/GAME/LIVERY/f350a.ptg;1	53505	24387	ok(zlib)	100304	5bd95f1b1a9440a8
454	/GRAPHICS/GAME/LIVERY/f350b.ptg;1	53517	28181	ok(zlib)	100304	3b4372ac3242b1fd
455	/GRAPHICS/GAME/LIVERY/f350c.ptg;1	53531	27844	ok(zlib)	100304	0de155787c8c8ceb
456	/GRAPHICS/GAME/LIVERY/f350d.ptg;1	53545	29575	ok(zlib)	100304	4d24114fc6942b31
457	/GRAPHICS/GAME/LIVERY/focsvta.ptg;1	53560	29025	ok(zlib)	100304	b1dff92035ab5c74
458	/GRAPHICS/GAME/LIVERY/focsvtb.ptg;1	53575	31746	ok(zlib)	100304	8ee0994d4bd2d0d2
459	/GRAPHICS/GAME/LIVERY/focsvtc.ptg;1	53591	33858	ok(zlib)	100304	d9d79bb1fc52b6e9
460	/GRAPHICS/GAME/LIVERY/focsvtd.ptg;1	53608	31562	ok(zlib)	100304	ea02973858363627
461	/GRAPHICS/GAME/LIVERY/focwrca.ptg;1	53624	37509	ok(zlib)	100304	1a15a99d18642d29
462	/GRAPHICS/GAME/LIVERY/focwrcd.ptg;1	53643	36838	ok(zlib)	100304	7d418e5e70471d76
463	/GRAPHICS/GAME/LIVERY/fordgta.ptg;1	53661	26737	ok(zlib)	100304	baf3507d4462f5a3
464	/GRAPHICS/GAME/LIVERY/fordgtb.ptg;1	53675	26384	ok(zlib)	100304	c4950d6d9a92f1ee
465	/GRAPHICS/GAME/LIVERY/fordgtc.ptg;1	53688	26121	ok(zlib)	100304	7f6b503d0aada1e8
466	/GRAPHICS/GAME/LIVERY/fordgtd.ptg;1	53701	26544	ok(zlib)	100304	1d7bd4f423edbb1c
467	/GRAPHICS/GAME/LIVERY/fortya.ptg;1	53714	25768	ok(zlib)	100304	39108aebafca45d8
468	/GRAPHICS/GAME/LIVERY/fortyb.ptg;1	53727	25378	ok(zlib)	100304	cf0f7afa27fa2f21
469	/GRAPHICS/GAME/LIVERY/fortyc.ptg;1	53740	25691	ok(zlib)	100304	d6be2e5457bd6c66
470	/GRAPHICS/GAME/LIVERY/fortyd.ptg;1	53753	23881	ok(zlib)	100304	aad5886ab9c14923
471	/GRAPHICS/GAME/LIVERY/fr200a.ptg;1	53765	32505	ok(zlib)	100304	5e5ea38652b4da1c
472	/GRAPHICS/GAME/LIVERY/fr200b.ptg;1	53781	35448	ok(zlib)	100304	6a6f48c4fb26e104
473	/GRAPHICS/GAME/LIVERY/fr200c.ptg;1	53799	36781	ok(zlib)	100304	28442d57819e68eb
474	/GRAPHICS/GAME/LIVERY/fr200d.ptg;1	53817	32499	ok(zlib)	100304	86d56ce8fc76f7b5
475	/GRAPHICS/GAME/LIVERY/fr500a.ptg;1	53833	27515	ok(zlib)	100304	6a59abb8fe45165d
476	/GRAPHICS/GAME/LIVERY/fr500b.ptg;1	53847	26638	ok(zlib)	100304	f5d84fabf2ce26cd
477	/GRAPHICS/GAME/LIVERY/fr500c.ptg;1	53861	29672	ok(zlib)	100304	4a93248e1c10aa3a
478	/GRAPHICS/GAME/LIVERY/fr500d.ptg;1	53876	29157	ok(zlib)	100304	3389394405ce6d73
479	/GRAPHICS/GAME/LIVERY/gt90a.ptg;1	53891	25964	ok(zlib)	100304	8f5f17359bb33c2e
480	/GRAPHICS/GAME/LIVERY/gt90b.ptg;1	53904	27536	ok(zlib)	100304	9cfd8c8d59916b68
481	/GRAPHICS/GAME/LIVERY/gt90c.ptg;1	53918	28522	ok(zlib)	100304	b5c106b6f344a8ab
482	/GRAPHICS/GAME/LIVERY/gt90d.ptg;1	53932	25951	ok(zlib)	100304	625fd89558d649e7
483	/GRAPHICS/GAME/LIVERY/indigoa.ptg;1	53945	22551	ok(zlib)	100304	f9688bc8e63e6960
484	/GRAPHICS/GAME/LIVERY/indigob.ptg;1	53957	22556	ok(zlib)	100304	bb975fd7a3a9c329
485	/GRAPHICS/GAME/LIVERY/indigoc.ptg;1	53969	22615	ok(zlib)	100304	fdda177aae85474c
486	/GRAPHICS/GAME/LIVERY/indigod.ptg;1	53981	23560	ok(zlib)	100304	87288a9d2cab680c
487	/GRAPHICS/GAME/LIVERY/lighta.ptg;1	53993	30007	ok(zlib)	100304	4c16a7f49c0ee216
488	/GRAPHICS/GAME/LIVERY/lightb.ptg;1	54008	32244	ok(zlib)	100304	df2f65335a51bf71
489	/GRAPHICS/GAME/LIVERY/lightc.ptg;1	54024	29615	ok(zlib)	100304	4ee3838fd8400fbf
490	/GRAPHICS/GAME/LIVERY/lightd.ptg;1	54039	32744	ok(zlib)	100304	43dc662bfb263018
491	/GRAPHICS/GAME/LIVERY/mach1ad.ptg;1	54055	23836	ok(zlib)	100304	80d8314c9f74f154
492	/GRAPHICS/GAME/LIVERY/mach1sd.ptg;1	54067	24522	ok(zlib)	100304	677c9b6dd1173a13
493	/GRAPHICS/GAME/LIVERY/mach3a.ptg;1	54079	27864	ok(zlib)	100304	d0d6d0a8c60711ec
494	/GRAPHICS/GAME/LIVERY/mach3b.ptg;1	54093	27036	ok(zlib)	100304	b52cd23c9aaf7539
495	/GRAPHICS/GAME/LIVERY/mach3c.ptg;1	54107	28964	ok(zlib)	100304	a90658c45161ff77
496	/GRAPHICS/GAME/LIVERY/mach3d.ptg;1	54122	27122	ok(zlib)	100304	3be06e2e9cd97caa
497	/GRAPHICS/GAME/LIVERY/must68a.ptg;1	54136	28098	ok(zlib)	100304	9fa03acc85d7d46f
498	/GRAPHICS/GAME/LIVERY/must68b.ptg;1	54150	28581	ok(zlib)	100304	eb73673f7b5bdaf3
499	/GRAPHICS/GAME/LIVERY/must68bd.ptg;1	54164	26947	ok(zlib)	100304	7a8c8b691b503c7c
500	/GRAPHICS/GAME/LIVERY/must68c.ptg;1	54178	28030	ok(zlib)	100304	7bce19d9da37a6b8
501	/GRAPHICS/GAME/LIVERY/must68d.ptg;1	54192	28703	ok(zlib)	100304	8cfeb07c07b39062
502	/GRAPHICS/GAME/LIVERY/mustcona.ptg;1	54207	28844	ok(zlib)	100304	0086243efef67a25
503	/GRAPHICS/GAME/LIVERY/mustconb.ptg;1	54222	28134	ok(zlib)	100304	6c083abbaa09341c
504	/GRAPHICS/GAME/LIVERY/mustconc.ptg;1	54236	26430	ok(zlib)	100304	ab1cb4b981b721f6
505	/GRAPHICS/GAME/LIVERY/mustcond.ptg;1	54249	28029	ok(zlib)	100304	7993c8597623641a
506	/GRAPHICS/GAME/LIVERY/powera.ptg;1	54263	32134	ok(zlib)	100304	c793307155723cbb
507	/GRAPHICS/GAME/LIVERY/powerb.ptg;1	54279	31822	ok(zlib)	100304	74a5e86007f62dd3
508	/GRAPHICS/GAME/LIVERY/powerc.ptg;1	54295	31707	ok(zlib)	100304	01ddebe370ecc598
509	/GRAPHICS/GAME/LIVERY/powerd.ptg;1	54311	31988	ok(zlib)	100304	6b53d06d7ea6d429
510	/GRAPHICS/GAME/LIVERY/tbird22a.ptg;1	54327	27742	ok(zlib)	100304	b931769f1b080c9b
511	/GRAPHICS/GAME/LIVERY/tbird22b.ptg;1	54341	28047	ok(zlib)	100304	74bc591043c8a9e9
512	/GRAPHICS/GAME/LIVERY/tbird22c.ptg;1	54355	24533	ok(zlib)	100304	9ba6b62719c43de1
513	/GRAPHICS/GAME/LIVERY/tbird22d.ptg;1	54367	26317	ok(zlib)	100304	410d2865e78bbf99
514	/GRAPHICS/GAME/LIVERY/tbirda.ptg;1	54380	25130	ok(zlib)	100304	ead468572134ba05
515	/GRAPHICS/GAME/LIVERY/tbirdb.ptg;1	54393	21983	ok(zlib)	100304	3eb4bb1c4de2760f
516	/GRAPHICS/GAME/LIVERY/tbirdc.ptg;1	54404	25987	ok(zlib)	100304	c786b44eb14a3f90
517	/GRAPHICS/GAME/LIVERY/tbirdd.ptg;1	54417	24757	ok(zlib)	100304	2bda646214885324
518	/GRAPHICS/GAME/LIVERY/tbirdmd.ptg;1	54430	29967	ok(zlib)	100304	b1c02d9fdbfb2141
519	/GRAPHICS/GAME/LIVERY/Thumbs.db;1	54445	195584	ok(raw)	195584	1f7d178b941eba01
520	/GRAPHICS/GAME/LIVERY/torinod.ptg;1	54541	26238	ok(zlib)	100304	128b83141b7d6a6e
521	/GRAPHICS/GAME/LIVERY/tsaa1.ptg;1	54554	30735	ok(zlib)	100304	72a5c7953923ec12
522	/GRAPHICS/GAME/LIVERY/tsaa2.ptg;1	54570	30965	ok(zlib)	100304	a3856ad2ad600c7e
523	/GRAPHICS/GAME/LIVERY/tsab1.ptg;1	54586	31243	ok(zlib)	100304	2dc457ef6ef12747
524	/GRAPHICS/GAME/LIVERY/tsab2.ptg;1	54602	31312	ok(zlib)	100304	be872a4d0e3b6210
525	/GRAPHICS/GAME/LIVERY/tsac1.ptg;1	54618	30679	ok(zlib)	100304	b61017cc74311733
526	/GRAPHICS/GAME/LIVERY/tsac2.ptg;1	54633	30637	ok(zlib)	100304	ec2d009be759f5c6
527	/GRAPHICS/GAME/LIVERY/tsad1.ptg;1	54648	31293	ok(zlib)	100304	7b022b3f7cac8875
528	/GRAPHICS/GAME/LIVERY/tsad2.ptg;1	54664	31313	ok(zlib)	100304	b26d67ffd6b22ab7
529	/GRAPHICS/GAME/LIVERY/tsba1.ptg;1	54680	30067	ok(zlib)	100304	c1bbadf4c351df45
530	/GRAPHICS/GAME/LIVERY/tsba2.ptg;1	54695	30187	ok(zlib)	100304	9ff9f01feaaff96d
531	/GRAPHICS/GAME/LIVERY/tsbb1.ptg;1	54710	29049	ok(zlib)	100304	940836a86214abea
532	/GRAPHICS/GAME/LIVERY/tsbb2.ptg;1	54725	29172	ok(zlib)	100304	91a6b7554e0b6322
533	/GRAPHICS/GAME/LIVERY/tsbc1.ptg;1	54740	29156	ok(zlib)	100304	a6ffe5532e035a3c
534	/GRAPHICS/GAME/LIVERY/tsbc2.ptg;1	54755	29145	ok(zlib)	100304	0f23d9891bc2fbb9
535	/GRAPHICS/GAME/LIVERY/tsbd1.ptg;1	54770	30720	ok(zlib)	100304	8653a0c3c826217e
536	/GRAPHICS/GAME/LIVERY/tsbd2.ptg;1	54785	30654	ok(zlib)	100304	e95dbd4fb722a6ff
537	/GRAPHICS/GAME/LIVERY/tsca1.ptg;1	54800	29357	ok(zlib)	100304	5c35a3225abc6d75
538	/GRAPHICS/GAME/LIVERY/tsca2.ptg;1	54815	29336	ok(zlib)	100304	b96ec3d550f6f599
539	/GRAPHICS/GAME/LIVERY/tscb1.ptg;1	54830	28853	ok(zlib)	100304	ca6837f46f7734fc
540	/GRAPHICS/GAME/LIVERY/tscb2.ptg;1	54845	29032	ok(zlib)	100304	d46a29bdab396b01
541	/GRAPHICS/GAME/LIVERY/tscc1.ptg;1	54860	28681	ok(zlib)	100304	fadfc09bbd6d0831
542	/GRAPHICS/GAME/LIVERY/tscc2.ptg;1	54875	28578	ok(zlib)	100304	04834b587e380529
543	/GRAPHICS/GAME/LIVERY/tscd1.ptg;1	54889	25727	ok(zlib)	100304	97f485de4c7b4568
544	/GRAPHICS/GAME/LIVERY/tscd2.ptg;1	54902	25677	ok(zlib)	100304	e68d8e9d616117ea
545	/GRAPHICS/GAME/LIVERY/tsda1.ptg;1	54915	29172	ok(zlib)	100304	1b69ecd4c1d6349d
546	/GRAPHICS/GAME/LIVERY/tsda2.ptg;1	54930	28929	ok(zlib)	100304	2f151db7abea6f8b
547	/GRAPHICS/GAME/LIVERY/tsdb1.ptg;1	54945	27846	ok(zlib)	100304	730f124f305d5f09
548	/GRAPHICS/GAME/LIVERY/tsdb2.ptg;1	54959	27982	ok(zlib)	100304	972b858e2b083b2c
549	/GRAPHICS/GAME/LIVERY/tsdc1.ptg;1	54973	28149	ok(zlib)	100304	8a3b90d4d6d34912
550	/GRAPHICS/GAME/LIVERY/tsdc2.ptg;1	54987	28131	ok(zlib)	100304	59d1924219ce3ffb
551	/GRAPHICS/GAME/LIVERY/tsdd1.ptg;1	55001	26447	ok(zlib)	100304	fadf092680641897
552	/GRAPHICS/GAME/LIVERY/tsdd2.ptg;1	55014	26637	ok(zlib)	100304	7a173c29eb5b3fe3
553	/GRAPHICS/GAME/MATRIX/49coupea.ptg;1	55028	5891	ok(zlib)	7744	1400946addaa2838
554	/GRAPHICS/GAME/MATRIX/49coupeb.ptg;1	55031	5777	ok(zlib)	7744	64158125d1e326b5
555	/GRAPHICS/GAME/MATRIX/49coupec.ptg;1	55034	6016	ok(zlib)	7744	80976ce745cce9b4
556	/GRAPHICS/GAME/MATRIX/49couped.ptg;1	55037	5905	ok(zlib)	7744	198aa3c3d4940cb0
557	/GRAPHICS/GAME/MATRIX/49movied.ptg;1	55040	5885	ok(zlib)	7744	e5527040745d28a1
558	/GRAPHICS/GAME/MATRIX/cobraa.ptg;1	55043	5925	ok(zlib)	7744	9b9d5e210ba36a47
559	/GRAPHICS/GAME/MATRIX/cobrab.ptg;1	55046	5838	ok(zlib)	7744	318d345ee05dc035
560	/GRAPHICS/GAME/MATRIX/cobrac.ptg;1	55049	5832	ok(zlib)	7744	46e5dda52cb40f2d
561	/GRAPHICS/GAME/MATRIX/cobrad.ptg;1	55052	5803	ok(zlib)	7744	1a1914a3712bd714
562	/GRAPHICS/GAME/MATRIX/crownva.ptg;1	55055	5805	ok(zlib)	7744	59b77695364e96cd
563	/GRAPHICS/GAME/MATRIX/crownvb.ptg;1	55058	5776	ok(zlib)	7744	c96e73ab45329057
564	/GRAPHICS/GAME/MATRIX/crownvc.ptg;1	55061	5727	ok(zlib)	7744	6a89204630f3fd8e
565	/GRAPHICS/GAME/MATRIX/crownvd.ptg;1	55064	5729	ok(zlib)	7744	74b40439de504916
566	/GRAPHICS/GAME/MATRIX/exa.ptg;1	55067	5941	ok(zlib)	7744	9c75149d25302ae9
567	/GRAPHICS/GAME/MATRIX/exb.ptg;1	55070	5965	ok(zlib)	7744	f855b67a6c11c549
568	/GRAPHICS/GAME/MATRIX/exc.ptg;1	55073	5882	ok(zlib)	7744	d89867a75d0ef32c
569	/GRAPHICS/GAME/MATRIX/exd.ptg;1	55076	5958	ok(zlib)	7744	f0bd0803bd7085ab
570	/GRAPHICS/GAME/MATRIX/explorea.ptg;1	55079	5694	ok(zlib)	7744	ffd915c711308fe3
571	/GRAPHICS/GAME/MATRIX/exploreb.ptg;1	55082	5777	ok(zlib)	7744	44caf6b53c8e1fd2
572	/GRAPHICS/GAME/MATRIX/explorec.ptg;1	55085	5927	ok(zlib)	7744	1457455a0215de39
573	/GRAPHICS/GAME/MATRIX/explored.ptg;1	55088	5817	ok(zlib)	7744	29e83fd0f2df0038
574	/GRAPHICS/GAME/MATRIX/f10056a.ptg;1	55091	5891	ok(zlib)	7744	c96cfbaad8d40c74
575	/GRAPHICS/GAME/MATRIX/f10056b.ptg;1	55094	5799	ok(zlib)	7744	8d6fcb5d2afe0e1c
576	/GRAPHICS/GAME/MATRIX/f10056c.ptg;1	55097	5835	ok(zlib)	7744	26bd464343682b21
577	/GRAPHICS/GAME/MATRIX/f10056d.ptg;1	55100	5816	ok(zlib)	7744	e79626c22f56159a
578	/GRAPHICS/GAME/MATRIX/f10065a.ptg;1	55103	5800	ok(zlib)	7744	f4d4a15773da8f34
579	/GRAPHICS/GAME/MATRIX/f10065b.ptg;1	55106	5817	ok(zlib)	7744	90c384574b7a80ed
580	/GRAPHICS/GAME/MATRIX/f10065c.ptg;1	55109	5857	ok(zlib)	7744	1cf2cd433f52d397
581	/GRAPHICS/GAME/MATRIX/f10065d.ptg;1	55112	5776	ok(zlib)	7744	e7b0c586e68fb821
582	/GRAPHICS/GAME/MATRIX/f15004a.ptg;1	55115	5812	ok(zlib)	7744	dccf1a7b524835f9
583	/GRAPHICS/GAME/MATRIX/f15004b.ptg;1	55118	5776	ok(zlib)	7744	ab5a4f4d200064fc
584	/GRAPHICS/GAME/MATRIX/f15004c.ptg;1	55121	5863	ok(zlib)	7744	28cd2da2f54b63c8
585	/GRAPHICS/GAME/MATRIX/f15004d.ptg;1	55124	5799	ok(zlib)	7744	b666dfbabc7b372c
586	/GRAPHICS/GAME/MATRIX/f150a.ptg;1	55127	5940	ok(zlib)	7744	cc3be9f453276feb
587	/GRAPHICS/GAME/MATRIX/f150b.ptg;1	55130	5840	ok(zlib)	7744	691d9ad616bf24b7
588	/GRAPHICS/GAME/MATRIX/f150c.ptg;1	55133	5775	ok(zlib)	7744	ee82f1806862abbd
589	/GRAPHICS/GAME/MATRIX/f150d.ptg;1	55136	5798	ok(zlib)	7744	66a084d35fc28f75
590	/GRAPHICS/GAME/MATRIX/f350a.ptg;1	55139	5378	ok(zlib)	7744	46f9529694fc364f
591	/GRAPHICS/GAME/MATRIX/f350b.ptg;1	55142	5617	ok(zlib)	7744	d5b68577b2cf08a5
592	/GRAPHICS/GAME/MATRIX/f350c.ptg;1	55145	5657	ok(zlib)	7744	e13cb282cd9b7e71
593	/GRAPHICS/GAME/MATRIX/f350d.ptg;1	55148	5592	ok(zlib)	7744	943b6ca2a1c99ea7
594	/GRAPHICS/GAME/MATRIX/focsvta.ptg;1	55151	5864	ok(zlib)	7744	2a35d5a82d268fd5
595	/GRAPHICS/GAME/MATRIX/focsvtb.ptg;1	55154	5715	ok(zlib)	7744	bbcd5211c7456966
596	/GRAPHICS/GAME/MATRIX/focsvtc.ptg;1	55157	5795	ok(zlib)	7744	f9df5ea4f92a6ffb
597	/GRAPHICS/GAME/MATRIX/focsvtd.ptg;1	55160	5864	ok(zlib)	7744	b35118eb8dae1e4e
598	/GRAPHICS/GAME/MATRIX/focwrca.ptg;1	55163	5882	ok(zlib)	7744	1c9643a319230859
599	/GRAPHICS/GAME/MATRIX/focwrcd.ptg;1	55166	5947	ok(zlib)	7744	87698595d26209fb
600	/GRAPHICS/GAME/MATRIX/fordgta.ptg;1	55169	5920	ok(zlib)	7744	d7c26244299ea104
601	/GRAPHICS/GAME/MATRIX/fordgtb.ptg;1	55172	5777	ok(zlib)	7744	a1e47ea18f4a2f0b
602	/GRAPHICS/GAME/MATRIX/fordgtc.ptg;1	55175	5922	ok(zlib)	7744	e4204e9bd4e9732a
603	/GRAPHICS/GAME/MATRIX/fordgtd.ptg;1	55178	5885	ok(zlib)	7744	141eca5533193fad
604	/GRAPHICS/GAME/MATRIX/fortya.ptg;1	55181	5907	ok(zlib)	7744	3fd622f621f2dfee
605	/GRAPHICS/GAME/MATRIX/fortyb.ptg;1	55184	5691	ok(zlib)	7744	53bbfca609429382
606	/GRAPHICS/GAME/MATRIX/fortyc.ptg;1	55187	5819	ok(zlib)	7744	47b4621f479e490a
607	/GRAPHICS/GAME/MATRIX/fortyd.ptg;1	55190	5824	ok(zlib)	7744	b38dd0f5dd789d8b
608	/GRAPHICS/GAME/MATRIX/fr200a.ptg;1	55193	5276	ok(zlib)	7744	9c42d99bc3bf290f
609	/GRAPHICS/GAME/MATRIX/fr200b.ptg;1	55196	5429	ok(zlib)	7744	e3f437a6c57862a5
610	/GRAPHICS/GAME/MATRIX/fr200c.ptg;1	55199	5756	ok(zlib)	7744	8b1c1d6ce4015859
611	/GRAPHICS/GAME/MATRIX/fr200d.ptg;1	55202	5850	ok(zlib)	7744	e1da5596ac77b8bc
612	/GRAPHICS/GAME/MATRIX/fr500a.ptg;1	55205	5702	ok(zlib)	7744	9a4d83b5f5c91ff2
613	/GRAPHICS/GAME/MATRIX/fr500b.ptg;1	55208	5910	ok(zlib)	7744	0a3ec4b62fca247a
614	/GRAPHICS/GAME/MATRIX/fr500c.ptg;1	55211	5753	ok(zlib)	7744	47917b195a3a0cc0
615	/GRAPHICS/GAME/MATRIX/fr500d.ptg;1	55214	5917	ok(zlib)	7744	98f5abc84e83cdd2
616	/GRAPHICS/GAME/MATRIX/gt90a.ptg;1	55217	5626	ok(zlib)	7744	807c3152861bb7cf
617	/GRAPHICS/GAME/MATRIX/gt90b.ptg;1	55220	5826	ok(zlib)	7744	01c38537085149b0
618	/GRAPHICS/GAME/MATRIX/gt90c.ptg;1	55223	5934	ok(zlib)	7744	97625ea0949d39db
619	/GRAPHICS/GAME/MATRIX/gt90d.ptg;1	55226	5930	ok(zlib)	7744	d40edf0fda63ec11
620	/GRAPHICS/GAME/MATRIX/indigoa.ptg;1	55229	5784	ok(zlib)	7744	c554659506ac3dc8
621	/GRAPHICS/GAME/MATRIX/indigob.ptg;1	55232	5779	ok(zlib)	7744	4753b75c029b7c18
622	/GRAPHICS/GAME/MATRIX/indigoc.ptg;1	55235	5803	ok(zlib)	7744	5841a2faf5e62395
623	/GRAPHICS/GAME/MATRIX/indigod.ptg;1	55238	5863	ok(zlib)	7744	e8481775452eccfe
624	/GRAPHICS/GAME/MATRIX/lighta.ptg;1	55241	6057	ok(zlib)	7744	7ff4d495e3f55b01
625	/GRAPHICS/GAME/MATRIX/lightb.ptg;1	55244	5904	ok(zlib)	7744	3acf45662a07301a
626	/GRAPHICS/GAME/MATRIX/lightc.ptg;1	55247	5890	ok(zlib)	7744	828ceea21144b32a
627	/GRAPHICS/GAME/MATRIX/lightd.ptg;1	55250	5630	ok(zlib)	7744	3d5efcb5faa5280e
628	/GRAPHICS/GAME/MATRIX/mach1ad.ptg;1	55253	5743	ok(zlib)	7744	19f5ad432f60ab16
629	/GRAPHICS/GAME/MATRIX/mach1sd.ptg;1	55256	5768	ok(zlib)	7744	dcb1ffc339babdc1
630	/GRAPHICS/GAME/MATRIX/mach3a.ptg;1	55259	5913	ok(zlib)	7744	008586d5f32213b4
631	/GRAPHICS/GAME/MATRIX/mach3b.ptg;1	55262	5892	ok(zlib)	7744	c916b6b0c44eb76b
632	/GRAPHICS/GAME/MATRIX/mach3c.ptg;1	55265	5937	ok(zlib)	7744	7e9fac81ea212f72
633	/GRAPHICS/GAME/MATRIX/mach3d.ptg;1	55268	5934	ok(zlib)	7744	56774961a8ec58d3
634	/GRAPHICS/GAME/MATRIX/must68a.ptg;1	55271	5872	ok(zlib)	7744	f459e5ff8f5902b3
635	/GRAPHICS/GAME/MATRIX/must68b.ptg;1	55274	5849	ok(zlib)	7744	9fd238f1512bcb27
636	/GRAPHICS/GAME/MATRIX/must68bd.ptg;1	55277	5989	ok(zlib)	7744	474321a0027d3d4c
637	/GRAPHICS/GAME/MATRIX/must68c.ptg;1	55280	5959	ok(zlib)	7744	f548f4393549e695
638	/GRAPHICS/GAME/MATRIX/must68d.ptg;1	55283	5978	ok(zlib)	7744	01b6898ca5d38a2a
639	/GRAPHICS/GAME/MATRIX/mustcona.ptg;1	55286	5908	ok(zlib)	7744	9174a1b9aaf4fb1c
640	/GRAPHICS/GAME/MATRIX/mustconb.ptg;1	55289	5920	ok(zlib)	7744	7eaca6470c151bfd
641	/GRAPHICS/GAME/MATRIX/mustconc.ptg;1	55292	6023	ok(zlib)	7744	16c18df89a3df159
642	/GRAPHICS/GAME/MATRIX/mustcond.ptg;1	55295	6053	ok(zlib)	7744	35004d936286e33d
643	/GRAPHICS/GAME/MATRIX/powera.ptg;1	55298	5952	ok(zlib)	7744	e3c9144a4faffde3
644	/GRAPHICS/GAME/MATRIX/powerb.ptg;1	55301	5908	ok(zlib)	7744	14b0f18cda881762
645	/GRAPHICS/GAME/MATRIX/powerc.ptg;1	55304	5887	ok(zlib)	7744	ef597cf37c75763f
646	/GRAPHICS/GAME/MATRIX/powerd.ptg;1	55307	5871	ok(zlib)	7744	96ddb0488203c79e
647	/GRAPHICS/GAME/MATRIX/tbird22a.ptg;1	55310	5842	ok(zlib)	7744	4103965c4eb68596
648	/GRAPHICS/GAME/MATRIX/tbird22b.ptg;1	55313	5943	ok(zlib)	7744	534024db08fb3e44
649	/GRAPHICS/GAME/MATRIX/tbird22c.ptg;1	55316	5875	ok(zlib)	7744	8355f31de9738a92
650	/GRAPHICS/GAME/MATRIX/tbird22d.ptg;1	55319	6084	ok(zlib)	7744	694760063b0f445c
651	/GRAPHICS/GAME/MATRIX/tbirda.ptg;1	55322	5939	ok(zlib)	7744	4e1f72dc7c79f843
652	/GRAPHICS/GAME/MATRIX/tbirdb.ptg;1	55325	5701	ok(zlib)	7744	69f6b85bff6f5816
653	/GRAPHICS/GAME/MATRIX/tbirdc.ptg;1	55328	5840	ok(zlib)	7744	e97e23400c28a43a
654	/GRAPHICS/GAME/MATRIX/tbirdd.ptg;1	55331	5797	ok(zlib)	7744	f32a3402fcbca8f1
655	/GRAPHICS/GAME/MATRIX/tbirdmd.ptg;1	55334	5777	ok(zlib)	7744	0c00c733cf947d81
656	/GRAPHICS/GAME/MATRIX/Thumbs.db;1	55337	498012	ok(raw)	498012	05c8da0df156a637
657	/GRAPHICS/GAME/MATRIX/torinod.ptg;1	55581	5692	ok(zlib)	7744	01702d7549507a83
658	/GRAPHICS/GAME/MATRIX/tsaa1.ptg;1	55584	5397	ok(zlib)	7744	1ac6e3f982933eba
659	/GRAPHICS/GAME/MATRIX/tsaa2.ptg;1	55587	5324	ok(zlib)	7744	3684c8c1e5de7f9d
660	/GRAPHICS/GAME/MATRIX/tsab1.ptg;1	55590	5613	ok(zlib)	7744	5543759d5580a57e
661	/GRAPHICS/GAME/MATRIX/tsab2.ptg;1	55593	5453	ok(zlib)	7744	39f5d1435230df8f
662	/GRAPHICS/GAME/MATRIX/tsac1.ptg;1	55596	5832	ok(zlib)	7744	a37fc1a35032dccb
663	/GRAPHICS/GAME/MATRIX/tsac2.ptg;1	55599	5839	ok(zlib)	7744	1b5d0c077e073e85
664	/GRAPHICS/GAME/MATRIX/tsad1.ptg;1	55602	5891	ok(zlib)	7744	db80c3214a652c12
665	/GRAPHICS/GAME/MATRIX/tsad2.ptg;1	55605	5855	ok(zlib)	7744	a3565455de35f4e9
666	/GRAPHICS/GAME/MATRIX/tsba1.ptg;1	55608	5877	ok(zlib)	7744	f8684998843972d3
667	/GRAPHICS/GAME/MATRIX/tsba2.ptg;1	55611	5856	ok(zlib)	7744	6bfefb7d5a4611f5
668	/GRAPHICS/GAME/MATRIX/tsbb1.ptg;1	55614	5458	ok(zlib)	7744	819e421997d71bdf
669	/GRAPHICS/GAME/MATRIX/tsbb2.ptg;1	55617	5415	ok(zlib)	7744	cf9ab7f782a11699
670	/GRAPHICS/GAME/MATRIX/tsbc1.ptg;1	55620	5814	ok(zlib)	7744	e7ad1aab70f289a0
671	/GRAPHICS/GAME/MATRIX/tsbc2.ptg;1	55623	5825	ok(zlib)	7744	98a6387f27bb3f0f
672	/GRAPHICS/GAME/MATRIX/tsbd1.ptg;1	55626	5883	ok(zlib)	7744	282900dd32bd8ce3
673	/GRAPHICS/GAME/MATRIX/tsbd2.ptg;1	55629	5895	ok(zlib)	7744	17217f65b229ac48
674	/GRAPHICS/GAME/MATRIX/tsca1.ptg;1	55632	5456	ok(zlib)	7744	d53ba478fe204064
675	/GRAPHICS/GAME/MATRIX/tsca2.ptg;1	55635	5436	ok(zlib)	7744	d63d640fb1e2f416
676	/GRAPHICS/GAME/MATRIX/tscb1.ptg;1	55638	5864	ok(zlib)	7744	0760d2e1f802167f
677	/GRAPHICS/GAME/MATRIX/tscb2.ptg;1	55641	5907	ok(zlib)	7744	b775680bf7c4c1a2
678	/GRAPHICS/GAME/MATRIX/tscc1.ptg;1	55644	5830	ok(zlib)	7744	9c84e8ab12ec8835
679	/GRAPHICS/GAME/MATRIX/tscc2.ptg;1	55647	5835	ok(zlib)	7744	883bd521d8de48fd
680	/GRAPHICS/GAME/MATRIX/tscd1.ptg;1	55650	5878	ok(zlib)	7744	5389b3b582e1b5e6
681	/GRAPHICS/GAME/MATRIX/tscd2.ptg;1	55653	5879	ok(zlib)	7744	e43ea685fafe19d8
682	/GRAPHICS/GAME/MATRIX/tsda1.ptg;1	55656	5439	ok(zlib)	7744	248568d122302e3e
683	/GRAPHICS/GAME/MATRIX/tsda2.ptg;1	55659	5408	ok(zlib)	7744	97cf6fec29d16c47
684	/GRAPHICS/GAME/MATRIX/tsdb1.ptg;1	55662	5961	ok(zlib)	7744	b2feee6bea4082d4
685	/GRAPHICS/GAME/MATRIX/tsdb2.ptg;1	55665	5926	ok(zlib)	7744	6e62b5535503ae11
686	/GRAPHICS/GAME/MATRIX/tsdc1.ptg;1	55668	5427	ok(zlib)	7744	21d729a37b5eb7d8
687	/GRAPHICS/GAME/MATRIX/tsdc2.ptg;1	55671	5398	ok(zlib)	7744	3e49807c9041afe3
688	/GRAPHICS/GAME/MATRIX/tsdd1.ptg;1	55674	5863	ok(zlib)	7744	51aac27c81c3f039
689	/GRAPHICS/GAME/MATRIX/tsdd2.ptg;1	55677	5879	ok(zlib)	7744	1226767a23796af9
690	/GRAPHICS/GAME/MODEICON/catch.ptg;1	55680	1859	ok(zlib)	11056	d0dbea390380427a
691	/GRAPHICS/GAME/MODEICON/eliminat.ptg;1	55681	1617	ok(zlib)	11056	e3e0399215aa0dc9
692	/GRAPHICS/GAME/MODEICON/Modeglow.ptg;1	55682	2041	ok(zlib)	18784	7fa7f25e933a2046
693	/GRAPHICS/GAME/MODEICON/raceline.ptg;1	55683	1316	ok(zlib)	11056	d1c245eb1228bab7
694	/GRAPHICS/GAME/MODEICON/racing.ptg;1	55684	1041	ok(zlib)	11056	42255299cdc8fb78
695	/GRAPHICS/GAME/MODEICON/skills.ptg;1	55685	1975	ok(zlib)	11056	a89086293600dcfa
696	/GRAPHICS/GAME/MODEICON/smash.ptg;1	55686	1600	ok(zlib)	11056	b57c5dd7dd67b36c
697	/GRAPHICS/GAME/MODEICON/timeatta.ptg;1	55687	1853	ok(zlib)	11056	1fde2dd556f97984
698	/GRAPHICS/GAME/MODEICON/versus.ptg;1	55688	1521	ok(zlib)	11056	2069d951c588af5a
699	/GRAPHICS/GAME/OPTIONS/kph.ptg;1	55689	496	ok(zlib)	3328	e359bf5c29c2c8a2
700	/GRAPHICS/GAME/OPTIONS/mono.ptg;1	55690	415	ok(zlib)	3328	0845de608f55f5d2
701	/GRAPHICS/GAME/OPTIONS/mph.ptg;1	55691	441	ok(zlib)	3328	89a438e11bb3bcc0
702	/GRAPHICS/GAME/OPTIONS/no.ptg;1	55692	424	ok(zlib)	3328	6b7aace8c8ab27a9
703	/GRAPHICS/GAME/OPTIONS/scrnorm.ptg;1	55693	447	ok(zlib)	3328	ed83dd5ee2b7db84
704	/GRAPHICS/GAME/OPTIONS/scrwide.ptg;1	55694	460	ok(zlib)	3328	52955c7ef34710e9
705	/GRAPHICS/GAME/OPTIONS/stereo.ptg;1	55695	497	ok(zlib)	3328	7454a1a27ba2433d
706	/GRAPHICS/GAME/OPTIONS/volbar.ptg;1	55696	444	ok(zlib)	5536	803b1af8b1fa7a0e
707	/GRAPHICS/GAME/OPTIONS/volslide.ptg;1	55697	191	ok(zlib)	2128	ed5d85cd7f970120
708	/GRAPHICS/GAME/OPTIONS/vwcar.ptg;1	55698	463	ok(zlib)	3328	eeab48c5d5e56732
709	/GRAPHICS/GAME/OPTIONS/vwcock.ptg;1	55699	495	ok(zlib)	3328	7194f7864ab675f6
710	/GRAPHICS/GAME/OPTIONS/yes.ptg;1	55700	431	ok(zlib)	3328	efaec22ab236baaf
711	/GRAPHICS/GAME/PS/circle.ptg;1	55701	1054	ok(zlib)	8432	29ad4717318b3cd3
712	/GRAPHICS/GAME/PS/cross.ptg;1	55702	1017	ok(zlib)	8432	16f5c3972d70f491
713	/GRAPHICS/GAME/PS/dpadx.ptg;1	55703	1015	ok(zlib)	8432	ec62d973545ce463
714	/GRAPHICS/GAME/PS/l1.ptg;1	55704	683	ok(zlib)	8432	c7d97c92e516e8fe
715	/GRAPHICS/GAME/PS/l2.ptg;1	55705	774	ok(zlib)	8432	78eef24c17d9034b
716	/GRAPHICS/GAME/PS/lstkdn.ptg;1	55706	1850	ok(zlib)	8432	cfd76e1cbfd76f2a
717	/GRAPHICS/GAME/PS/lstkup.ptg;1	55707	1830	ok(zlib)	8432	bf7e2c2380dc4f9b
718	/GRAPHICS/GAME/PS/lstkx.ptg;1	55708	2024	ok(zlib)	8432	1b02f5353f9c3470
719	/GRAPHICS/GAME/PS/r1.ptg;1	55709	757	ok(zlib)	8432	1122bc5ab38445d3
720	/GRAPHICS/GAME/PS/r2.ptg;1	55710	839	ok(zlib)	8432	d6f6a7098f3792d6
721	/GRAPHICS/GAME/PS/rstkdn.ptg;1	55711	1835	ok(zlib)	8432	92fe1d327cf25723
722	/GRAPHICS/GAME/PS/rstkup.ptg;1	55712	1835	ok(zlib)	8432	743efa26429e5696
723	/GRAPHICS/GAME/PS/rstkx.ptg;1	55713	2017	ok(zlib)	8432	33c39c7c3c739902
724	/GRAPHICS/GAME/PS/select.ptg;1	55714	788	ok(zlib)	8432	6abf3220cea8c44c
725	/GRAPHICS/GAME/PS/square.ptg;1	55715	941	ok(zlib)	8432	9a7d43bcf02b0b60
726	/GRAPHICS/GAME/PS/start.ptg;1	55716	1423	ok(zlib)	8432	86eedb08c0199f8d
727	/GRAPHICS/GAME/PS/triangle.ptg;1	55717	1050	ok(zlib)	8432	6e332962ac1a7921
728	/GRAPHICS/GAME/TRACKS/Bay_A.ptg;1	55718	17907	ok(zlib)	27616	fbd3bb70d60ae2c7
729	/GRAPHICS/GAME/TRACKS/Bay_B.ptg;1	55727	16013	ok(zlib)	27616	07017462adce02b7
730	/GRAPHICS/GAME/TRACKS/Bay_C.ptg;1	55735	15047	ok(zlib)	27616	f8a31b34af189b60
731	/GRAPHICS/GAME/TRACKS/Desert_A.ptg;1	55743	17390	ok(zlib)	27616	d6790b1059f781f2
732	/GRAPHICS/GAME/TRACKS/Desert_B.ptg;1	55752	17361	ok(zlib)	27616	6dc841ac6a3f8fd3
733	/GRAPHICS/GAME/TRACKS/Desert_C.ptg;1	55761	17892	ok(zlib)	27616	710c7cb639d2b296
734	/GRAPHICS/GAME/TRACKS/Flor_A.ptg;1	55770	16678	ok(zlib)	27616	11241fb26ae906c4
735	/GRAPHICS/GAME/TRACKS/Flor_B.ptg;1	55779	15738	ok(zlib)	27616	b23e24999054a24f
736	/GRAPHICS/GAME/TRACKS/Flor_C.ptg;1	55787	15082	ok(zlib)	27616	566f95094ca59941
737	/GRAPHICS/GAME/TRACKS/Jungle_A.ptg;1	55795	18234	ok(zlib)	27616	7ca0714c1104cc1d
738	/GRAPHICS/GAME/TRACKS/Jungle_B.ptg;1	55804	17410	ok(zlib)	27616	30308cc32a51aef5
739	/GRAPHICS/GAME/TRACKS/Jungle_C.ptg;1	55813	16851	ok(zlib)	27616	deaf195bb999b05d
740	/GRAPHICS/GAME/TRACKS/Oval_A.ptg;1	55822	15982	ok(zlib)	27616	84edaa2b8597824f
741	/GRAPHICS/GAME/TRACKS/Oval_B.ptg;1	55830	10632	ok(zlib)	27616	59e7bcd7ee350e25
742	/GRAPHICS/GAME/TRACKS/Spring_A.ptg;1	55836	16968	ok(zlib)	27616	97149fa3a19b26b1
743	/GRAPHICS/GAME/TRACKS/Spring_B.ptg;1	55845	17533	ok(zlib)	27616	06acb3ed5c8d77e7
744	/GRAPHICS/GAME/TRACKS2/bay_a.ptg;1	55854	80577	ok(zlib)	267344	4c6badeae5411fb1
745	/GRAPHICS/GAME/TRACKS2/bay_b.ptg;1	55894	92676	ok(zlib)	267344	74dd07cbfdac5543
746	/GRAPHICS/GAME/TRACKS2/bay_c.ptg;1	55940	69597	ok(zlib)	267344	bf641733ec62bf63
747	/GRAPHICS/GAME/TRACKS2/DESERT_A.ptg;1	55974	84578	ok(zlib)	267344	7f85ac2dcfa0a89e
748	/GRAPHICS/GAME/TRACKS2/Desert_B.ptg;1	56016	76598	ok(zlib)	267344	62f2f9a69a456013
749	/GRAPHICS/GAME/TRACKS2/Desert_C.ptg;1	56054	81998	ok(zlib)	267344	421887cdf06afd6f
750	/GRAPHICS/GAME/TRACKS2/flor_a.ptg;1	56095	75107	ok(zlib)	267344	f8607aa7cff6984f
751	/GRAPHICS/GAME/TRACKS2/Flor_B.ptg;1	56132	76776	ok(zlib)	267344	92f347e781c44828
752	/GRAPHICS/GAME/TRACKS2/flor_c.ptg;1	56170	74922	ok(zlib)	267344	aeb2c4fa78b68ab1
753	/GRAPHICS/GAME/TRACKS2/jungle_a.ptg;1	56207	79256	ok(zlib)	267344	ef928968188a6384
754	/GRAPHICS/GAME/TRACKS2/jungle_b.ptg;1	56246	79063	ok(zlib)	267344	7b681742c0b6988e
755	/GRAPHICS/GAME/TRACKS2/jungle_c.ptg;1	56285	75413	ok(zlib)	267344	ce82179939e143b7
756	/GRAPHICS/GAME/TRACKS2/oval_A.ptg;1	56322	75691	ok(zlib)	267344	2af10b58309daefe
757	/GRAPHICS/GAME/TRACKS2/oval_b.ptg;1	56359	68923	ok(zlib)	267344	4b52e1d957a5705d
758	/GRAPHICS/GAME/TRACKS2/spring_a.ptg;1	56393	74050	ok(zlib)	267344	49d04a41af8088c6
759	/GRAPHICS/GAME/TRACKS2/spring_b.ptg;1	56430	69706	ok(zlib)	267344	c73af375eac79ce1
760	/GRAPHICS/GAME/TROPHY/Amateur.ptg;1	56465	3844	ok(zlib)	7840	89ee0d7b9a159458
761	/GRAPHICS/GAME/TROPHY/Chall.ptg;1	56467	3728	ok(zlib)	7840	93d070dd75b2e966
762	/GRAPHICS/GAME/TROPHY/Collect.ptg;1	56469	3812	ok(zlib)	7840	b6d4d2f392c5ec8b
763	/GRAPHICS/GAME/TROPHY/Expert.ptg;1	56471	3803	ok(zlib)	7840	59c52cd10397d3f5
764	/GRAPHICS/GAME/TROPHY/fr2.ptg;1	56473	4422	ok(zlib)	7840	db232351d917293f
765	/GRAPHICS/GAME/TROPHY/Legend.ptg;1	56476	3796	ok(zlib)	7840	7c4720b9fe7ca80d
766	/GRAPHICS/GAME/TROPHY/Pro.ptg;1	56478	3815	ok(zlib)	7840	ef84d5f05c6741e3
767	/GRAPHICS/GAME/TROPHY/Rookie.ptg;1	56480	3821	ok(zlib)	7840	2f56c94519a0ccde
768	/GRAPHICS/GAME/TROPHY/SemiPro.ptg;1	56482	3829	ok(zlib)	7840	779a3cc75b8e7d83
769	/GRAPHICS/GAME/TROPHY2/Amateur.ptg;1	56484	62451	ok(zlib)	204704	7413f7ca5d87c23e
770	/GRAPHICS/GAME/TROPHY2/catch.ptg;1	56515	53004	ok(zlib)	204704	e0407b9ee12d06eb
771	/GRAPHICS/GAME/TROPHY2/Chall.ptg;1	56541	50894	ok(zlib)	204704	45c5be0c4f024d67
772	/GRAPHICS/GAME/TROPHY2/Collect.ptg;1	56566	57323	ok(zlib)	204704	7dfb6b743366a521
773	/GRAPHICS/GAME/TROPHY2/Concept.ptg;1	56594	67911	ok(zlib)	204704	361a14768d5f7ec7
774	/GRAPHICS/GAME/TROPHY2/Custom.ptg;1	56628	67622	ok(zlib)	204704	8c4beedefe60f81c
775	/GRAPHICS/GAME/TROPHY2/Eliminat.ptg;1	56662	52895	ok(zlib)	204704	e548737d9bcb01ee
776	/GRAPHICS/GAME/TROPHY2/Expert.ptg;1	56688	63030	ok(zlib)	204704	3a4a3a0ee69308d8
777	/GRAPHICS/GAME/TROPHY2/fr2.ptg;1	56719	114479	ok(zlib)	267344	8bc02fc2fb4da4a7
778	/GRAPHICS/GAME/TROPHY2/Legend.ptg;1	56775	64435	ok(zlib)	204704	7363216a05c37675
779	/GRAPHICS/GAME/TROPHY2/Living.ptg;1	56807	67567	ok(zlib)	204704	e0fe70c08bbc94c5
780	/GRAPHICS/GAME/TROPHY2/modeglow.ptg;1	56840	2029	ok(zlib)	18784	5b6f36711a874de7
781	/GRAPHICS/GAME/TROPHY2/Movie.ptg;1	56841	67553	ok(zlib)	204704	ffb503f5c952d537
782	/GRAPHICS/GAME/TROPHY2/OffRoad.ptg;1	56874	67608	ok(zlib)	204704	d959b63e63ee8fd2
783	/GRAPHICS/GAME/TROPHY2/Pro.ptg;1	56908	62577	ok(zlib)	204704	d104afa28d2ea5d1
784	/GRAPHICS/GAME/TROPHY2/RaceLine.ptg;1	56939	52716	ok(zlib)	204704	82f0905ef21e9ad4
785	/GRAPHICS/GAME/TROPHY2/Racing.ptg;1	56965	53154	ok(zlib)	204704	f8b59ef38083bf1a
786	/GRAPHICS/GAME/TROPHY2/Rookie.ptg;1	56991	61197	ok(zlib)	204704	e286c0da2667ac2b
787	/GRAPHICS/GAME/TROPHY2/SemiPro.ptg;1	57021	61602	ok(zlib)	204704	10dc8a0e86c8fe26
788	/GRAPHICS/GAME/TROPHY2/Skills.ptg;1	57052	53227	ok(zlib)	204704	c2daafc69329cb51
789	/GRAPHICS/GAME/TROPHY2/smash.ptg;1	57078	52776	ok(zlib)	204704	7e21fc5e1247ba73
790	/GRAPHICS/GAME/TROPHY2/Stock.ptg;1	57104	68796	ok(zlib)	204704	d737a6f2e010d034
791	/GRAPHICS/GAME/TROPHY2/Svt.ptg;1	57138	67757	ok(zlib)	204704	f6c3096efaa1fb8e
792	/GRAPHICS/GAME/TROPHY2/TimeAtta.ptg;1	57172	52770	ok(zlib)	204704	8c60a16296303af0
793	/GRAPHICS/GAME/TROPHY2/versus.ptg;1	57198	52753	ok(zlib)	204704	374c0d10ff35f325
794	/GRAPHICS/GAME/XB/a.ptg;1	57224	1777	ok(zlib)	4256	2d6626248db2969a
795	/GRAPHICS/GAME/XB/b.ptg;1	57225	1748	ok(zlib)	4256	5c19b4614b394d1b
796	/GRAPHICS/GAME/XB/back.ptg;1	57226	588	ok(zlib)	4256	1e509325e9fe0ab7
797	/GRAPHICS/GAME/XB/black.ptg;1	57227	1119	ok(zlib)	4256	0de69059c9973654
798	/GRAPHICS/GAME/XB/dpadx.ptg;1	57228	941	ok(zlib)	4256	bcbeec6f2c5b13a8
799	/GRAPHICS/GAME/XB/dpady.ptg;1	57229	925	ok(zlib)	4256	26318ed126f989a0
800	/GRAPHICS/GAME/XB/L.ptg;1	57230	357	ok(zlib)	4256	99054b8a3253c0d0
801	/GRAPHICS/GAME/XB/lstkdn.ptg;1	57231	1266	ok(zlib)	4256	60645ff97e9964ef
802	/GRAPHICS/GAME/XB/lstkup.ptg;1	57232	1282	ok(zlib)	4256	89e41194f768fd64
803	/GRAPHICS/GAME/XB/lstkx.ptg;1	57233	966	ok(zlib)	4256	c864a76af45f7a67
804	/GRAPHICS/GAME/XB/lstky.ptg;1	57234	976	ok(zlib)	4256	0829ec3522fc8e37
805	/GRAPHICS/GAME/XB/R.ptg;1	57235	446	ok(zlib)	4256	e6f95a39a5815fa6
806	/GRAPHICS/GAME/XB/rstkdn.ptg;1	57236	1226	ok(zlib)	4256	8a34180944492f3b
807	/GRAPHICS/GAME/XB/rstkup.ptg;1	57237	1245	ok(zlib)	4256	5e26ab81da323c79
808	/GRAPHICS/GAME/XB/rstkx.ptg;1	57238	1029	ok(zlib)	4256	e932e1c382d7e5d5
809	/GRAPHICS/GAME/XB/rstky.ptg;1	57239	979	ok(zlib)	4256	934a3bc14d4be67d
810	/GRAPHICS/GAME/XB/select.ptg;1	57240	588	ok(zlib)	4256	f8027b29be3f8c6f
811	/GRAPHICS/GAME/XB/start.ptg;1	57241	704	ok(zlib)	10016	750feceaf24b098e
812	/GRAPHICS/GAME/XB/white.ptg;1	57242	1452	ok(zlib)	4256	471702a82e0bb1c7
813	/GRAPHICS/GAME/XB/x.ptg;1	57243	1728	ok(zlib)	4256	76e591ab2eaaa6be
814	/GRAPHICS/GAME/XB/y.ptg;1	57244	1765	ok(zlib)	4256	15f7f22ae242039f
815	/GRAPHICS/INGAME/cheqflag.ptg;1	57245	4821	ok(zlib)	167120	0266ba8e51de1c6f
816	/GRAPHICS/INGAME/mirror.ptg;1	57248	4433	ok(zlib)	33200	2b8eae044f0197b9
817	/GRAPHICS/INGAME/powerb.ptg;1	57251	506	ok(zlib)	6496	81e79ce2412829a8
818	/GRAPHICS/INGAME/powert.ptg;1	57252	500	ok(zlib)	6496	f8a1a68930fb5dc5
819	/GRAPHICS/INGAME/start0.ptg;1	57253	1761	ok(zlib)	66896	61207e3bc0b193f4
820	/GRAPHICS/INGAME/start1.ptg;1	57254	2496	ok(zlib)	66896	4dff7856a10278f7
821	/GRAPHICS/INGAME/start2.ptg;1	57256	2920	ok(zlib)	66896	8d877f8736bd852f
822	/GRAPHICS/INGAME/start3.ptg;1	57258	2647	ok(zlib)	66896	e1997b60624c2b03
823	/GRAPHICS/INGAME/turnrnd.ptg;1	57260	1255	ok(zlib)	37664	6905f2f538c39051
824	/GRAPHICS/LOADING/_loadbar.ptg;1	57261	253	ok(zlib)	7808	f555c39f6ca9f15e
825	/GRAPHICS/LOADING/DolbyPro.ptg;1	57262	16124	ok(zlib)	332320	79806c1f9540bc9f
826	/GRAPHICS/LOADING/freq.ptg;1	57270	196725	ok(zlib)	332320	bb3bac6ac19dff0d
827	/GRAPHICS/LOADING/gotham.ptg;1	57367	29935	ok(zlib)	332320	c934874e5c91f5b4
828	/GRAPHICS/LOADING/loadEU.ptg;1	57382	69132	ok(zlib)	332320	8795ac844e06ea3c
829	/GRAPHICS/LOADING/loadUS.ptg;1	57416	69714	ok(zlib)	332320	f96ccafaac052b46
830	/GRAPHICS/LOADING/LOGO_EMP.ptg;1	57451	13150	ok(zlib)	332320	1577d0a953d5fd2d
831	/GRAPHICS/LOADING/logo_rw.ptg;1	57458	16875	ok(zlib)	332320	956f648bf80c8a21
832	/GRAPHICS/LOADING/PCLEGLEU.ptg;1	57467	24095	ok(zlib)	332320	0e2da65f36f3039d
833	/GRAPHICS/LOADING/PCLEGLUS.ptg;1	57479	23933	ok(zlib)	332320	69b5ebd755631a61
834	/GRAPHICS/LOADING/pslegleu.ptg;1	57491	24773	ok(zlib)	332320	86af29533ab3dbf6
835	/GRAPHICS/LOADING/psleglus.ptg;1	57504	24767	ok(zlib)	310240	3b7e7ab4df154cc3
836	/GRAPHICS/LOADING/xblegleu.ptg;1	57517	24792	ok(zlib)	332320	3da72bec5703e822
837	/GRAPHICS/LOADING/xbleglus.ptg;1	57530	24774	ok(zlib)	332320	500bd68e1980fb93
838	/GRAPHICS/NUMBERS/70gear0.ptg;1	57543	642	ok(zlib)	2224	6fbf3add3bedb052
839	/GRAPHICS/NUMBERS/70gear1.ptg;1	57544	665	ok(zlib)	2224	28434ff4c67b5812
840	/GRAPHICS/NUMBERS/70gear2.ptg;1	57545	620	ok(zlib)	2224	61bccd258b1a578b
841	/GRAPHICS/NUMBERS/70gear3.ptg;1	57546	670	ok(zlib)	2224	384686d1d8eea4c3
842	/GRAPHICS/NUMBERS/70gear4.ptg;1	57547	676	ok(zlib)	2224	3a4e9392a59e79ca
843	/GRAPHICS/NUMBERS/70gear5.ptg;1	57548	649	ok(zlib)	2224	8a9d1ead447f1d32
844	/GRAPHICS/NUMBERS/70gear6.ptg;1	57549	661	ok(zlib)	2224	edda52ec6762220b
845	/GRAPHICS/NUMBERS/70gear7.ptg;1	57550	685	ok(zlib)	2224	2cd36294932d082a
846	/GRAPHICS/NUMBERS/gear0.ptg;1	57551	812	ok(zlib)	2224	bc883555c37a3cd5
847	/GRAPHICS/NUMBERS/gear1.ptg;1	57552	854	ok(zlib)	2224	69de2e9a0c522c85
848	/GRAPHICS/NUMBERS/gear2.ptg;1	57553	702	ok(zlib)	2224	0918d08257be5c6c
849	/GRAPHICS/NUMBERS/gear3.ptg;1	57554	745	ok(zlib)	2224	ae4d0d570cc18097
850	/GRAPHICS/NUMBERS/gear4.ptg;1	57555	756	ok(zlib)	2224	78345ddd4855dd34
851	/GRAPHICS/NUMBERS/gear5.ptg;1	57556	760	ok(zlib)	2224	10bac2c184e9495b
852	/GRAPHICS/NUMBERS/gear6.ptg;1	57557	736	ok(zlib)	2224	29f9127d241767d6
853	/GRAPHICS/NUMBERS/gear7.ptg;1	57558	800	ok(zlib)	2224	1030997b6efa7b9a
854	/GRAPHICS/SPEEDO/_bezel.ptg;1	57559	1097	ok(zlib)	4256	c32a24da30eafad2
855	/GRAPHICS/SPEEDO/_flat160.ptg;1	57560	36163	ok(zlib)	96128	67cbb1a47a9a79a2
856	/GRAPHICS/SPEEDO/_flat280.ptg;1	57578	35699	ok(zlib)	96128	f1f3525aa3d88cea
857	/GRAPHICS/SPEEDO/_old160.ptg;1	57596	71707	ok(zlib)	167120	aac6e59c34c34ade
858	/GRAPHICS/SPEEDO/_old280.ptg;1	57632	71515	ok(zlib)	167120	b83542a888202e7e
859	/GRAPHICS/SPEEDO/_oldbzl.ptg;1	57667	2541	ok(zlib)	4256	0a06cf899ea15ae7
860	/GRAPHICS/SPEEDO/_rvin10.ptg;1	57669	7803	ok(zlib)	125360	c9f5d29e5c41f2c4
861	/GRAPHICS/SPEEDO/_rvin14.ptg;1	57673	6930	ok(zlib)	125360	b7ce4478664a3f35
862	/GRAPHICS/SPEEDO/_rvin16.ptg;1	57677	7311	ok(zlib)	125360	8b2caccdef95e364
863	/GRAPHICS/SPEEDO/_rvin6.ptg;1	57681	6246	ok(zlib)	125360	9e81ac949f0c824e
864	/GRAPHICS/SPEEDO/_rvin7.ptg;1	57685	6670	ok(zlib)	125360	f564d4b3e7f958e1
865	/GRAPHICS/SPEEDO/_rvin8.ptg;1	57689	7070	ok(zlib)	125360	0e255f2a3d35e08f
866	/GRAPHICS/SPEEDO/_rvout10.ptg;1	57693	15679	ok(zlib)	150416	e4d2f87bde9b8ca6
867	/GRAPHICS/SPEEDO/_rvout14.ptg;1	57701	14359	ok(zlib)	150416	d1b790476405ae41
868	/GRAPHICS/SPEEDO/_rvout16.ptg;1	57709	15016	ok(zlib)	150416	f0377022cab4f528
869	/GRAPHICS/SPEEDO/_rvout6.ptg;1	57717	13357	ok(zlib)	150416	c2c40e80a6cda1a5
870	/GRAPHICS/SPEEDO/_rvout7.ptg;1	57724	13961	ok(zlib)	150416	878154a3ec19cc9f
871	/GRAPHICS/SPEEDO/_rvout8.ptg;1	57731	14557	ok(zlib)	150416	ea6c1e24352247b6
872	/GRAPHICS/SPEEDO/_spd160.ptg;1	57739	7682	ok(zlib)	125360	8736dfa7ebb6d3b0
873	/GRAPHICS/SPEEDO/_spd180.ptg;1	57743	8145	ok(zlib)	125360	f061dbf17a765548
874	/GRAPHICS/SPEEDO/_spd240.ptg;1	57747	6882	ok(zlib)	125360	39f15ff159f35dc5
875	/GRAPHICS/SPEEDO/_spd280.ptg;1	57751	7413	ok(zlib)	125360	dc393985e8be16dc
876	/GRAPHICS/SPEEDO/_spd400.ptg;1	57755	6482	ok(zlib)	125360	88483243e98fcc19
877	/GRAPHICS/SPEEDO/flatndle.ptg;1	57759	1052	ok(zlib)	2288	4ec7b4eb6f9ec1b8
878	/GRAPHICS/SPEEDO/modbox.ptg;1	57760	1748	ok(zlib)	14368	45b5f212579cfa0d
879	/GRAPHICS/SPEEDO/needle.ptg;1	57761	1076	ok(zlib)	5600	ca39231ab962e8ea
880	/ICONS/psiconeu.ico;1	57762	14546	ok(raw)	14546	475b2d71770f92c9
881	/ICONS/psiconus.ico;1	57770	14546	ok(raw)	14546	475b2d71770f92c9
882	/ICONS/XBICONEU.ICO;1	57778	4096	ok(raw)	4096	b6b2c8f65f3c15df
883	/ICONS/XBICONUS.ICO;1	57780	4096	ok(raw)	4096	b6b2c8f65f3c15df
884	/LANGUAGE/tlate_en.dat;1	57782	109940	ok(raw)	109940	e775977846041fa5
885	/LANGUAGE/tlate_fr.dat;1	57836	114250	ok(raw)	114250	9359e337ed549383
886	/LANGUAGE/tlate_gr.dat;1	57892	119512	ok(raw)	119512	9aecb3fee76f20f0
887	/LANGUAGE/tlate_it.dat;1	57951	116344	ok(raw)	116344	4bb5b3aa172c6dd0
888	/LANGUAGE/tlate_sp.dat;1	58008	116890	ok(raw)	116890	f56cb524aa436aa1
889	/LANGUAGE/tlate_us.dat;1	58066	109944	ok(raw)	109944	3ece9a1c94182d61
890	/SOUNDS/baya.msb;1	58120	199808	ok(raw)	199808	7fc507e588df00b4
891	/SOUNDS/baya.msh;1	58218	128	ok(raw)	128	f7a88fd6f32fae44
892	/SOUNDS/bayb.msb;1	58219	215200	ok(raw)	215200	ffc2260e05892290
893	/SOUNDS/bayb.msh;1	58325	128	ok(raw)	128	366f8014a974cdc6
894	/SOUNDS/bayc.msb;1	58326	293280	ok(raw)	293280	c921c9a4ad54f326
895	/SOUNDS/bayc.msh;1	58470	192	ok(raw)	192	8be33b6966d4d94c
896	/SOUNDS/car1_snd.msb;1	58471	87104	ok(raw)	87104	0f07b81ddb688e9c
897	/SOUNDS/car1_snd.msh;1	58514	128	ok(raw)	128	f124dcaadb78d36d
898	/SOUNDS/car2_snd.msb;1	58515	122720	ok(raw)	122720	7daf4f5af4ffc29d
899	/SOUNDS/car2_snd.msh;1	58575	128	ok(raw)	128	b602d0c0f1fb9855
900	/SOUNDS/car3_snd.msb;1	58576	132400	ok(raw)	132400	962f8ea08872d0bb
901	/SOUNDS/car3_snd.msh;1	58641	128	ok(raw)	128	cc1073773f288983
902	/SOUNDS/car4_snd.msb;1	58642	81152	ok(raw)	81152	921c4c0e70703b5a
903	/SOUNDS/car4_snd.msh;1	58682	128	ok(raw)	128	478e0e4bb42f6be0
904	/SOUNDS/car5_snd.msb;1	58683	128064	ok(raw)	128064	f7626b3a97f017fe
905	/SOUNDS/car5_snd.msh;1	58746	128	ok(raw)	128	8ba2c56f5d714f1b
906	/SOUNDS/car6_snd.msb;1	58747	96688	ok(raw)	96688	7ea4e5354f7a59e2
907	/SOUNDS/car6_snd.msh;1	58795	128	ok(raw)	128	89ef8a9a1566f107
908	/SOUNDS/car7_snd.msb;1	58796	137024	ok(raw)	137024	4c5f4dd8fc4383d6
909	/SOUNDS/car7_snd.msh;1	58863	128	ok(raw)	128	00042b99ab1b608e
910	/SOUNDS/car8_snd.msb;1	58864	82368	ok(raw)	82368	f1d9da24f985b808
911	/SOUNDS/car8_snd.msh;1	58905	128	ok(raw)	128	d025929b4b05ce71
912	/SOUNDS/car_gen.msb;1	58906	665328	ok(raw)	665328	3afc03877fb0e42e
913	/SOUNDS/car_gen.msh;1	59231	832	ok(raw)	832	427c6e9f6b9d9296
914	/SOUNDS/desa.msb;1	59232	276672	ok(raw)	276672	1e92acc4bf71a9be
915	/SOUNDS/desa.msh;1	59368	192	ok(raw)	192	eef0cd5f7f6a426f
916	/SOUNDS/desb.msb;1	59369	299360	ok(raw)	299360	85ce48ff10213504
917	/SOUNDS/desb.msh;1	59516	192	ok(raw)	192	481b8af6bd137aab
918	/SOUNDS/desc.msb;1	59517	267872	ok(raw)	267872	e874e95cc5ce401a
919	/SOUNDS/desc.msh;1	59648	128	ok(raw)	128	4238e3d7e105bcbd
920	/SOUNDS/flora.msb;1	59649	231504	ok(raw)	231504	aae26ee800b10ce3
921	/SOUNDS/flora.msh;1	59763	128	ok(raw)	128	9ffa8784c3604503
922	/SOUNDS/florb.msb;1	59764	391456	ok(raw)	391456	c4bd3bfd7a336179
923	/SOUNDS/florb.msh;1	59956	192	ok(raw)	192	baa34d97ae5d33de
924	/SOUNDS/florc.msb;1	59957	203536	ok(raw)	203536	b6397387f8f09dd9
925	/SOUNDS/florc.msh;1	60057	128	ok(raw)	128	d802432225db4264
926	/SOUNDS/junga.msb;1	60058	149568	ok(raw)	149568	78a8b0dbcd84e565
927	/SOUNDS/junga.msh;1	60132	128	ok(raw)	128	1c5ca6d353f81a38
928	/SOUNDS/jungb.msb;1	60133	280160	ok(raw)	280160	b8c50f85213b68d7
929	/SOUNDS/jungb.msh;1	60270	192	ok(raw)	192	b7a3eee12ef05dc7
930	/SOUNDS/jungc.msb;1	60271	274112	ok(raw)	274112	e35c3d6ca2ceb2a3
931	/SOUNDS/jungc.msh;1	60405	192	ok(raw)	192	7cd4b36577d46d2b
933	/SOUNDS/oval2.msb;1	60406	146352	ok(raw)	146352	0f68325217d67ee0
934	/SOUNDS/oval2.msh;1	60478	128	ok(raw)	128	79189d266f78f70e
935	/SOUNDS/oval3.msb;1	60479	244512	ok(raw)	244512	d6abb6b27456276a
936	/SOUNDS/oval3.msh;1	60599	128	ok(raw)	128	9d1859ebf9ab0e29
938	/SOUNDS/spring.msb;1	60600	125648	ok(raw)	125648	f28765c52830161c
939	/SOUNDS/spring.msh;1	60662	128	ok(raw)	128	86dd296ef0deb14a
940	/SOUNDS/spring2.msb;1	60663	125648	ok(raw)	125648	165fff2940757ba4
941	/SOUNDS/spring2.msh;1	60725	128	ok(raw)	128	b463952a6526e4ae
942	/SOUNDS/ui_snds.msb;1	60726	51600	ok(raw)	51600	502f225e17d9a55e
943	/SOUNDS/ui_snds.msh;1	60752	192	ok(raw)	192	1894d92c580a903b
944	/SOUNDS/MUSIC/frontend.mbf;1	60753	16	ok(raw)	16	be4d933faf4640ed
945	/SOUNDS/MUSIC/house.mbf;1	60754	140	ok(raw)	140	14d39ef771791d6c
946	/SOUNDS/MUSIC/house1.mib;1	60755	13893632	ok(raw)	13893632	71d2867f0abdf0f2
947	/SOUNDS/MUSIC/house1.mih;1	67539	64	ok(raw)	64	7fc4fe80ec6c97ac
948	/SOUNDS/MUSIC/house2.mib;1	67540	13303808	ok(raw)	13303808	78ef9a8cfa724cb8
949	/SOUNDS/MUSIC/house2.mih;1	74036	64	ok(raw)	64	12c50ecda59ff439
950	/SOUNDS/MUSIC/house4.mib;1	74037	13172736	ok(raw)	13172736	2e7fcd02a5bb752f
951	/SOUNDS/MUSIC/house4.mih;1	80469	64	ok(raw)	64	cbb0de4513e3dba0
952	/SOUNDS/MUSIC/house5.mib;1	80470	14024704	ok(raw)	14024704	e575578b51b99a09
953	/SOUNDS/MUSIC/house5.mih;1	87318	64	ok(raw)	64	d2db1723acf2754a
954	/SOUNDS/MUSIC/house6.mib;1	87319	14090240	ok(raw)	14090240	559a2e2eda686b13
955	/SOUNDS/MUSIC/house6.mih;1	94199	64	ok(raw)	64	c281dddbe7dabbd8
956	/SOUNDS/MUSIC/house7.mib;1	94200	13303808	ok(raw)	13303808	4efd122399f5cd53
957	/SOUNDS/MUSIC/house7.mih;1	100696	64	ok(raw)	64	e816864690a65d09
958	/SOUNDS/MUSIC/house8.mib;1	100697	14548992	ok(raw)	14548992	6da6441b4e84199d
959	/SOUNDS/MUSIC/house8.mih;1	107801	64	ok(raw)	64	f7797dbb516216e3
960	/SOUNDS/MUSIC/replay.mbf;1	107802	19	ok(raw)	19	c6b3299daefe5b57
961	/SOUNDS/MUSIC/rock.mbf;1	107803	57	ok(raw)	57	3b53973b952a1384
962	/SOUNDS/MUSIC/rock1.mib;1	107804	11599872	ok(raw)	11599872	f497315fc9db68ea
963	/SOUNDS/MUSIC/rock1.mih;1	113468	64	ok(raw)	64	a34a5e006fa0627c
964	/SOUNDS/MUSIC/rock2.mib;1	113469	7340032	ok(raw)	7340032	b67b3a8aa7cebfc0
965	/SOUNDS/MUSIC/rock2.mih;1	117053	64	ok(raw)	64	8395ee330f1e2a16
966	/SOUNDS/MUSIC/rock3.mib;1	117054	8716288	ok(raw)	8716288	d80f980cf299bd59
967	/SOUNDS/MUSIC/rock3.mih;1	121310	64	ok(raw)	64	df84811e9cb72049
968	/SOUNDS/MUSIC/seven.mbf;1	121311	198	ok(raw)	198	2a1c9aa3464ddb75
969	/SOUNDS/MUSIC/svnties1.mib;1	121312	7471104	ok(raw)	7471104	2fd97cb8d8c7a124
970	/SOUNDS/MUSIC/svnties1.mih;1	124960	64	ok(raw)	64	c69c6e72843cbe45
971	/SOUNDS/MUSIC/svnties2.mib;1	124961	7929856	ok(raw)	7929856	e929a35a1a43ee28
972	/SOUNDS/MUSIC/svnties2.mih;1	128833	64	ok(raw)	64	b148db35d00dfdf3
973	/SOUNDS/MUSIC/svnties3.mib;1	128834	7536640	ok(raw)	7536640	ad2d615dbcc3b122
974	/SOUNDS/MUSIC/svnties3.mih;1	132514	64	ok(raw)	64	a0b067d24cba6762
975	/SOUNDS/MUSIC/svnties4.mib;1	132515	8585216	ok(raw)	8585216	8e9ef4b1dc35a1bf
976	/SOUNDS/MUSIC/svnties4.mih;1	136707	64	ok(raw)	64	47a2c30ee2777e13
977	/SOUNDS/MUSIC/svnties5.mib;1	136708	7208960	ok(raw)	7208960	bc0a4f1adfef11d2
978	/SOUNDS/MUSIC/svnties5.mih;1	140228	64	ok(raw)	64	9bc1b6036e593232
979	/SOUNDS/MUSIC/svnties6.mib;1	140229	6750208	ok(raw)	6750208	c4647edabeefeb09
980	/SOUNDS/MUSIC/svnties6.mih;1	143525	64	ok(raw)	64	3cb8610a20ffafbe
981	/SOUNDS/MUSIC/svnties7.mib;1	143526	7929856	ok(raw)	7929856	d3d096d54f62ad70
982	/SOUNDS/MUSIC/svnties7.mih;1	147398	64	ok(raw)	64	513510ba4eecb467
983	/SOUNDS/MUSIC/svnties8.mib;1	147399	5505024	ok(raw)	5505024	bb1afa476f5acc55
984	/SOUNDS/MUSIC/svnties8.mih;1	150087	64	ok(raw)	64	513886496f72dc95
985	/SOUNDS/MUSIC/svnties9.mib;1	150088	13697024	ok(raw)	13697024	e780cf3407b5ae5e
986	/SOUNDS/MUSIC/svnties9.mih;1	156776	64	ok(raw)	64	2a3abf5c7139fb20
987	/SOUNDS/MUSIC/ui.mib;1	156777	11468800	ok(raw)	11468800	3df6629e135cde91
988	/SOUNDS/MUSIC/ui.mih;1	162377	64	ok(raw)	64	b05b45fff7402ae8
989	/SOUNDS/SPEECH/speech.msb;1	162378	1657088	ok(raw)	1657088	0404e595a004f6b3
990	/SOUNDS/SPEECH/speech.msh;1	163188	1600	ok(raw)	1600	de29fa8fe01fda63
991	/SOUNDS/SPEECH/speech.sbf;1	163189	2107	ok(raw)	2107	2b984363cddc0ed0
992	/UI/AUDIO.UI;1	163191	29808	ok(raw)	29808	51583dbec4830a24
993	/UI/CALIB.UI;1	163206	27068	ok(raw)	27068	9e20e1c9abbefdda
994	/UI/CAR.UI;1	163220	22812	ok(raw)	22812	415b455b9ad236c5
995	/UI/CHALL.UI;1	163232	19058	ok(raw)	19058	4340e0a190135c3b
996	/UI/CMODE.UI;1	163242	9990	ok(raw)	9990	fd56312041e6a1e3
997	/UI/CONTINUE.UI;1	163247	1321	ok(raw)	1321	8404941ac693cfb2
998	/UI/CRED.UI;1	163248	1866	ok(raw)	1866	e194e85cd6d24d17
999	/UI/CTRLS.UI;1	163249	14920	ok(raw)	14920	e9419600aadbb7a7
1000	/UI/DISP.UI;1	163257	20552	ok(raw)	20552	23d4c4d9b6f0f004
1001	/UI/DRDET.UI;1	163268	3875	ok(raw)	3875	29f1cd0b6c776cd2
1002	/UI/DRIVR.UI;1	163270	1715	ok(raw)	1715	ab7c8ff7a61aab21
1003	/UI/DRSEL.UI;1	163271	4487	ok(raw)	4487	4a3d006eff74bd8e
1004	/UI/FILE.UI;1	163274	1274	ok(raw)	1274	d69ed1c06dc23cd2
1005	/UI/FORD.UI;1	163275	3968	ok(raw)	3968	0deec1bcd8e19fab
1006	/UI/FORDBAR.UI;1	163277	4638	ok(raw)	4638	b8d36b0a71bfe76e
1007	/UI/FREQ.UI;1	163280	4696	ok(raw)	4696	e3c2d26744f5f15f
1008	/UI/GAMEF.UI;1	163283	4650	ok(raw)	4650	41be02425dad27a4
1009	/UI/GMOPT.UI;1	163286	20973	ok(raw)	20973	9bbb310dbb426648
1010	/UI/GRAPHICS.UI;1	163297	4816	ok(raw)	4816	8bb3f81f5b0f163b
1011	/UI/HIGH.UI;1	163300	9412	ok(raw)	9412	44e7df9c241be0b6
1012	/UI/INSTR.UI;1	163305	6060	ok(raw)	6060	10038ab72ed467eb
1013	/UI/KEYBD.UI;1	163308	3630	ok(raw)	3630	7357a2c0dd5df898
1014	/UI/LANG.UI;1	163310	3960	ok(raw)	3960	9e9e6027ee5dd3dc
1015	/UI/MULTI.UI;1	163312	6046	ok(raw)	6046	e066f97696966689
1016	/UI/OPTS.UI;1	163315	3755	ok(raw)	3755	8ff58ff0a06dd483
1017	/UI/PAUSE.UI;1	163317	5150	ok(raw)	5150	f4926cee0fda0273
1018	/UI/PCCON.UI;1	163320	10614	ok(raw)	10614	f0da2f281c3fe2e0
1019	/UI/PLAYR.UI;1	163326	1957	ok(raw)	1957	f126c0d7bc28f983
1020	/UI/POSN.UI;1	163327	6752	ok(raw)	6752	bcc653a19c936665
1021	/UI/PSCON.UI;1	163331	14181	ok(raw)	14181	54ea79938defba4c
1022	/UI/RCEND.UI;1	163338	3892	ok(raw)	3892	311f54968f69c07f
1023	/UI/RCRES.UI;1	163340	3773	ok(raw)	3773	9d22d207d05deafc
1024	/UI/REWRD.UI;1	163342	5297	ok(raw)	5297	f94220d4d4c7893d
1025	/UI/ROPT.UI;1	163345	13446	ok(raw)	13446	e66361b06ac13977
1026	/UI/START.UI;1	163352	557	ok(raw)	557	7ea7975514021dff
1027	/UI/STATE.UI;1	163353	6853	ok(raw)	6853	c31fb8c89a3bc691
1028	/UI/STATS.UI;1	163357	4020	ok(raw)	4020	d8855ef1291aa1ae
1029	/UI/TRACK.UI;1	163359	9352	ok(raw)	9352	558b89e491d340b9
1030	/UI/TROPH.UI;1	163364	9147	ok(raw)	9147	fabb768cee6727e7
1031	/UI/WHEEL.UI;1	163369	27441	ok(raw)	27441	5f4690bd8ee712c3
1032	/UI/XBACC.UI;1	163383	4163	ok(raw)	4163	9f7c0c67ed2696cd
1033	/UI/XBMEN.UI;1	163386	4493	ok(raw)	4493	daff906105a56c18
1034	/UI/XBPAS.UI;1	163389	2006	ok(raw)	2006	f32bae3384f6b3ba
1035	/UI/XBTAB.UI;1	163390	5548	ok(raw)	5548	191b2a1bd33094da
1036	/UI/XGMOPT.UI;1	163393	12118	ok(raw)	12118	26c0a581a286068a
