offset	end	namelen	stride	name	tail_hex
0x188	0x18e	6	28	3DDATA	0000064b4a00e6814c00010000000000000000000000
0x1a4	0x1a9	5	28	ANIMS	000000064b4a00e6814c00050000000000000000000000
0x1c0	0x1c4	4	28	DATA	00000000064b4a00e6814c00070000000000000000000000
0x1dc	0x1e1	5	28	FONTS	000000064b4a00e6814c00150000000000000000000000
0x1f8	0x200	8	28	GRAPHICS	004b4a00e6814c00160000000000000000000000
0x214	0x219	5	28	ICONS	004353004b4a00e6814c00280000000000000000000000
0x230	0x233	3	28	IRX	0053004353004b4a00e6814c00290000000000000000000000
0x24c	0x254	8	28	LANGUAGE	004b4a00e6814c002a0000000000000000000000
0x268	0x26f	7	28	PHYSICS	00004b4a00e6814c002b0000000000000000000000
0x284	0x28a	6	31	SOUNDS	0000004b4a00e6814c002c0000000000000000000000554900
0x2a3	0x2a6	3	25	NDS	0000004b4a00e6814c002f0000000000000000000000
0x2bc	0x2c0	4	28	CARS	00530000004b4a00e6814c00020000000000000000000000
0x2d8	0x2e3	11	28	debug.ps2;1	00e6814c00ffffffff0000000024110000
0x2f4	0x2fe	10	28	misc.ps2;1	0000e6814c00ffffffff030000004b770100
0x310	0x316	6	7	TRACKS	00
0x317	0x31a	3	21	2;1	0000e6814c00030000003200000000000000
0x32c	0x339	13	28	49COUPE.PS2;1	004c00ffffffff32000000cbf10400
0x348	0x355	13	28	49MOVIE.PS2;1	004c00ffffffffd1000000b1520200
0x364	0x36f	11	28	COBRA.PS2;1	0031004c00ffffffff1c010000b0e90400
0x380	0x38c	12	28	CROWNV.PS2;1	00004c00ffffffffba0100003b640500
0x39c	0x3a4	8	9	EX.PS2;1	00
0x3a5	0x3a8	3	19	2;1	00004c00ffffffff670200007a100a00
0x3b8	0x3c6	14	28	EXPLORER.PS2;1	0000ffffffffaa030000a5350600
0x3d4	0x3e1	13	28	F100_56.PS2;1	000000ffffffff710400002c9c0400
0x3f0	0x3fd	13	28	F100_65.PS2;1	000000ffffffff0505000010080600
0x40c	0x416	10	28	F150.PS2;1	003b31000000ffffffffc705000052020600
0x428	0x435	13	28	F150_04.PS2;1	000000ffffffff88060000ef1f0600
0x444	0x44e	10	28	F350.PS2;1	003b31000000ffffffff4c0700006f190600
0x460	0x46e	14	28	FOCUSSVT.PS2;1	0000ffffffff10080000c6cd0500
0x47c	0x48a	14	28	FOCUSWRC.PS2;1	0000ffffffffca08000057fe0500
0x498	0x4a4	12	28	FORDGT.PS2;1	00310000ffffffff8a090000c0270600
0x4b4	0x4c2	14	28	FORTYNIN.PS2;1	0000ffffffff4f0a000041250500
0x4d0	0x4db	11	28	FR200.PS2;1	003b310000fffffffff40a0000fba00600
0x4ec	0x4f7	11	28	FR500.PS2;1	003b310000ffffffffc90b0000c1490500
0x508	0x516	14	28	G_TORINO.PS2;1	0000ffffffff730c00007f210300
0x524	0x52e	10	11	GT90.PS2;1	00
0x52f	0x532	3	17	2;1	0000ffffffffd80c00002a640600
0x540	0x54c	12	28	INDIGO.PS2;1	00310000ffffffffa50d0000c6990700
0x55c	0x56a	14	28	LIGHTNIN.PS2;1	0000ffffffff990e0000f1ae0600
0x578	0x584	12	28	MACH1A.PS2;1	00310000ffffffff6f0f00004b660200
0x594	0x5a0	12	28	MACH1S.PS2;1	00310000ffffffffbc0f0000446e0200
0x5b0	0x5bb	11	28	MACH3.PS2;1	0000310000ffffffff0a100000b7940600
0x5cc	0x5d8	12	28	MUST68.PS2;1	00310000ffffffffdd1000004d840500
0x5e8	0x5f5	13	28	MUST68B.PS2;1	000000ffffffff8e1100007bb00200
0x604	0x611	13	28	MUSTCON.PS2;1	000000ffffffffe511000064030700
0x620	0x62d	13	28	POWERST.PS2;1	000000ffffffffc6120000148d0600
0x63c	0x649	13	28	TAURUSA.PS2;1	000000ffffffff98130000dba01000
0x658	0x665	13	28	TAURUSB.PS2;1	000000ffffffffad150000131c0e00
0x674	0x681	13	28	TAURUSC.PS2;1	000000ffffffff7117000057640c00
0x690	0x69d	13	28	TAURUSD.PS2;1	000000fffffffffe18000058b40b00
0x6ac	0x6b7	11	28	TBIRD.PS2;1	0031000000ffffffff751a0000f7480600
0x6c8	0x6d4	12	28	TBIRD2.PS2;1	00000000ffffffff3f1b000004560600
0x6e4	0x6f0	12	28	TBIRDM.PS2;1	00000000ffffffff0a1c000039300300
0x700	0x70a	10	28	BayA.PS2;1	003100000000ffffffff711c000057a62400
0x71c	0x726	10	28	BayB.PS2;1	003100000000ffffffff062100001d562c00
0x738	0x742	10	28	BayC.PS2;1	003100000000ffffffff9126000007ac2600
0x754	0x760	12	28	Brands.PS2;1	00000000ffffffff672b000045912500
0x770	0x77c	12	28	Canyon.PS2;1	00000000ffffffff1a30000008f22100
0x78c	0x793	7	8	CONFIGS	00
0x794	0x798	4	20	S2;1	00000000040000005934000000000000
0x7a8	0x7b2	10	28	DesA.PS2;1	003100000000ffffffff59340000c2d62100
0x7c4	0x7ce	10	28	DesB.PS2;1	003100000000ffffffff94380000e3f72200
0x7e0	0x7ea	10	28	DesC.PS2;1	003100000000fffffffff33c0000c15b2100
0x7fc	0x807	11	28	FlorA.PS2;1	0000000000ffffffff1f410000c3842600
0x818	0x823	11	28	FlorB.PS2;1	0000000000fffffffff0450000a9352f00
0x834	0x83f	11	28	FlorC.PS2;1	0000000000ffffffffd74b0000141a2800
0x850	0x85d	13	28	Fukuoka.PS2;1	000000ffffffffdb50000060e02800
0x86c	0x877	11	28	JungA.PS2;1	0031000000fffffffff85500001a241b00
0x888	0x893	11	28	JungB.PS2;1	0031000000ffffffff5d590000271f1d00
0x8a4	0x8af	11	28	JungC.PS2;1	0031000000ffffffff015d000008391c00
0x8c0	0x8cb	11	28	oval2.PS2;1	0031000000ffffffff89600000b4e71b00
0x8dc	0x8e7	11	28	oval3.PS2;1	0031000000ffffffff06640000d9b41400
0x8f8	0x904	12	28	Spring.PS2;1	00000000ffffffff9d660000b8fc2400
0x914	0x921	13	28	Spring2.PS2;1	000000ffffffff3d6b0000a0eb2300
0x930	0x93a	10	28	BAYA.CFG;1	003b31000000ffffffffbb6f0000f1020000
0x94c	0x956	10	28	BAYB.CFG;1	003b31000000ffffffffbc6f0000ee020000
0x968	0x972	10	28	BAYC.CFG;1	003b31000000ffffffffbd6f0000ee020000
0x984	0x98e	10	28	DESA.CFG;1	003b31000000ffffffffbe6f0000ed020000
0x9a0	0x9aa	10	28	DESB.CFG;1	003b31000000ffffffffbf6f0000ed020000
0x9bc	0x9c6	10	28	DESC.CFG;1	003b31000000ffffffffc06f0000ea020000
0x9d8	0x9e3	11	28	FLORA.CFG;1	0031000000ffffffffc16f0000f1020000
0x9f4	0x9ff	11	28	FLORB.CFG;1	0031000000ffffffffc26f0000f1020000
0xa10	0xa1b	11	28	FLORC.CFG;1	0031000000ffffffffc36f0000ee020000
0xa2c	0xa37	11	28	JUNGA.CFG;1	0031000000ffffffffc46f0000ef020000
0xa48	0xa53	11	28	JUNGB.CFG;1	0031000000ffffffffc56f0000ea020000
0xa64	0xa6f	11	28	JUNGC.CFG;1	0031000000ffffffffc66f0000ed020000
0xa80	0xa8b	11	28	OVAL2.CFG;1	0031000000ffffffffc76f0000ee020000
0xa9c	0xaa7	11	28	OVAL3.CFG;1	0031000000ffffffffc86f0000ee020000
0xab8	0xac4	12	28	SPRING.CFG;1	00000000ffffffffc96f0000ee020000
0xad4	0xae1	13	28	SPRING2.CFG;1	000000ffffffffca6f0000ee020000
0xaf0	0xaf8	8	9	EUROPEAN	00
0xaf9	0xafd	4	19	FG;1	00000006000000cb6f000000000000
0xb0c	0xb19	13	28	intro25.pss;1	000000ffffffffcb6f000004006102
0xb28	0xb35	13	28	pl2_pal.pss;1	000000ffffffffecbb000004c04900
0xb44	0xb49	5	6	ASCII	00
0xb4a	0xb51	7	22	l.pss;1	0000000800000025c5000000000000
0xb60	0xb6d	13	28	AI_DFLT.DAT;1	000000ffffffff25c50000e5860000
0xb7c	0xb83	7	8	CAMERAS	00
0xb84	0xb89	5	20	DAT;1	0000000900000036c5000000000000
0xb98	0xb9c	4	8	CARS	00415300
0xba0	0xba5	5	20	DAT;1	0000000a00000036c5000000000000
0xbb4	0xbbc	8	9	ENVSOUND	00
0xbbd	0xbc1	4	19	AT;1	0000000b00000036c5000000000000
0xbd0	0xbde	14	28	GAMEDATA.DAT;1	0000ffffffff36c50000d00f0000
0xbec	0xbf4	8	9	GAMEPLAY	00
0xbf5	0xbfa	5	19	DAT;1	00000c00000038c5000000000000
0xc08	0xc0c	4	5	GATE	00
0xc0d	0xc10	3	4	LAY	00
0xc11	0xc16	5	19	DAT;1	00000d00000038c5000000000000
0xc24	0xc2c	8	9	OBSTACLE	00
0xc2d	0xc32	5	19	DAT;1	00000e00000038c5000000000000
0xc40	0xc4c	12	28	SPEECH.DAT;1	00310000ffffffff38c50000e5160000
0xc5c	0xc69	13	28	SURFACE.DAT;1	000000ffffffff3bc5000065210000
0xc78	0xc7c	4	5	TIME	00
0xc7d	0xc85	8	23	CE.DAT;1	0000000f00000040c5000000000000
0xc94	0xc9a	6	7	TRACKS	00
0xc9b	0xca1	6	21	.DAT;1	0000001300000040c5000000000000
0xcb0	0xcbc	12	28	TRACKS.DAT;1	00000000ffffffff40c500006e390000
0xccc	0xcd8	12	28	TRACKX.DAT;1	00000000ffffffff48c50000b1060000
0xce8	0xcee	6	7	UNLOCK	00
0xcef	0xcf4	5	21	DAT;1	000000001400000049c5000000000000
0xd04	0xd10	12	28	VARMOD.DAT;1	00000000ffffffff49c5000002000000
0xd20	0xd2d	13	28	VOLUMES.DAT;1	000000ffffffff4ac500009a130000
0xd3c	0xd47	11	28	WORLD.DAT;1	0031000000ffffffff4dc5000018070000
0xd58	0xd66	14	28	CA_DEBUG.DAT;1	0000ffffffff4ec5000090f60000
0xd74	0xd82	14	28	CA_GROUP.DAT;1	0000ffffffff6dc50000ae2f0000
0xd90	0xd9e	14	28	CA_MOTIV.DAT;1	0000ffffffff73c5000098150000
0xdac	0xdba	14	28	CA_TRACK.DAT;1	0000ffffffff76c50000fb770b00
0xdc8	0xdd6	14	28	CA_VPORT.DAT;1	0000ffffffffe5c6000076080000
0xde4	0xdf1	13	28	CAMERAS.DAT;1	000000ffffffffe7c6000046840200
0xe00	0xe0e	14	28	BODYDATA.DAT;1	0000ffffffff38c700009d8c0100
0xe1c	0xe2a	14	28	BRAKDATA.DAT;1	0000ffffffff6ac70000c61c0000
0xe38	0xe45	13	28	CARDATA.DAT;1	000000ffffffff6ec7000004fe0000
0xe54	0xe61	13	28	CARDATA.OLD;1	000000ffffffff8ec70000b6a90000
0xe70	0xe7e	14	28	CARSETUP.DAT;1	0000ffffffffa4c70000b2d70000
0xe8c	0xe9a	14	28	CARSOUND.DAT;1	0000ffffffffbfc700009e9f0100
0xea8	0xeb6	14	28	CTRLDATA.DAT;1	0000fffffffff3c70000eb2d0000
0xec4	0xed1	13	28	ENGDATA.DAT;1	000000fffffffff9c70000b7a90000
0xee0	0xeee	14	28	GEARDATA.DAT;1	0000ffffffff0fc8000077310000
0xefc	0xf0a	14	28	OVERDATA.DAT;1	0000ffffffff16c80000b62b0000
0xf18	0xf26	14	28	TYREDATA.DAT;1	0000ffffffff1cc800005cd80000
0xf34	0xf42	14	28	ENV_FULL.DAT;1	0000ffffffff38c8000076370000
0xf50	0xf5e	14	28	ENV_GRPS.DAT;1	0000ffffffff3fc8000072180000
0xf6c	0xf79	13	28	ENV_INS.DAT;1	000000ffffffff43c80000253c0000
0xf88	0xf95	13	28	ENV_REV.DAT;1	000000ffffffff4bc80000a3070000
0xfa4	0xfb1	13	28	ENV_SMP.DAT;1	000000ffffffff4cc8000053210000
0xfc0	0xfcd	13	28	ENV_SND.DAT;1	000000ffffffff51c80000d6b10000
0xfdc	0xfe9	13	28	ENV_WAV.DAT;1	000000ffffffff68c8000002250000
0xff8	0x1005	13	28	49COUPE.DAT;1	000000ffffffff6dc800008d070000
0x1014	0x1021	13	28	49MOVIE.DAT;1	000000ffffffff6ec8000098070000
0x1030	0x103a	10	28	AM_1.DAT;1	003b31000000ffffffff6fc80000e8090000
0x104c	0x1056	10	28	AM_2.DAT;1	003b31000000ffffffff71c80000df090000
0x1068	0x1072	10	28	AM_3.DAT;1	003b31000000ffffffff73c800000d0a0000
0x1084	0x108e	10	28	AM_4.DAT;1	003b31000000ffffffff75c80000e3090000
0x10a0	0x10aa	10	28	AM_5.DAT;1	003b31000000ffffffff77c80000f9090000
0x10bc	0x10c6	10	28	AM_6.DAT;1	003b31000000ffffffff79c80000f7090000
0x10d8	0x10e5	13	28	ATTRACT.DAT;1	000000ffffffff7bc80000ee040000
0x10f4	0x10ff	11	28	COBRA.DAT;1	0031000000ffffffff7cc80000ff080000
0x1110	0x111c	12	28	CROWNV.DAT;1	00000000ffffffff7ec800008a080000
0x112c	0x1134	8	9	EX.DAT;1	00
0x1135	0x1138	3	19	T;1	00000000ffffffff80c800000c0a0000
0x1148	0x1156	14	28	EXPLORER.DAT;1	0000ffffffff82c800001e0a0000
0x1164	0x116e	10	11	F100.DAT;1	00
0x116f	0x1172	3	17	T;1	0000ffffffff84c80000e8080000
0x1180	0x118d	13	28	F100_56.DAT;1	000000ffffffff86c80000e9090000
0x119c	0x11a9	13	28	F100_65.DAT;1	000000ffffffff88c80000ea090000
0x11b8	0x11c2	10	28	F150.DAT;1	003b31000000ffffffff8ac80000ea080000
0x11d4	0x11e1	13	28	F150_04.DAT;1	000000ffffffff8cc80000f7090000
0x11f0	0x11fa	10	28	F350.DAT;1	003b31000000ffffffff8ec8000042090000
0x120c	0x121a	14	28	FOCUSSVT.DAT;1	0000ffffffff90c80000be070000
0x1228	0x1236	14	28	FOCUSWRC.DAT;1	0000ffffffff91c80000fa090000
0x1244	0x1251	13	28	FORD_GT.DAT;1	000000ffffffff93c80000020a0000
0x1260	0x126d	13	28	FORTY_N.DAT;1	000000ffffffff95c8000099070000
0x127c	0x1287	11	28	FR200.DAT;1	0031000000ffffffff96c80000b0070000
0x1298	0x12a3	11	28	FR500.DAT;1	0031000000ffffffff97c80000f2090000
0x12b4	0x12c2	14	28	G_TORINO.DAT;1	0000ffffffff99c8000079070000
0x12d0	0x12da	10	11	GT40.DAT;1	00
0x12db	0x12de	3	17	T;1	0000ffffffff9ac80000dd080000
0x12ec	0x12f6	10	11	GT90.DAT;1	00
0x12f7	0x12fa	3	17	T;1	0000ffffffff9cc80000e6090000
0x1308	0x1314	12	28	INDIGO.DAT;1	00310000ffffffff9ec800002f0a0000
0x1324	0x1332	14	28	LIGHTNIN.DAT;1	0000ffffffffa0c8000097090000
0x1340	0x134d	13	28	MACH1_A.DAT;1	000000ffffffffa2c80000130a0000
0x135c	0x1369	13	28	MACH1_S.DAT;1	000000ffffffffa4c80000b0070000
0x1378	0x1383	11	28	MACH3.DAT;1	0031000000ffffffffa5c80000f5080000
0x1394	0x13a1	13	28	MERCURY.DAT;1	000000ffffffffa7c80000cd070000
0x13b0	0x13bb	11	28	MULTI.DAT;1	0031000000ffffffffa8c80000ab050000
0x13cc	0x13d8	12	28	MUST68.DAT;1	00000000ffffffffa9c80000b1070000
0x13e8	0x13f5	13	28	MUST68B.DAT;1	000000ffffffffaac8000091090000
0x1404	0x1411	13	28	MUSTCON.DAT;1	000000ffffffffacc80000f8090000
0x1420	0x142d	13	28	POWERST.DAT;1	000000ffffffffaec80000cd070000
0x143c	0x1449	13	28	QRACE_1.DAT;1	000000ffffffffafc80000260a0000
0x1458	0x1465	13	28	QRACE_2.DAT;1	000000ffffffffb1c80000fa090000
0x1474	0x1481	13	28	QRACE_3.DAT;1	000000ffffffffb3c800002c0a0000
0x1490	0x149d	13	28	QRACE_4.DAT;1	000000ffffffffb5c80000060a0000
0x14ac	0x14b8	12	28	RACING.DAT;1	00000000ffffffffb7c8000035060000
0x14c8	0x14d3	11	28	RULES.DAT;1	0000000000ffffffffb8c80000b21d0000
0x14e4	0x14f0	12	28	SKILLS.DAT;1	00000000ffffffffbcc80000a5040000
0x1500	0x150b	11	28	SMASH.DAT;1	0000000000ffffffffbdc80000a0040000
0x151c	0x152a	14	28	TAURUS_P.DAT;1	0000ffffffffbec800003a0a0000
0x1538	0x1546	14	28	TAURUS_R.DAT;1	0000ffffffffc0c800003c0a0000
0x1554	0x1562	14	28	TAURUS_S.DAT;1	0000ffffffffc2c8000087090000
0x1570	0x157d	13	28	TAURUSA.DAT;1	000000ffffffffc4c80000270a0000
0x158c	0x1599	13	28	TAURUSB.DAT;1	000000ffffffffc6c800005b0a0000
0x15a8	0x15b5	13	28	TAURUSC.DAT;1	000000ffffffffc8c80000160a0000
0x15c4	0x15d1	13	28	TAURUSD.DAT;1	000000ffffffffcac80000350a0000
0x15e0	0x15eb	11	28	TBIRD.DAT;1	0031000000ffffffffccc800009c070000
0x15fc	0x160a	14	28	TBIRD_22.DAT;1	0000ffffffffcdc800008a090000
0x1618	0x1625	13	28	TBIRD_M.DAT;1	000000ffffffffcfc80000ab070000
0x1634	0x1642	14	28	TIMEATTA.DAT;1	0000ffffffffd0c8000053060000
0x1650	0x165a	10	11	BAYA.DAT;1	00
0x165b	0x165e	3	17	T;1	0000ffffffffd1c8000061200000
0x166c	0x1676	10	11	BAYB.DAT;1	00
0x1677	0x167a	3	17	T;1	0000ffffffffd6c80000c72c0000
0x1688	0x1692	10	11	BAYC.DAT;1	00
0x1693	0x1696	3	17	T;1	0000ffffffffdcc80000b6240000
0x16a4	0x16ae	10	11	DESA.DAT;1	00
0x16af	0x16b2	3	17	T;1	0000ffffffffe1c8000012230000
0x16c0	0x16ca	10	11	DESB.DAT;1	00
0x16cb	0x16ce	3	17	T;1	0000ffffffffe6c8000071210000
0x16dc	0x16e6	10	11	DESC.DAT;1	00
0x16e7	0x16ea	3	17	T;1	0000ffffffffebc80000341e0000
0x16f8	0x1703	11	28	FLORA.DAT;1	003b310000ffffffffefc800003d250000
0x1714	0x171f	11	28	FLORB.DAT;1	003b310000fffffffff4c800000b290000
0x1730	0x173b	11	28	FLORC.DAT;1	003b310000fffffffffac8000067270000
0x174c	0x1757	11	28	JUNGA.DAT;1	003b310000ffffffffffc80000c4250000
0x1768	0x1773	11	28	JUNGB.DAT;1	003b310000ffffffff04c900008e220000
0x1784	0x178f	11	28	JUNGC.DAT;1	003b310000ffffffff09c900003f250000
0x17a0	0x17ab	11	28	OVAL2.DAT;1	003b310000ffffffff0ec9000065130000
0x17bc	0x17c7	11	28	OVAL3.DAT;1	003b310000ffffffff11c900008a140000
0x17d8	0x17e4	12	28	SPRING.DAT;1	00310000ffffffff14c9000061270000
0x17f4	0x1801	13	28	SPRING2.DAT;1	000000ffffffff19c9000078210000
0x1810	0x181a	10	28	BAYA.DAT;1	003b31000000ffffffff1ec90000f3200000
0x182c	0x1836	10	28	BAYB.DAT;1	003b31000000ffffffff23c900001b2b0000
0x1848	0x1852	10	28	BAYC.DAT;1	003b31000000ffffffff29c90000e3270000
0x1864	0x186e	10	28	DESA.DAT;1	003b31000000ffffffff2ec90000ea1e0000
0x1880	0x188a	10	28	DESB.DAT;1	003b31000000ffffffff32c900008e200000
0x189c	0x18a6	10	28	DESC.DAT;1	003b31000000ffffffff37c90000c9210000
0x18b8	0x18c3	11	28	FLORA.DAT;1	0031000000ffffffff3cc90000c0210000
0x18d4	0x18df	11	28	FLORB.DAT;1	0031000000ffffffff41c90000d5250000
0x18f0	0x18fb	11	28	FLORC.DAT;1	0031000000ffffffff46c90000cc210000
0x190c	0x1917	11	28	JUNGA.DAT;1	0031000000ffffffff4bc900000c230000
0x1928	0x1933	11	28	JUNGB.DAT;1	0031000000ffffffff50c90000861e0000
0x1944	0x194f	11	28	JUNGC.DAT;1	0031000000ffffffff54c90000fc240000
0x1960	0x196b	11	28	OVAL2.DAT;1	0031000000ffffffff59c9000089130000
0x197c	0x1987	11	28	OVAL3.DAT;1	0031000000ffffffff5cc9000035170000
0x1998	0x19a4	12	28	SPRING.DAT;1	00000000ffffffff5fc90000db250000
0x19b4	0x19c1	13	28	SPRING2.DAT;1	000000ffffffff64c90000831e0000
0x19d0	0x19da	10	28	BAYA.DAT;1	003b31000000ffffffff68c9000077070000
0x19ec	0x19f6	10	28	BAYB.DAT;1	003b31000000ffffffff69c9000085070000
0x1a08	0x1a12	10	28	BAYC.DAT;1	003b31000000ffffffff6ac9000076070000
0x1a24	0x1a2e	10	28	DESA.DAT;1	003b31000000ffffffff6bc900007e070000
0x1a40	0x1a4a	10	28	DESB.DAT;1	003b31000000ffffffff6cc900007a070000
0x1a5c	0x1a66	10	28	DESC.DAT;1	003b31000000ffffffff6dc900007a070000
0x1a78	0x1a83	11	28	FLORA.DAT;1	0031000000ffffffff6ec9000078070000
0x1a94	0x1a9f	11	28	FLORB.DAT;1	0031000000ffffffff6fc9000078070000
0x1ab0	0x1abb	11	28	FLORC.DAT;1	0031000000ffffffff70c9000078070000
0x1acc	0x1ad7	11	28	JUNGA.DAT;1	0031000000ffffffff71c900007b070000
0x1ae8	0x1af3	11	28	JUNGB.DAT;1	0031000000ffffffff72c900007b070000
0x1b04	0x1b0f	11	28	JUNGC.DAT;1	0031000000ffffffff73c900007b070000
0x1b20	0x1b2b	11	28	OVAL2.DAT;1	0031000000ffffffff74c9000077070000
0x1b3c	0x1b47	11	28	OVAL3.DAT;1	0031000000ffffffff75c9000077070000
0x1b58	0x1b5e	6	7	SKILLS	00
0x1b5f	0x1b63	4	21	AT;1	00310000001000000076c9000000000000
0x1b74	0x1b79	5	7	SMASH	0000
0x1b7b	0x1b7f	4	21	AT;1	00310000001100000076c9000000000000
0x1b90	0x1b9c	12	28	SPRING.DAT;1	00000000ffffffff76c900007a070000
0x1bac	0x1bb9	13	28	SPRING2.DAT;1	000000ffffffff77c9000079070000
0x1bc8	0x1bd0	8	9	TIMEATTA	00
0x1bd1	0x1bd5	4	19	AT;1	0000001200000078c9000000000000
0x1be4	0x1bee	10	28	BAYA.DAT;1	003b31000000ffffffff78c9000093070000
0x1c00	0x1c0a	10	28	BAYB.DAT;1	003b31000000ffffffff79c9000094070000
0x1c1c	0x1c26	10	28	BAYC.DAT;1	003b31000000ffffffff7ac9000094070000
0x1c38	0x1c42	10	28	DESA.DAT;1	003b31000000ffffffff7bc9000094070000
0x1c54	0x1c5e	10	28	DESB.DAT;1	003b31000000ffffffff7cc9000094070000
0x1c70	0x1c7a	10	28	DESC.DAT;1	003b31000000ffffffff7dc9000094070000
0x1c8c	0x1c97	11	28	FLORA.DAT;1	0031000000ffffffff7ec9000094070000
0x1ca8	0x1cb3	11	28	FLORB.DAT;1	0031000000ffffffff7fc9000094070000
0x1cc4	0x1ccf	11	28	FLORC.DAT;1	0031000000ffffffff80c9000094070000
0x1ce0	0x1ceb	11	28	JUNGA.DAT;1	0031000000ffffffff81c9000094070000
0x1cfc	0x1d07	11	28	JUNGB.DAT;1	0031000000ffffffff82c9000094070000
0x1d18	0x1d23	11	28	JUNGC.DAT;1	0031000000ffffffff83c9000094070000
0x1d34	0x1d3f	11	28	OVAL2.DAT;1	0031000000ffffffff84c9000094070000
0x1d50	0x1d5b	11	28	OVAL3.DAT;1	0031000000ffffffff85c9000094070000
0x1d6c	0x1d78	12	28	SPRING.DAT;1	00000000ffffffff86c9000094070000
0x1d88	0x1d92	10	28	BAYA.DAT;1	003100000000ffffffff87c9000093070000
0x1da4	0x1dae	10	28	BAYB.DAT;1	003100000000ffffffff88c9000094070000
0x1dc0	0x1dca	10	28	BAYC.DAT;1	003100000000ffffffff89c9000094070000
0x1ddc	0x1de6	10	28	DESA.DAT;1	003100000000ffffffff8ac9000094070000
0x1df8	0x1e02	10	28	DESB.DAT;1	003100000000ffffffff8bc9000094070000
0x1e14	0x1e1e	10	28	DESC.DAT;1	003100000000ffffffff8cc9000094070000
0x1e30	0x1e3b	11	28	FLORA.DAT;1	0000000000ffffffff8dc9000094070000
0x1e4c	0x1e57	11	28	FLORB.DAT;1	0000000000ffffffff8ec9000094070000
0x1e68	0x1e73	11	28	FLORC.DAT;1	0000000000ffffffff8fc9000094070000
0x1e84	0x1e8f	11	28	JUNGA.DAT;1	0000000000ffffffff90c9000094070000
0x1ea0	0x1eab	11	28	JUNGB.DAT;1	0000000000ffffffff91c9000094070000
0x1ebc	0x1ec7	11	28	JUNGC.DAT;1	0000000000ffffffff92c9000094070000
0x1ed8	0x1ee3	11	28	OVAL2.DAT;1	0000000000ffffffff93c9000094070000
0x1ef4	0x1eff	11	28	OVAL3.DAT;1	0000000000ffffffff94c9000094070000
0x1f10	0x1f1c	12	28	SPRING.DAT;1	00000000ffffffff95c9000094070000
0x1f2c	0x1f36	10	28	BAYA.DAT;1	003100000000ffffffff96c90000fe070000
0x1f48	0x1f52	10	28	BAYB.DAT;1	003100000000ffffffff97c9000094070000
0x1f64	0x1f6e	10	28	BAYC.DAT;1	003100000000ffffffff98c9000094070000
0x1f80	0x1f8a	10	28	DESA.DAT;1	003100000000ffffffff99c9000094070000
0x1f9c	0x1fa6	10	28	DESB.DAT;1	003100000000ffffffff9ac9000094070000
0x1fb8	0x1fc2	10	28	DESC.DAT;1	003100000000ffffffff9bc9000094070000
0x1fd4	0x1fdf	11	28	FLORA.DAT;1	0000000000ffffffff9cc9000094070000
0x1ff0	0x1ffb	11	28	FLORB.DAT;1	0000000000ffffffff9dc90000fd070000
0x200c	0x2017	11	28	FLORC.DAT;1	0000000000ffffffff9ec9000005080000
0x2028	0x2033	11	28	JUNGA.DAT;1	0000000000ffffffffa0c9000094070000
0x2044	0x204f	11	28	JUNGB.DAT;1	0000000000ffffffffa1c9000094070000
0x2060	0x206b	11	28	JUNGC.DAT;1	0000000000ffffffffa2c9000094070000
0x207c	0x2087	11	28	OVAL2.DAT;1	0000000000ffffffffa3c90000fc070000
0x2098	0x20a3	11	28	OVAL3.DAT;1	0000000000ffffffffa4c90000fc070000
0x20b4	0x20c0	12	28	SPRING.DAT;1	00000000ffffffffa5c9000007080000
0x20d0	0x20de	14	28	BALLPARK.DAT;1	0000ffffffffa7c90000e5860000
0x20ec	0x20f6	10	11	BAYA.DAT;1	00
0x20f7	0x20fa	3	17	T;1	0000ffffffffb8c9000076990000
0x2108	0x2112	10	11	BAYB.DAT;1	00
0x2113	0x2116	3	17	T;1	0000ffffffffccc90000dfad0000
0x2124	0x212e	10	11	BAYC.DAT;1	00
0x212f	0x2132	3	17	T;1	0000ffffffffe2c900004a720000
0x2140	0x214c	12	28	BRANDS.DAT;1	00310000fffffffff1c90000fc950000
0x215c	0x2168	12	28	CANYON.DAT;1	00310000ffffffff04ca0000e5860000
0x2178	0x2182	10	28	DESA.DAT;1	003100310000ffffffff15ca00008b830000
0x2194	0x219e	10	28	DESB.DAT;1	003100310000ffffffff26ca0000cf880000
0x21b0	0x21ba	10	28	DESC.DAT;1	003100310000ffffffff38ca0000607b0000
0x21cc	0x21d8	12	28	DESERT.DAT;1	00310000ffffffff48ca00002ca30000
0x21e8	0x21f3	11	28	FLORA.DAT;1	0000310000ffffffff5dca0000ce830000
0x2204	0x220f	11	28	FLORB.DAT;1	0000310000ffffffff6eca000007a90000
0x2220	0x222b	11	28	FLORC.DAT;1	0000310000ffffffff84ca0000c9930000
0x223c	0x2249	13	28	FUKUOKA.DAT;1	000000ffffffff97ca0000f9cd0000
0x2258	0x2263	11	28	JUNGA.DAT;1	0031000000ffffffffb1ca0000228c0000
0x2274	0x227f	11	28	JUNGB.DAT;1	0031000000ffffffffc3ca00004d660000
0x2290	0x229b	11	28	JUNGC.DAT;1	0031000000ffffffffd0ca00001c800000
0x22ac	0x22b9	13	28	OFFROAD.DAT;1	000000ffffffffe1ca000042630000
0x22c8	0x22d3	11	28	OVAL2.DAT;1	0031000000ffffffffeeca0000813c0000
0x22e4	0x22ef	11	28	OVAL3.DAT;1	0031000000fffffffff6ca00003c440000
0x2300	0x230b	11	28	OVAL4.DAT;1	0031000000ffffffffffca00002e3a0000
0x231c	0x232a	14	28	PACIFINW.DAT;1	0000ffffffff07cb0000dd8a0000
0x2338	0x2344	12	28	SPRING.DAT;1	00310000ffffffff19cb0000a1ad0000
0x2354	0x2361	13	28	SPRING2.DAT;1	000000ffffffff2fcb0000a38c0000
0x2370	0x237c	12	28	UNLOCK.DAT;1	00000000ffffffff41cb0000670b0000
0x238c	0x239a	14	28	fontbase.dat;1	0000ffffffff43cb000008040000
0x23a8	0x23b6	14	28	fontdata.dat;1	0000ffffffff44cb000071140900
0x23c4	0x23c8	4	5	GAME	00
0x23c9	0x23d2	9	23	ata.dat;1	00001700000067cc000000000000
0x23e0	0x23e6	6	7	INGAME	00
0x23e7	0x23ee	7	21	a.dat;1	00002400000067cc000000000000
0x23fc	0x2403	7	8	LOADING	00
0x2404	0x240a	6	20	.dat;1	00002500000067cc000000000000
0x2418	0x241f	7	8	NUMBERS	00
0x2420	0x2426	6	20	.dat;1	00002600000067cc000000000000
0x2434	0x243a	6	8	SPEEDO	0000
0x243c	0x2442	6	20	.dat;1	00002700000067cc000000000000
0x2450	0x245c	12	28	barbig.ptg;1	00310000ffffffff67cc00001b3a0000
0x246c	0x2478	12	28	Barsub.ptg;1	00310000ffffffff6fcc00007f010000
0x2488	0x2496	14	28	Bgarrow1.ptg;1	0000ffffffff70cc000009050000
0x24a4	0x24b2	14	28	BgArrow2.ptg;1	0000ffffffff71cc000001040000
0x24c0	0x24cd	13	28	CarGlow.ptg;1	000000ffffffff72cc00002d0c0000
0x24dc	0x24e0	4	5	CARS	00
0x24e1	0x24e9	8	23	ow.ptg;1	0000001800000074cc000000000000
0x24f8	0x24fd	5	6	CHALL	00
0x24fe	0x2505	7	22	w.ptg;1	0000001900000074cc000000000000
0x2514	0x2522	14	28	complete.ptg;1	0000ffffffff74cc00008c030000
0x2530	0x253a	10	11	dial.ptg;1	00
0x253b	0x253e	3	17	g;1	0000ffffffff75cc000066040000
0x254c	0x255a	14	28	dialGRAD.ptg;1	0000ffffffff76cc0000b4040000
0x2568	0x2576	14	28	drRating.ptg;1	0000ffffffff77cc000084140000
0x2584	0x2590	12	28	Exclam.ptg;1	00310000ffffffff7acc0000d8020000
0x25a0	0x25ae	14	28	FordOvEU.ptg;1	0000ffffffff7bcc0000844e0000
0x25bc	0x25ca	14	28	FordOvUS.ptg;1	0000ffffffff85cc00007b4e0000
0x25d8	0x25e6	14	28	FordrcEU.ptg;1	0000ffffffff8fcc0000c08c0000
0x25f4	0x2602	14	28	FordrcUS.ptg;1	0000ffffffffa1cc0000c18c0000
0x2610	0x261a	10	11	grad.ptg;1	00
0x261b	0x261e	3	17	g;1	0000ffffffffb3cc000037070000
0x262c	0x2632	6	7	LIVERY	00
0x2633	0x2636	3	4	g;1	00
0x2637	0x263a	3	17	g;1	00001a000000b4cc000000000000
0x2648	0x2654	12	28	Locked.ptg;1	00310000ffffffffb4cc000006020000
0x2664	0x266a	6	7	MATRIX	00
0x266b	0x2670	5	21	ptg;1	003100001b000000b5cc000000000000
0x2680	0x2688	8	9	MODEICON	00
0x2689	0x268c	3	19	g;1	003100001c000000b5cc000000000000
0x269c	0x26aa	14	28	notavail.ptg;1	0000ffffffffb5cc00006e030000
0x26b8	0x26bf	7	8	OPTIONS	00
0x26c0	0x26c6	6	20	.ptg;1	00001d000000b6cc000000000000
0x26d4	0x26e1	13	28	passcd0.ptg;1	000000ffffffffb6cc0000c9010000
0x26f0	0x26fd	13	28	passcd1.ptg;1	000000ffffffffb7cc0000e8030000
0x270c	0x2717	11	28	Pause.ptg;1	0031000000ffffffffb8cc00007c050000
0x2728	0x2735	13	28	PCEnter.ptg;1	000000ffffffffb9cc000049160000
0x2744	0x2752	14	28	PCEscape.ptg;1	0000ffffffffbccc0000de0f0000
0x2760	0x276c	12	28	PCkeyC.ptg;1	00310000ffffffffbecc0000dc0f0000
0x277c	0x2788	12	28	player.ptg;1	00310000ffffffffc0cc000083030000
0x2798	0x27a6	14	31	posnscrn.ptg;1	0000ffffffffc1cc0000ae780000505300
0x27b7	0x27c2	11	25	nscrn.ptg;1	00001e000000d1cc000000000000
0x27d0	0x27de	14	28	PSCircle.ptg;1	0000ffffffffd1cc0000b4130000
0x27ec	0x27f9	13	28	PSCross.ptg;1	000000ffffffffd4cc00004b130000
0x2808	0x2816	14	28	PSSquare.ptg;1	0000ffffffffd7cc0000aa130000
0x2824	0x2832	14	28	PSTriang.ptg;1	0000ffffffffdacc00004b130000
0x2840	0x284e	14	28	question.ptg;1	0000ffffffffddcc0000eb010000
0x285c	0x2869	13	28	rating0.ptg;1	000000ffffffffdecc000027010000
0x2878	0x2885	13	28	rating1.ptg;1	000000ffffffffdfcc00002e010000
0x2894	0x28a2	14	28	roundcrn.ptg;1	0000ffffffffe0cc000076050000
0x28b0	0x28bd	13	28	smarrow.ptg;1	000000ffffffffe1cc000056010000
0x28cc	0x28d9	13	28	StartEU.ptg;1	000000ffffffffe2cc000004500000
0x28e8	0x28f5	13	28	StartUS.ptg;1	000000ffffffffedcc000003500000
0x2904	0x2912	14	28	trackglo.ptg;1	0000fffffffff8cc0000c80c0000
0x2920	0x2926	6	7	TRACKS	00
0x2927	0x292e	7	21	o.ptg;1	00001f000000facc000000000000
0x293c	0x2943	7	8	TRACKS2	00
0x2944	0x294a	6	20	.ptg;1	000020000000facc000000000000
0x2958	0x295e	6	8	TROPHY	0000
0x2960	0x2966	6	20	.ptg;1	000021000000facc000000000000
0x2974	0x297b	7	8	TROPHY2	00
0x297c	0x2982	6	20	.ptg;1	000022000000facc000000000000
0x2990	0x299e	14	28	Unlocked.ptg;1	0000fffffffffacc0000db010000
0x29ac	0x29b9	13	31	uparrow.ptg;1	000000fffffffffbcc000051010000584200
0x29cb	0x29d5	10	25	rrow.ptg;1	00000023000000fccc000000000000
0x29e4	0x29ee	10	28	xb_a.ptg;1	003b31000000fffffffffccc000086100000
0x2a00	0x2a0a	10	28	xb_b.ptg;1	003b31000000ffffffffffcc00007b100000
0x2a1c	0x2a26	10	28	xb_x.ptg;1	003b31000000ffffffff02cd000076100000
0x2a38	0x2a42	10	28	xb_y.ptg;1	003b31000000ffffffff05cd0000f3100000
0x2a54	0x2a62	14	28	49couped.ptg;1	0000ffffffff08cd000047620000
0x2a70	0x2a7e	14	28	49movied.ptg;1	0000ffffffff15cd0000cb5f0000
0x2a8c	0x2a98	12	28	cobrad.ptg;1	00310000ffffffff21cd000087600000
0x2aa8	0x2ab5	13	28	crownvd.ptg;1	000000ffffffff2ecd00002c6b0000
0x2ac4	0x2acd	9	10	exd.ptg;1	00
0x2ace	0x2ad1	3	18	g;1	000000ffffffff3ccd00002d5c0000
0x2ae0	0x2aee	14	28	explored.ptg;1	0000ffffffff48cd000060630000
0x2afc	0x2b09	13	28	f10056d.ptg;1	000000ffffffff55cd0000e76c0000
0x2b18	0x2b25	13	28	f10065d.ptg;1	000000ffffffff63cd000075720000
0x2b34	0x2b41	13	28	f15004d.ptg;1	000000ffffffff72cd0000db6b0000
0x2b50	0x2b5b	11	28	f150d.ptg;1	0031000000ffffffff80cd00007a5e0000
0x2b6c	0x2b77	11	28	f350d.ptg;1	0031000000ffffffff8ccd0000d76b0000
0x2b88	0x2b95	13	28	focsvtd.ptg;1	000000ffffffff9acd00003d5b0000
0x2ba4	0x2bb1	13	28	focwrcd.ptg;1	000000ffffffffa6cd00006d5e0000
0x2bc0	0x2bcd	13	28	fordgtd.ptg;1	000000ffffffffb2cd0000af700000
0x2bdc	0x2be8	12	28	fortyd.ptg;1	00000000ffffffffc1cd000022620000
0x2bf8	0x2c04	12	28	fr200d.ptg;1	00000000ffffffffcecd00007b620000
0x2c14	0x2c20	12	28	fr500d.ptg;1	00000000ffffffffdbcd00006d6a0000
0x2c30	0x2c3b	11	28	gt90d.ptg;1	0000000000ffffffffe9cd0000226f0000
0x2c4c	0x2c59	13	28	indigod.ptg;1	000000fffffffff7cd0000d8630000
0x2c68	0x2c74	12	28	lightd.ptg;1	00000000ffffffff04ce0000da6c0000
0x2c84	0x2c91	13	28	mach1ad.ptg;1	000000ffffffff12ce0000d26c0000
0x2ca0	0x2cad	13	28	mach1sd.ptg;1	000000ffffffff20ce000085700000
0x2cbc	0x2cc8	12	28	mach3d.ptg;1	00000000ffffffff2fce0000966a0000
0x2cd8	0x2ce6	14	28	must68bd.ptg;1	0000ffffffff3dce0000e95d0000
0x2cf4	0x2d01	13	28	must68d.ptg;1	000000ffffffff49ce00001c650000
0x2d10	0x2d1e	14	28	mustcond.ptg;1	0000ffffffff56ce000002780000
0x2d2c	0x2d38	12	28	powerd.ptg;1	00310000ffffffff66ce0000267b0000
0x2d48	0x2d56	14	28	tbird22d.ptg;1	0000ffffffff76ce000079710000
0x2d64	0x2d70	12	28	tbirdd.ptg;1	00310000ffffffff85ce0000ad680000
0x2d80	0x2d8d	13	28	tbirdmd.ptg;1	000000ffffffff93ce00006a6b0000
0x2d9c	0x2da9	13	28	torinod.ptg;1	000000ffffffffa1ce0000716b0000
0x2db8	0x2dc3	11	28	tsad1.ptg;1	0031000000ffffffffafce00005f640000
0x2dd4	0x2ddf	11	28	tsbd1.ptg;1	0031000000ffffffffbcce00001a610000
0x2df0	0x2dfb	11	28	tscd1.ptg;1	0031000000ffffffffc9ce00006b5f0000
0x2e0c	0x2e17	11	28	tsdd1.ptg;1	0031000000ffffffffd5ce0000fe5f0000
0x2e28	0x2e36	14	28	ChallGlo.ptg;1	0000ffffffffe1ce0000d00a0000
0x2e44	0x2e51	13	28	concept.ptg;1	000000ffffffffe3ce00006b050000
0x2e60	0x2e6c	12	28	custom.ptg;1	00000000ffffffffe4ce000010050000
0x2e7c	0x2e88	12	28	living.ptg;1	00000000ffffffffe5ce0000eb040000
0x2e98	0x2ea3	11	28	movie.ptg;1	0000000000ffffffffe6ce000057040000
0x2eb4	0x2ec1	13	28	offroad.ptg;1	000000ffffffffe7ce00006c050000
0x2ed0	0x2edb	11	28	stock.ptg;1	0031000000ffffffffe8ce000061040000
0x2eec	0x2ef5	9	28	svt.ptg;1	00310031000000ffffffffe9ce00001c050000
0x2f08	0x2f16	14	28	49coupea.ptg;1	0000ffffffffeace000003770000
0x2f24	0x2f32	14	28	49coupeb.ptg;1	0000fffffffff9ce0000017a0000
0x2f40	0x2f4e	14	28	49coupec.ptg;1	0000ffffffff09cf0000f97a0000
0x2f5c	0x2f6a	14	28	49couped.ptg;1	0000ffffffff19cf000098760000
0x2f78	0x2f86	14	28	49movied.ptg;1	0000ffffffff28cf0000c6700000
0x2f94	0x2fa0	12	28	cobraa.ptg;1	00310000ffffffff37cf000050760000
0x2fb0	0x2fbc	12	28	cobrab.ptg;1	00310000ffffffff46cf0000cb6d0000
0x2fcc	0x2fd8	12	28	cobrac.ptg;1	00310000ffffffff54cf0000a0780000
0x2fe8	0x2ff4	12	28	cobrad.ptg;1	00310000ffffffff64cf0000d1770000
0x3004	0x3011	13	28	crownva.ptg;1	000000ffffffff73cf000009620000
0x3020	0x302d	13	28	crownvb.ptg;1	000000ffffffff80cf0000406b0000
0x303c	0x3049	13	28	crownvc.ptg;1	000000ffffffff8ecf0000355d0000
0x3058	0x3065	13	28	crownvd.ptg;1	000000ffffffff9acf000075690000
0x3074	0x307d	9	10	exa.ptg;1	00
0x307e	0x3081	3	18	g;1	000000ffffffffa8cf0000fe6f0000
0x3090	0x3099	9	10	exb.ptg;1	00
0x309a	0x309d	3	18	g;1	000000ffffffffb6cf0000db6c0000
0x30ac	0x30b5	9	10	exc.ptg;1	00
0x30b6	0x30b9	3	18	g;1	000000ffffffffc4cf0000f4730000
0x30c8	0x30d1	9	10	exd.ptg;1	00
0x30d2	0x30d5	3	18	g;1	000000ffffffffd3cf0000e16f0000
0x30e4	0x30f2	14	28	explorea.ptg;1	0000ffffffffe1cf000032740000
0x3100	0x310e	14	28	exploreb.ptg;1	0000fffffffff0cf0000af6e0000
0x311c	0x312a	14	28	explorec.ptg;1	0000fffffffffecf0000d07e0000
0x3138	0x3146	14	28	explored.ptg;1	0000ffffffff0ed00000d17b0000
0x3154	0x3161	13	28	f10056a.ptg;1	000000ffffffff1ed000009c780000
0x3170	0x317d	13	28	f10056b.ptg;1	000000ffffffff2ed0000071760000
0x318c	0x3199	13	28	f10056c.ptg;1	000000ffffffff3dd0000014720000
0x31a8	0x31b5	13	28	f10056d.ptg;1	000000ffffffff4cd00000ca760000
0x31c4	0x31d1	13	28	f10065a.ptg;1	000000ffffffff5bd0000071650000
0x31e0	0x31ed	13	28	f10065b.ptg;1	000000ffffffff68d00000d6620000
0x31fc	0x3209	13	28	f10065c.ptg;1	000000ffffffff75d000005a690000
0x3218	0x3225	13	28	f10065d.ptg;1	000000ffffffff83d000001c670000
0x3234	0x3241	13	28	f15004a.ptg;1	000000ffffffff90d000000d6e0000
0x3250	0x325d	13	28	f15004b.ptg;1	000000ffffffff9ed0000051620000
0x326c	0x3279	13	28	f15004c.ptg;1	000000ffffffffabd0000081720000
0x3288	0x3295	13	28	f15004d.ptg;1	000000ffffffffbad00000cb740000
0x32a4	0x32af	11	28	f150a.ptg;1	0031000000ffffffffc9d00000da6f0000
0x32c0	0x32cb	11	28	f150b.ptg;1	0031000000ffffffffd7d000005a710000
0x32dc	0x32e7	11	28	f150c.ptg;1	0031000000ffffffffe6d00000b3660000
0x32f8	0x3303	11	28	f150d.ptg;1	0031000000fffffffff3d00000af6a0000
0x3314	0x331f	11	28	f350a.ptg;1	0031000000ffffffff01d10000435f0000
0x3330	0x333b	11	28	f350b.ptg;1	0031000000ffffffff0dd10000156e0000
0x334c	0x3357	11	28	f350c.ptg;1	0031000000ffffffff1bd10000c46c0000
0x3368	0x3373	11	28	f350d.ptg;1	0031000000ffffffff29d1000087730000
0x3384	0x3391	13	28	focsvta.ptg;1	000000ffffffff38d1000061710000
0x33a0	0x33ad	13	28	focsvtb.ptg;1	000000ffffffff47d10000027c0000
0x33bc	0x33c9	13	28	focsvtc.ptg;1	000000ffffffff57d1000042840000
0x33d8	0x33e5	13	28	focsvtd.ptg;1	000000ffffffff68d100004a7b0000
0x33f4	0x3401	13	28	focwrca.ptg;1	000000ffffffff78d1000085920000
0x3410	0x341d	13	28	focwrcd.ptg;1	000000ffffffff8bd10000e68f0000
0x342c	0x3439	13	28	fordgta.ptg;1	000000ffffffff9dd1000071680000
0x3448	0x3455	13	28	fordgtb.ptg;1	000000ffffffffabd1000010670000
0x3464	0x3471	13	28	fordgtc.ptg;1	000000ffffffffb8d1000009660000
0x3480	0x348d	13	28	fordgtd.ptg;1	000000ffffffffc5d10000b0670000
0x349c	0x34a8	12	28	fortya.ptg;1	00000000ffffffffd2d10000a8640000
0x34b8	0x34c4	12	28	fortyb.ptg;1	00000000ffffffffdfd1000022630000
0x34d4	0x34e0	12	28	fortyc.ptg;1	00000000ffffffffecd100005b640000
0x34f0	0x34fc	12	28	fortyd.ptg;1	00000000fffffffff9d10000495d0000
0x350c	0x3518	12	28	fr200a.ptg;1	00000000ffffffff05d20000f97e0000
0x3528	0x3534	12	28	fr200b.ptg;1	00000000ffffffff15d20000788a0000
0x3544	0x3550	12	28	fr200c.ptg;1	00000000ffffffff27d20000ad8f0000
0x3560	0x356c	12	28	fr200d.ptg;1	00000000ffffffff39d20000f37e0000
0x357c	0x3588	12	28	fr500a.ptg;1	00000000ffffffff49d200007b6b0000
0x3598	0x35a4	12	28	fr500b.ptg;1	00000000ffffffff57d200000e680000
0x35b4	0x35c0	12	28	fr500c.ptg;1	00000000ffffffff65d20000e8730000
0x35d0	0x35dc	12	28	fr500d.ptg;1	00000000ffffffff74d20000e5710000
0x35ec	0x35f7	11	28	gt90a.ptg;1	0000000000ffffffff83d200006c650000
0x3608	0x3613	11	28	gt90b.ptg;1	0000000000ffffffff90d20000906b0000
0x3624	0x362f	11	28	gt90c.ptg;1	0000000000ffffffff9ed200006a6f0000
0x3640	0x364b	11	28	gt90d.ptg;1	0000000000ffffffffacd200005f650000
0x365c	0x3669	13	28	indigoa.ptg;1	000000ffffffffb9d2000017580000
0x3678	0x3685	13	28	indigob.ptg;1	000000ffffffffc5d200001c580000
0x3694	0x36a1	13	28	indigoc.ptg;1	000000ffffffffd1d2000057580000
0x36b0	0x36bd	13	28	indigod.ptg;1	000000ffffffffddd20000085c0000
0x36cc	0x36d8	12	28	lighta.ptg;1	00000000ffffffffe9d2000037750000
0x36e8	0x36f4	12	28	lightb.ptg;1	00000000fffffffff8d20000f47d0000
0x3704	0x3710	12	28	lightc.ptg;1	00000000ffffffff08d30000af730000
0x3720	0x372c	12	28	lightd.ptg;1	00000000ffffffff17d30000e87f0000
0x373c	0x3749	13	28	mach1ad.ptg;1	000000ffffffff27d300001c5d0000
0x3758	0x3765	13	28	mach1sd.ptg;1	000000ffffffff33d30000ca5f0000
0x3774	0x3780	12	28	mach3a.ptg;1	00000000ffffffff3fd30000d86c0000
0x3790	0x379c	12	28	mach3b.ptg;1	00000000ffffffff4dd300009c690000
0x37ac	0x37b8	12	28	mach3c.ptg;1	00000000ffffffff5bd3000024710000
0x37c8	0x37d4	12	28	mach3d.ptg;1	00000000ffffffff6ad30000f2690000
0x37e4	0x37f1	13	28	must68a.ptg;1	000000ffffffff78d30000c26d0000
0x3800	0x380d	13	28	must68b.ptg;1	000000ffffffff86d30000a56f0000
0x381c	0x382a	14	28	must68bd.ptg;1	0000ffffffff94d3000043690000
0x3838	0x3845	13	28	must68c.ptg;1	000000ffffffffa2d300007e6d0000
0x3854	0x3861	13	28	must68d.ptg;1	000000ffffffffb0d300001f700000
0x3870	0x387e	14	28	mustcona.ptg;1	0000ffffffffbfd30000ac700000
0x388c	0x389a	14	28	mustconb.ptg;1	0000ffffffffced30000e66d0000
0x38a8	0x38b6	14	28	mustconc.ptg;1	0000ffffffffdcd300003e670000
0x38c4	0x38d2	14	28	mustcond.ptg;1	0000ffffffffe9d300007d6d0000
0x38e0	0x38ec	12	28	powera.ptg;1	00310000fffffffff7d30000867d0000
0x38fc	0x3908	12	28	powerb.ptg;1	00310000ffffffff07d400004e7c0000
0x3918	0x3924	12	28	powerc.ptg;1	00310000ffffffff17d40000db7b0000
0x3934	0x3940	12	28	powerd.ptg;1	00310000ffffffff27d40000f47c0000
0x3950	0x395e	14	28	tbird22a.ptg;1	0000ffffffff37d400005e6c0000
0x396c	0x397a	14	28	tbird22b.ptg;1	0000ffffffff45d400008f6d0000
0x3988	0x3996	14	28	tbird22c.ptg;1	0000ffffffff53d40000d55f0000
0x39a4	0x39b2	14	28	tbird22d.ptg;1	0000ffffffff5fd40000cd660000
0x39c0	0x39cc	12	28	tbirda.ptg;1	00310000ffffffff6cd400002a620000
0x39dc	0x39e8	12	28	tbirdb.ptg;1	00310000ffffffff79d40000df550000
0x39f8	0x3a04	12	28	tbirdc.ptg;1	00310000ffffffff84d4000083650000
0x3a14	0x3a20	12	28	tbirdd.ptg;1	00310000ffffffff91d40000b5600000
0x3a30	0x3a3d	13	28	tbirdmd.ptg;1	000000ffffffff9ed400000f750000
0x3a4c	0x3a57	11	28	Thumbs.db;1	0031000000ffffffffadd4000000fc0200
0x3a68	0x3a75	13	28	torinod.ptg;1	000000ffffffff0dd500007e660000
0x3a84	0x3a8f	11	28	tsaa1.ptg;1	0031000000ffffffff1ad500000f780000
0x3aa0	0x3aab	11	28	tsaa2.ptg;1	0031000000ffffffff2ad50000f5780000
0x3abc	0x3ac7	11	28	tsab1.ptg;1	0031000000ffffffff3ad500000b7a0000
0x3ad8	0x3ae3	11	28	tsab2.ptg;1	0031000000ffffffff4ad50000507a0000
0x3af4	0x3aff	11	28	tsac1.ptg;1	0031000000ffffffff5ad50000d7770000
0x3b10	0x3b1b	11	28	tsac2.ptg;1	0031000000ffffffff69d50000ad770000
0x3b2c	0x3b37	11	28	tsad1.ptg;1	0031000000ffffffff78d500003d7a0000
0x3b48	0x3b53	11	28	tsad2.ptg;1	0031000000ffffffff88d50000517a0000
0x3b64	0x3b6f	11	28	tsba1.ptg;1	0031000000ffffffff98d5000073750000
0x3b80	0x3b8b	11	28	tsba2.ptg;1	0031000000ffffffffa7d50000eb750000
0x3b9c	0x3ba7	11	28	tsbb1.ptg;1	0031000000ffffffffb6d5000079710000
0x3bb8	0x3bc3	11	28	tsbb2.ptg;1	0031000000ffffffffc5d50000f4710000
0x3bd4	0x3bdf	11	28	tsbc1.ptg;1	0031000000ffffffffd4d50000e4710000
0x3bf0	0x3bfb	11	28	tsbc2.ptg;1	0031000000ffffffffe3d50000d9710000
0x3c0c	0x3c17	11	28	tsbd1.ptg;1	0031000000fffffffff2d5000000780000
0x3c28	0x3c33	11	28	tsbd2.ptg;1	0031000000ffffffff01d60000be770000
0x3c44	0x3c4f	11	28	tsca1.ptg;1	0031000000ffffffff10d60000ad720000
0x3c60	0x3c6b	11	28	tsca2.ptg;1	0031000000ffffffff1fd6000098720000
0x3c7c	0x3c87	11	28	tscb1.ptg;1	0031000000ffffffff2ed60000b5700000
0x3c98	0x3ca3	11	28	tscb2.ptg;1	0031000000ffffffff3dd6000068710000
0x3cb4	0x3cbf	11	28	tscc1.ptg;1	0031000000ffffffff4cd6000009700000
0x3cd0	0x3cdb	11	28	tscc2.ptg;1	0031000000ffffffff5bd60000a26f0000
0x3cec	0x3cf7	11	28	tscd1.ptg;1	0031000000ffffffff69d600007f640000
0x3d08	0x3d13	11	28	tscd2.ptg;1	0031000000ffffffff76d600004d640000
0x3d24	0x3d2f	11	28	tsda1.ptg;1	0031000000ffffffff83d60000f4710000
0x3d40	0x3d4b	11	28	tsda2.ptg;1	0031000000ffffffff92d6000001710000
0x3d5c	0x3d67	11	28	tsdb1.ptg;1	0031000000ffffffffa1d60000c66c0000
0x3d78	0x3d83	11	28	tsdb2.ptg;1	0031000000ffffffffafd600004e6d0000
0x3d94	0x3d9f	11	28	tsdc1.ptg;1	0031000000ffffffffbdd60000f56d0000
0x3db0	0x3dbb	11	28	tsdc2.ptg;1	0031000000ffffffffcbd60000e36d0000
0x3dcc	0x3dd7	11	28	tsdd1.ptg;1	0031000000ffffffffd9d600004f670000
0x3de8	0x3df3	11	28	tsdd2.ptg;1	0031000000ffffffffe6d600000d680000
0x3e04	0x3e12	14	28	49coupea.ptg;1	0000fffffffff4d6000003170000
0x3e20	0x3e2e	14	28	49coupeb.ptg;1	0000fffffffff7d6000091160000
0x3e3c	0x3e4a	14	28	49coupec.ptg;1	0000fffffffffad6000080170000
0x3e58	0x3e66	14	28	49couped.ptg;1	0000fffffffffdd6000011170000
0x3e74	0x3e82	14	28	49movied.ptg;1	0000ffffffff00d70000fd160000
0x3e90	0x3e9c	12	28	cobraa.ptg;1	00310000ffffffff03d7000025170000
0x3eac	0x3eb8	12	28	cobrab.ptg;1	00310000ffffffff06d70000ce160000
0x3ec8	0x3ed4	12	28	cobrac.ptg;1	00310000ffffffff09d70000c8160000
0x3ee4	0x3ef0	12	28	cobrad.ptg;1	00310000ffffffff0cd70000ab160000
0x3f00	0x3f0d	13	28	crownva.ptg;1	000000ffffffff0fd70000ad160000
0x3f1c	0x3f29	13	28	crownvb.ptg;1	000000ffffffff12d7000090160000
0x3f38	0x3f45	13	28	crownvc.ptg;1	000000ffffffff15d700005f160000
0x3f54	0x3f61	13	28	crownvd.ptg;1	000000ffffffff18d7000061160000
0x3f70	0x3f79	9	10	exa.ptg;1	00
0x3f7a	0x3f7d	3	18	g;1	000000ffffffff1bd7000035170000
0x3f8c	0x3f95	9	10	exb.ptg;1	00
0x3f96	0x3f99	3	18	g;1	000000ffffffff1ed700004d170000
0x3fa8	0x3fb1	9	10	exc.ptg;1	00
0x3fb2	0x3fb5	3	18	g;1	000000ffffffff21d70000fa160000
0x3fc4	0x3fcd	9	10	exd.ptg;1	00
0x3fce	0x3fd1	3	18	g;1	000000ffffffff24d7000046170000
0x3fe0	0x3fee	14	28	explorea.ptg;1	0000ffffffff27d700003e160000
0x3ffc	0x400a	14	28	exploreb.ptg;1	0000ffffffff2ad7000091160000
0x4018	0x4026	14	28	explorec.ptg;1	0000ffffffff2dd7000027170000
0x4034	0x4042	14	28	explored.ptg;1	0000ffffffff30d70000b9160000
0x4050	0x405d	13	28	f10056a.ptg;1	000000ffffffff33d7000003170000
0x406c	0x4079	13	28	f10056b.ptg;1	000000ffffffff36d70000a7160000
0x4088	0x4095	13	28	f10056c.ptg;1	000000ffffffff39d70000cb160000
0x40a4	0x40b1	13	28	f10056d.ptg;1	000000ffffffff3cd70000b8160000
0x40c0	0x40cd	13	28	f10065a.ptg;1	000000ffffffff3fd70000a8160000
0x40dc	0x40e9	13	28	f10065b.ptg;1	000000ffffffff42d70000b9160000
0x40f8	0x4105	13	28	f10065c.ptg;1	000000ffffffff45d70000e1160000
0x4114	0x4121	13	28	f10065d.ptg;1	000000ffffffff48d7000090160000
0x4130	0x413d	13	28	f15004a.ptg;1	000000ffffffff4bd70000b4160000
0x414c	0x4159	13	28	f15004b.ptg;1	000000ffffffff4ed7000090160000
0x4168	0x4175	13	28	f15004c.ptg;1	000000ffffffff51d70000e7160000
0x4184	0x4191	13	28	f15004d.ptg;1	000000ffffffff54d70000a7160000
0x41a0	0x41ab	11	28	f150a.ptg;1	0031000000ffffffff57d7000034170000
0x41bc	0x41c7	11	28	f150b.ptg;1	0031000000ffffffff5ad70000d0160000
0x41d8	0x41e3	11	28	f150c.ptg;1	0031000000ffffffff5dd700008f160000
0x41f4	0x41ff	11	28	f150d.ptg;1	0031000000ffffffff60d70000a6160000
0x4210	0x421b	11	28	f350a.ptg;1	0031000000ffffffff63d7000002150000
0x422c	0x4237	11	28	f350b.ptg;1	0031000000ffffffff66d70000f1150000
0x4248	0x4253	11	28	f350c.ptg;1	0031000000ffffffff69d7000019160000
0x4264	0x426f	11	28	f350d.ptg;1	0031000000ffffffff6cd70000d8150000
0x4280	0x428d	13	28	focsvta.ptg;1	000000ffffffff6fd70000e8160000
0x429c	0x42a9	13	28	focsvtb.ptg;1	000000ffffffff72d7000053160000
0x42b8	0x42c5	13	28	focsvtc.ptg;1	000000ffffffff75d70000a3160000
0x42d4	0x42e1	13	28	focsvtd.ptg;1	000000ffffffff78d70000e8160000
0x42f0	0x42fd	13	28	focwrca.ptg;1	000000ffffffff7bd70000fa160000
0x430c	0x4319	13	28	focwrcd.ptg;1	000000ffffffff7ed700003b170000
0x4328	0x4335	13	28	fordgta.ptg;1	000000ffffffff81d7000020170000
0x4344	0x4351	13	28	fordgtb.ptg;1	000000ffffffff84d7000091160000
0x4360	0x436d	13	28	fordgtc.ptg;1	000000ffffffff87d7000022170000
0x437c	0x4389	13	28	fordgtd.ptg;1	000000ffffffff8ad70000fd160000
0x4398	0x43a4	12	28	fortya.ptg;1	00000000ffffffff8dd7000013170000
0x43b4	0x43c0	12	28	fortyb.ptg;1	00000000ffffffff90d700003b160000
0x43d0	0x43dc	12	28	fortyc.ptg;1	00000000ffffffff93d70000bb160000
0x43ec	0x43f8	12	28	fortyd.ptg;1	00000000ffffffff96d70000c0160000
0x4408	0x4414	12	28	fr200a.ptg;1	00000000ffffffff99d700009c140000
0x4424	0x4430	12	28	fr200b.ptg;1	00000000ffffffff9cd7000035150000
0x4440	0x444c	12	28	fr200c.ptg;1	00000000ffffffff9fd700007c160000
0x445c	0x4468	12	28	fr200d.ptg;1	00000000ffffffffa2d70000da160000
0x4478	0x4484	12	28	fr500a.ptg;1	00000000ffffffffa5d7000046160000
0x4494	0x44a0	12	28	fr500b.ptg;1	00000000ffffffffa8d7000016170000
0x44b0	0x44bc	12	28	fr500c.ptg;1	00000000ffffffffabd7000079160000
0x44cc	0x44d8	12	28	fr500d.ptg;1	00000000ffffffffaed700001d170000
0x44e8	0x44f3	11	28	gt90a.ptg;1	0000000000ffffffffb1d70000fa150000
0x4504	0x450f	11	28	gt90b.ptg;1	0000000000ffffffffb4d70000c2160000
0x4520	0x452b	11	28	gt90c.ptg;1	0000000000ffffffffb7d700002e170000
0x453c	0x4547	11	28	gt90d.ptg;1	0000000000ffffffffbad700002a170000
0x4558	0x4565	13	28	indigoa.ptg;1	000000ffffffffbdd7000098160000
0x4574	0x4581	13	28	indigob.ptg;1	000000ffffffffc0d7000093160000
0x4590	0x459d	13	28	indigoc.ptg;1	000000ffffffffc3d70000ab160000
0x45ac	0x45b9	13	28	indigod.ptg;1	000000ffffffffc6d70000e7160000
0x45c8	0x45d4	12	28	lighta.ptg;1	00000000ffffffffc9d70000a9170000
0x45e4	0x45f0	12	28	lightb.ptg;1	00000000ffffffffccd7000010170000
0x4600	0x460c	12	28	lightc.ptg;1	00000000ffffffffcfd7000002170000
0x461c	0x4628	12	28	lightd.ptg;1	00000000ffffffffd2d70000fe150000
0x4638	0x4645	13	28	mach1ad.ptg;1	000000ffffffffd5d700006f160000
0x4654	0x4661	13	28	mach1sd.ptg;1	000000ffffffffd8d7000088160000
0x4670	0x467c	12	28	mach3a.ptg;1	00000000ffffffffdbd7000019170000
0x468c	0x4698	12	28	mach3b.ptg;1	00000000ffffffffded7000004170000
0x46a8	0x46b4	12	28	mach3c.ptg;1	00000000ffffffffe1d7000031170000
0x46c4	0x46d0	12	28	mach3d.ptg;1	00000000ffffffffe4d700002e170000
0x46e0	0x46ed	13	28	must68a.ptg;1	000000ffffffffe7d70000f0160000
0x46fc	0x4709	13	28	must68b.ptg;1	000000ffffffffead70000d9160000
0x4718	0x4726	14	28	must68bd.ptg;1	0000ffffffffedd7000065170000
0x4734	0x4741	13	28	must68c.ptg;1	000000fffffffff0d7000047170000
0x4750	0x475d	13	28	must68d.ptg;1	000000fffffffff3d700005a170000
0x476c	0x477a	14	28	mustcona.ptg;1	0000fffffffff6d7000014170000
0x4788	0x4796	14	28	mustconb.ptg;1	0000fffffffff9d7000020170000
0x47a4	0x47b2	14	28	mustconc.ptg;1	0000fffffffffcd7000087170000
0x47c0	0x47ce	14	28	mustcond.ptg;1	0000ffffffffffd70000a5170000
0x47dc	0x47e8	12	28	powera.ptg;1	00310000ffffffff02d8000040170000
0x47f8	0x4804	12	28	powerb.ptg;1	00310000ffffffff05d8000014170000
0x4814	0x4820	12	28	powerc.ptg;1	00310000ffffffff08d80000ff160000
0x4830	0x483c	12	28	powerd.ptg;1	00310000ffffffff0bd80000ef160000
0x484c	0x485a	14	28	tbird22a.ptg;1	0000ffffffff0ed80000d2160000
0x4868	0x4876	14	28	tbird22b.ptg;1	0000ffffffff11d8000037170000
0x4884	0x4892	14	28	tbird22c.ptg;1	0000ffffffff14d80000f3160000
0x48a0	0x48ae	14	28	tbird22d.ptg;1	0000ffffffff17d80000c4170000
0x48bc	0x48c8	12	28	tbirda.ptg;1	00310000ffffffff1ad8000033170000
0x48d8	0x48e4	12	28	tbirdb.ptg;1	00310000ffffffff1dd8000045160000
0x48f4	0x4900	12	28	tbirdc.ptg;1	00310000ffffffff20d80000d0160000
0x4910	0x491c	12	28	tbirdd.ptg;1	00310000ffffffff23d80000a5160000
0x492c	0x4939	13	28	tbirdmd.ptg;1	000000ffffffff26d8000091160000
0x4948	0x4953	11	28	Thumbs.db;1	0031000000ffffffff29d800005c990700
0x4964	0x4971	13	28	torinod.ptg;1	000000ffffffff1dd900003c160000
0x4980	0x498b	11	28	tsaa1.ptg;1	0031000000ffffffff20d9000015150000
0x499c	0x49a7	11	28	tsaa2.ptg;1	0031000000ffffffff23d90000cc140000
0x49b8	0x49c3	11	28	tsab1.ptg;1	0031000000ffffffff26d90000ed150000
0x49d4	0x49df	11	28	tsab2.ptg;1	0031000000ffffffff29d900004d150000
0x49f0	0x49fb	11	28	tsac1.ptg;1	0031000000ffffffff2cd90000c8160000
0x4a0c	0x4a17	11	28	tsac2.ptg;1	0031000000ffffffff2fd90000cf160000
0x4a28	0x4a33	11	28	tsad1.ptg;1	0031000000ffffffff32d9000003170000
0x4a44	0x4a4f	11	28	tsad2.ptg;1	0031000000ffffffff35d90000df160000
0x4a60	0x4a6b	11	28	tsba1.ptg;1	0031000000ffffffff38d90000f5160000
0x4a7c	0x4a87	11	28	tsba2.ptg;1	0031000000ffffffff3bd90000e0160000
0x4a98	0x4aa3	11	28	tsbb1.ptg;1	0031000000ffffffff3ed9000052150000
0x4ab4	0x4abf	11	28	tsbb2.ptg;1	0031000000ffffffff41d9000027150000
0x4ad0	0x4adb	11	28	tsbc1.ptg;1	0031000000ffffffff44d90000b6160000
0x4aec	0x4af7	11	28	tsbc2.ptg;1	0031000000ffffffff47d90000c1160000
0x4b08	0x4b13	11	28	tsbd1.ptg;1	0031000000ffffffff4ad90000fb160000
0x4b24	0x4b2f	11	28	tsbd2.ptg;1	0031000000ffffffff4dd9000007170000
0x4b40	0x4b4b	11	28	tsca1.ptg;1	0031000000ffffffff50d9000050150000
0x4b5c	0x4b67	11	28	tsca2.ptg;1	0031000000ffffffff53d900003c150000
0x4b78	0x4b83	11	28	tscb1.ptg;1	0031000000ffffffff56d90000e8160000
0x4b94	0x4b9f	11	28	tscb2.ptg;1	0031000000ffffffff59d9000013170000
0x4bb0	0x4bbb	11	28	tscc1.ptg;1	0031000000ffffffff5cd90000c6160000
0x4bcc	0x4bd7	11	28	tscc2.ptg;1	0031000000ffffffff5fd90000cb160000
0x4be8	0x4bf3	11	28	tscd1.ptg;1	0031000000ffffffff62d90000f6160000
0x4c04	0x4c0f	11	28	tscd2.ptg;1	0031000000ffffffff65d90000f7160000
0x4c20	0x4c2b	11	28	tsda1.ptg;1	0031000000ffffffff68d900003f150000
0x4c3c	0x4c47	11	28	tsda2.ptg;1	0031000000ffffffff6bd9000020150000
0x4c58	0x4c63	11	28	tsdb1.ptg;1	0031000000ffffffff6ed9000049170000
0x4c74	0x4c7f	11	28	tsdb2.ptg;1	0031000000ffffffff71d9000026170000
0x4c90	0x4c9b	11	28	tsdc1.ptg;1	0031000000ffffffff74d9000033150000
0x4cac	0x4cb7	11	28	tsdc2.ptg;1	0031000000ffffffff77d9000016150000
0x4cc8	0x4cd3	11	28	tsdd1.ptg;1	0031000000ffffffff7ad90000e7160000
0x4ce4	0x4cef	11	28	tsdd2.ptg;1	0031000000ffffffff7dd90000f7160000
0x4d00	0x4d0b	11	28	catch.ptg;1	0031000000ffffffff80d9000043070000
0x4d1c	0x4d2a	14	28	eliminat.ptg;1	0000ffffffff81d9000051060000
0x4d38	0x4d46	14	28	Modeglow.ptg;1	0000ffffffff82d90000f9070000
0x4d54	0x4d62	14	28	raceline.ptg;1	0000ffffffff83d9000024050000
0x4d70	0x4d7c	12	28	racing.ptg;1	00310000ffffffff84d9000011040000
0x4d8c	0x4d98	12	28	skills.ptg;1	00310000ffffffff85d90000b7070000
0x4da8	0x4db3	11	28	smash.ptg;1	0000310000ffffffff86d9000040060000
0x4dc4	0x4dd2	14	28	timeatta.ptg;1	0000ffffffff87d900003d070000
0x4de0	0x4dec	12	28	versus.ptg;1	00310000ffffffff88d90000f1050000
0x4dfc	0x4e05	9	28	kph.ptg;1	003b3100310000ffffffff89d90000f0010000
0x4e18	0x4e22	10	28	mono.ptg;1	003100310000ffffffff8ad900009f010000
0x4e34	0x4e3d	9	28	mph.ptg;1	00003100310000ffffffff8bd90000b9010000
0x4e50	0x4e58	8	28	no.ptg;1	0000003100310000ffffffff8cd90000a8010000
0x4e6c	0x4e79	13	28	scrnorm.ptg;1	000000ffffffff8dd90000bf010000
0x4e88	0x4e95	13	28	scrwide.ptg;1	000000ffffffff8ed90000cc010000
0x4ea4	0x4eb0	12	28	stereo.ptg;1	00000000ffffffff8fd90000f1010000
0x4ec0	0x4ecc	12	28	volbar.ptg;1	00000000ffffffff90d90000bc010000
0x4edc	0x4eea	14	28	volslide.ptg;1	0000ffffffff91d90000bf000000
0x4ef8	0x4f03	11	28	vwcar.ptg;1	003b310000ffffffff92d90000cf010000
0x4f14	0x4f20	12	28	vwcock.ptg;1	00310000ffffffff93d90000ef010000
0x4f30	0x4f39	9	28	yes.ptg;1	003b3100310000ffffffff94d90000af010000
0x4f4c	0x4f58	12	28	circle.ptg;1	00310000ffffffff95d900001e040000
0x4f68	0x4f73	11	28	cross.ptg;1	0000310000ffffffff96d90000f9030000
0x4f84	0x4f8f	11	28	dpadx.ptg;1	0000310000ffffffff97d90000f7030000
0x4fa0	0x4fa8	8	28	l1.ptg;1	003b310000310000ffffffff98d90000ab020000
0x4fbc	0x4fc4	8	28	l2.ptg;1	003b310000310000ffffffff99d9000006030000
0x4fd8	0x4fe4	12	28	lstkdn.ptg;1	00310000ffffffff9ad900003a070000
0x4ff4	0x5000	12	28	lstkup.ptg;1	00310000ffffffff9bd9000026070000
0x5010	0x501b	11	28	lstkx.ptg;1	0000310000ffffffff9cd90000e8070000
0x502c	0x5034	8	28	r1.ptg;1	003b310000310000ffffffff9dd90000f5020000
0x5048	0x5050	8	28	r2.ptg;1	003b310000310000ffffffff9ed9000047030000
0x5064	0x5070	12	28	rstkdn.ptg;1	00310000ffffffff9fd900002b070000
0x5080	0x508c	12	28	rstkup.ptg;1	00310000ffffffffa0d900002b070000
0x509c	0x50a7	11	28	rstkx.ptg;1	0000310000ffffffffa1d90000e1070000
0x50b8	0x50c4	12	28	select.ptg;1	00310000ffffffffa2d9000014030000
0x50d4	0x50e0	12	28	square.ptg;1	00310000ffffffffa3d90000ad030000
0x50f0	0x50fb	11	28	start.ptg;1	0000310000ffffffffa4d900008f050000
0x510c	0x511a	14	28	triangle.ptg;1	0000ffffffffa5d900001a040000
0x5128	0x5133	11	28	Bay_A.ptg;1	003b310000ffffffffa6d90000f3450000
0x5144	0x514f	11	28	Bay_B.ptg;1	003b310000ffffffffafd900008d3e0000
0x5160	0x516b	11	28	Bay_C.ptg;1	003b310000ffffffffb7d90000c73a0000
0x517c	0x518a	14	28	Desert_A.ptg;1	0000ffffffffbfd90000ee430000
0x5198	0x51a6	14	28	Desert_B.ptg;1	0000ffffffffc8d90000d1430000
0x51b4	0x51c2	14	28	Desert_C.ptg;1	0000ffffffffd1d90000e4450000
0x51d0	0x51dc	12	28	Flor_A.ptg;1	00310000ffffffffdad9000026410000
0x51ec	0x51f8	12	28	Flor_B.ptg;1	00310000ffffffffe3d900007a3d0000
0x5208	0x5214	12	28	Flor_C.ptg;1	00310000ffffffffebd90000ea3a0000
0x5224	0x5232	14	28	Jungle_A.ptg;1	0000fffffffff3d900003a470000
0x5240	0x524e	14	28	Jungle_B.ptg;1	0000fffffffffcd9000002440000
0x525c	0x526a	14	28	Jungle_C.ptg;1	0000ffffffff05da0000d3410000
0x5278	0x5284	12	28	Oval_A.ptg;1	00310000ffffffff0eda00006e3e0000
0x5294	0x52a0	12	28	Oval_B.ptg;1	00310000ffffffff16da000088290000
0x52b0	0x52be	14	28	Spring_A.ptg;1	0000ffffffff1cda000048420000
0x52cc	0x52da	14	28	Spring_B.ptg;1	0000ffffffff25da00007d440000
0x52e8	0x52f3	11	28	bay_a.ptg;1	003b310000ffffffff2eda0000c13a0100
0x5304	0x530f	11	28	bay_b.ptg;1	003b310000ffffffff56da0000046a0100
0x5320	0x532b	11	28	bay_c.ptg;1	003b310000ffffffff84da0000dd0f0100
0x533c	0x534a	14	28	DESERT_A.ptg;1	0000ffffffffa6da0000624a0100
0x5358	0x5366	14	28	Desert_B.ptg;1	0000ffffffffd0da0000362b0100
0x5374	0x5382	14	28	Desert_C.ptg;1	0000fffffffff6da00004e400100
0x5390	0x539c	12	28	flor_a.ptg;1	00310000ffffffff1fdb000063250100
0x53ac	0x53b8	12	28	Flor_B.ptg;1	00310000ffffffff44db0000e82b0100
0x53c8	0x53d4	12	28	flor_c.ptg;1	00310000ffffffff6adb0000aa240100
0x53e4	0x53f2	14	28	jungle_a.ptg;1	0000ffffffff8fdb000098350100
0x5400	0x540e	14	28	jungle_b.ptg;1	0000ffffffffb6db0000d7340100
0x541c	0x542a	14	28	jungle_c.ptg;1	0000ffffffffdddb000095260100
0x5438	0x5444	12	28	oval_A.ptg;1	00310000ffffffff02dc0000ab270100
0x5454	0x5460	12	28	oval_b.ptg;1	00310000ffffffff27dc00003b0d0100
0x5470	0x547e	14	28	spring_a.ptg;1	0000ffffffff49dc000042210100
0x548c	0x549a	14	28	spring_b.ptg;1	0000ffffffff6edc00004a100100
0x54a8	0x54b5	13	28	Amateur.ptg;1	000000ffffffff91dc0000040f0000
0x54c4	0x54cf	11	28	Chall.ptg;1	0031000000ffffffff93dc0000900e0000
0x54e0	0x54ed	13	28	Collect.ptg;1	000000ffffffff95dc0000e40e0000
0x54fc	0x5508	12	28	Expert.ptg;1	00000000ffffffff97dc0000db0e0000
0x5518	0x5521	9	28	fr2.ptg;1	003b3100000000ffffffff99dc000046110000
0x5534	0x5540	12	28	Legend.ptg;1	00000000ffffffff9cdc0000d40e0000
0x5550	0x5559	9	28	Pro.ptg;1	003b3100000000ffffffff9edc0000e70e0000
0x556c	0x5578	12	28	Rookie.ptg;1	00000000ffffffffa0dc0000ed0e0000
0x5588	0x5595	13	28	SemiPro.ptg;1	000000ffffffffa2dc0000f50e0000
0x55a4	0x55b1	13	28	Amateur.ptg;1	000000ffffffffa4dc0000f3f30000
0x55c0	0x55cb	11	28	catch.ptg;1	0031000000ffffffffc3dc00000ccf0000
0x55dc	0x55e7	11	28	Chall.ptg;1	0031000000ffffffffdddc0000cec60000
0x55f8	0x5605	13	28	Collect.ptg;1	000000fffffffff6dc0000ebdf0000
0x5614	0x5621	13	28	Concept.ptg;1	000000ffffffff12dd000047090100
0x5630	0x563c	12	28	Custom.ptg;1	00000000ffffffff34dd000026080100
0x564c	0x565a	14	28	Eliminat.ptg;1	0000ffffffff56dd00009fce0000
0x5668	0x5674	12	28	Expert.ptg;1	00310000ffffffff70dd000036f60000
0x5684	0x568d	9	28	fr2.ptg;1	003b3100310000ffffffff8fdd00002fbf0100
0x56a0	0x56ac	12	28	Legend.ptg;1	00310000ffffffffc7dd0000b3fb0000
0x56bc	0x56c8	12	28	Living.ptg;1	00310000ffffffffe7dd0000ef070100
0x56d8	0x56e6	14	28	modeglow.ptg;1	0000ffffffff08de0000ed070000
0x56f4	0x56ff	11	28	Movie.ptg;1	003b310000ffffffff09de0000e1070100
0x5710	0x571d	13	28	OffRoad.ptg;1	000000ffffffff2ade000018080100
0x572c	0x5735	9	10	Pro.ptg;1	00
0x5736	0x5739	3	18	g;1	000000ffffffff4cde000071f40000
0x5748	0x5756	14	28	RaceLine.ptg;1	0000ffffffff6bde0000eccd0000
0x5764	0x5770	12	28	Racing.ptg;1	00310000ffffffff85de0000a2cf0000
0x5780	0x578c	12	28	Rookie.ptg;1	00310000ffffffff9fde00000def0000
0x579c	0x57a9	13	28	SemiPro.ptg;1	000000ffffffffbdde0000a2f00000
0x57b8	0x57c4	12	28	Skills.ptg;1	00000000ffffffffdcde0000ebcf0000
0x57d4	0x57df	11	28	smash.ptg;1	0000000000fffffffff6de000028ce0000
0x57f0	0x57fb	11	28	Stock.ptg;1	0000000000ffffffff10df0000bc0c0100
0x580c	0x5815	9	28	Svt.ptg;1	00310000000000ffffffff32df0000ad080100
0x5828	0x5836	14	28	TimeAtta.ptg;1	0000ffffffff54df000022ce0000
0x5844	0x5850	12	28	versus.ptg;1	00310000ffffffff6edf000011ce0000
0x5860	0x5867	7	8	a.ptg;1	00
0x5868	0x586c	4	20	tg;1	00310000ffffffff88df0000f1060000
0x587c	0x5883	7	8	b.ptg;1	00
0x5884	0x5888	4	20	tg;1	00310000ffffffff89df0000d4060000
0x5898	0x58a2	10	28	back.ptg;1	003100310000ffffffff8adf00004c020000
0x58b4	0x58bf	11	28	black.ptg;1	0000310000ffffffff8bdf00005f040000
0x58d0	0x58db	11	28	dpadx.ptg;1	0000310000ffffffff8cdf0000ad030000
0x58ec	0x58f7	11	28	dpady.ptg;1	0000310000ffffffff8ddf00009d030000
0x5908	0x590f	7	8	L.ptg;1	00
0x5910	0x5913	3	20	g;1	0000310000ffffffff8edf000065010000
0x5924	0x5930	12	28	lstkdn.ptg;1	00310000ffffffff8fdf0000f2040000
0x5940	0x594c	12	28	lstkup.ptg;1	00310000ffffffff90df000002050000
0x595c	0x5967	11	28	lstkx.ptg;1	0000310000ffffffff91df0000c6030000
0x5978	0x5983	11	28	lstky.ptg;1	0000310000ffffffff92df0000d0030000
0x5994	0x599b	7	8	R.ptg;1	00
0x599c	0x599f	3	20	g;1	0000310000ffffffff93df0000be010000
0x59b0	0x59bc	12	28	rstkdn.ptg;1	00310000ffffffff94df0000ca040000
0x59cc	0x59d8	12	28	rstkup.ptg;1	00310000ffffffff95df0000dd040000
0x59e8	0x59f3	11	28	rstkx.ptg;1	0000310000ffffffff96df000005040000
0x5a04	0x5a0f	11	28	rstky.ptg;1	0000310000ffffffff97df0000d3030000
0x5a20	0x5a2c	12	28	select.ptg;1	00310000ffffffff98df00004c020000
0x5a3c	0x5a47	11	28	start.ptg;1	0000310000ffffffff99df0000c0020000
0x5a58	0x5a63	11	28	white.ptg;1	0000310000ffffffff9adf0000ac050000
0x5a74	0x5a7b	7	8	x.ptg;1	00
0x5a7c	0x5a7f	3	20	g;1	0000310000ffffffff9bdf0000c0060000
0x5a90	0x5a97	7	8	y.ptg;1	00
0x5a98	0x5a9b	3	20	g;1	0000310000ffffffff9cdf0000e5060000
0x5aac	0x5aba	14	28	cheqflag.ptg;1	0000ffffffff9ddf0000d5120000
0x5ac8	0x5ad4	12	28	mirror.ptg;1	00310000ffffffffa0df000051110000
0x5ae4	0x5af0	12	28	powerb.ptg;1	00310000ffffffffa3df0000fa010000
0x5b00	0x5b0c	12	28	powert.ptg;1	00310000ffffffffa4df0000f4010000
0x5b1c	0x5b28	12	28	start0.ptg;1	00310000ffffffffa5df0000e1060000
0x5b38	0x5b44	12	28	start1.ptg;1	00310000ffffffffa6df0000c0090000
0x5b54	0x5b60	12	28	start2.ptg;1	00310000ffffffffa8df0000680b0000
0x5b70	0x5b7c	12	28	start3.ptg;1	00310000ffffffffaadf0000570a0000
0x5b8c	0x5b99	13	28	turnrnd.ptg;1	000000ffffffffacdf0000e7040000
0x5ba8	0x5bb6	14	28	_loadbar.ptg;1	0000ffffffffaddf0000fd000000
0x5bc4	0x5bd2	14	28	DolbyPro.ptg;1	0000ffffffffaedf0000fc3e0000
0x5be0	0x5bea	10	11	freq.ptg;1	00
0x5beb	0x5bee	3	17	g;1	0000ffffffffb6df000075000300
0x5bfc	0x5c08	12	28	gotham.ptg;1	00310000ffffffff17e00000ef740000
0x5c18	0x5c24	12	28	loadEU.ptg;1	00310000ffffffff26e000000c0e0100
0x5c34	0x5c40	12	28	loadUS.ptg;1	00310000ffffffff48e0000052100100
0x5c50	0x5c5e	14	28	LOGO_EMP.ptg;1	0000ffffffff6be000005e330000
0x5c6c	0x5c79	13	28	logo_rw.ptg;1	000000ffffffff72e00000eb410000
0x5c88	0x5c96	14	28	PCLEGLEU.ptg;1	0000ffffffff7be000001f5e0000
0x5ca4	0x5cb2	14	28	PCLEGLUS.ptg;1	0000ffffffff87e000007d5d0000
0x5cc0	0x5cce	14	28	pslegleu.ptg;1	0000ffffffff93e00000c5600000
0x5cdc	0x5cea	14	28	psleglus.ptg;1	0000ffffffffa0e00000bf600000
0x5cf8	0x5d06	14	28	xblegleu.ptg;1	0000ffffffffade00000d8600000
0x5d14	0x5d22	14	28	xbleglus.ptg;1	0000ffffffffbae00000c6600000
0x5d30	0x5d3d	13	28	70gear0.ptg;1	000000ffffffffc7e0000082020000
0x5d4c	0x5d59	13	28	70gear1.ptg;1	000000ffffffffc8e0000099020000
0x5d68	0x5d75	13	28	70gear2.ptg;1	000000ffffffffc9e000006c020000
0x5d84	0x5d91	13	28	70gear3.ptg;1	000000ffffffffcae000009e020000
0x5da0	0x5dad	13	28	70gear4.ptg;1	000000ffffffffcbe00000a4020000
0x5dbc	0x5dc9	13	28	70gear5.ptg;1	000000ffffffffcce0000089020000
0x5dd8	0x5de5	13	28	70gear6.ptg;1	000000ffffffffcde0000095020000
0x5df4	0x5e01	13	28	70gear7.ptg;1	000000ffffffffcee00000ad020000
0x5e10	0x5e1b	11	28	gear0.ptg;1	0031000000ffffffffcfe000002c030000
0x5e2c	0x5e37	11	28	gear1.ptg;1	0031000000ffffffffd0e0000056030000
0x5e48	0x5e53	11	28	gear2.ptg;1	0031000000ffffffffd1e00000be020000
0x5e64	0x5e6f	11	28	gear3.ptg;1	0031000000ffffffffd2e00000e9020000
0x5e80	0x5e8b	11	28	gear4.ptg;1	0031000000ffffffffd3e00000f4020000
0x5e9c	0x5ea7	11	28	gear5.ptg;1	0031000000ffffffffd4e00000f8020000
0x5eb8	0x5ec3	11	28	gear6.ptg;1	0031000000ffffffffd5e00000e0020000
0x5ed4	0x5edf	11	28	gear7.ptg;1	0031000000ffffffffd6e0000020030000
0x5ef0	0x5efc	12	28	_bezel.ptg;1	00000000ffffffffd7e0000049040000
0x5f0c	0x5f1a	14	28	_flat160.ptg;1	0000ffffffffd8e00000438d0000
0x5f28	0x5f36	14	28	_flat280.ptg;1	0000ffffffffeae00000738b0000
0x5f44	0x5f51	13	28	_old160.ptg;1	000000fffffffffce000001b180100
0x5f60	0x5f6d	13	28	_old280.ptg;1	000000ffffffff20e100005b170100
0x5f7c	0x5f89	13	28	_oldbzl.ptg;1	000000ffffffff43e10000ed090000
0x5f98	0x5fa5	13	28	_rvin10.ptg;1	000000ffffffff45e100007b1e0000
0x5fb4	0x5fc1	13	28	_rvin14.ptg;1	000000ffffffff49e10000121b0000
0x5fd0	0x5fdd	13	28	_rvin16.ptg;1	000000ffffffff4de100008f1c0000
0x5fec	0x5ff8	12	28	_rvin6.ptg;1	00000000ffffffff51e1000066180000
0x6008	0x6014	12	28	_rvin7.ptg;1	00000000ffffffff55e100000e1a0000
0x6024	0x6030	12	28	_rvin8.ptg;1	00000000ffffffff59e100009e1b0000
0x6040	0x604e	14	28	_rvout10.ptg;1	0000ffffffff5de100003f3d0000
0x605c	0x606a	14	28	_rvout14.ptg;1	0000ffffffff65e1000017380000
0x6078	0x6086	14	28	_rvout16.ptg;1	0000ffffffff6de10000a83a0000
0x6094	0x60a1	13	28	_rvout6.ptg;1	000000ffffffff75e100002d340000
0x60b0	0x60bd	13	28	_rvout7.ptg;1	000000ffffffff7ce1000089360000
0x60cc	0x60d9	13	28	_rvout8.ptg;1	000000ffffffff83e10000dd380000
0x60e8	0x60f5	13	28	_spd160.ptg;1	000000ffffffff8be10000021e0000
0x6104	0x6111	13	28	_spd180.ptg;1	000000ffffffff8fe10000d11f0000
0x6120	0x612d	13	28	_spd240.ptg;1	000000ffffffff93e10000e21a0000
0x613c	0x6149	13	28	_spd280.ptg;1	000000ffffffff97e10000f51c0000
0x6158	0x6165	13	28	_spd400.ptg;1	000000ffffffff9be1000052190000
0x6174	0x6182	14	28	flatndle.ptg;1	0000ffffffff9fe100001c040000
0x6190	0x619c	12	28	modbox.ptg;1	00310000ffffffffa0e10000d4060000
0x61ac	0x61b8	12	28	needle.ptg;1	00310000ffffffffa1e1000034040000
0x61c8	0x61d6	14	28	psiconeu.ico;1	0000ffffffffa2e10000d2380000
0x61e4	0x61f2	14	28	psiconus.ico;1	0000ffffffffaae10000d2380000
0x6200	0x620e	14	28	XBICONEU.ICO;1	0000ffffffffb2e1000000100000
0x621c	0x622a	14	28	XBICONUS.ICO;1	0000ffffffffb4e1000000100000
0x6238	0x6246	14	28	tlate_en.dat;1	0000ffffffffb6e1000074ad0100
0x6254	0x6262	14	28	tlate_fr.dat;1	0000ffffffffece100004abe0100
0x6270	0x627e	14	28	tlate_gr.dat;1	0000ffffffff24e20000d8d20100
0x628c	0x629a	14	28	tlate_it.dat;1	0000ffffffff5fe2000078c60100
0x62a8	0x62b6	14	28	tlate_sp.dat;1	0000ffffffff98e200009ac80100
0x62c4	0x62d2	14	28	tlate_us.dat;1	0000ffffffffd2e2000078ad0100
0x62e0	0x62ea	10	11	baya.msb;1	00
0x62eb	0x62ee	3	17	t;1	0000ffffffff08e30000800c0300
0x62fc	0x6306	10	11	baya.msh;1	00
0x6307	0x630a	3	17	t;1	0000ffffffff6ae3000080000000
0x6318	0x6322	10	11	bayb.msb;1	00
0x6323	0x6326	3	17	t;1	0000ffffffff6be30000a0480300
0x6334	0x633e	10	11	bayb.msh;1	00
0x633f	0x6342	3	17	t;1	0000ffffffffd5e3000080000000
0x6350	0x635a	10	11	bayc.msb;1	00
0x635b	0x635e	3	17	t;1	0000ffffffffd6e30000a0790400
0x636c	0x6376	10	11	bayc.msh;1	00
0x6377	0x637a	3	17	t;1	0000ffffffff66e40000c0000000
0x6388	0x6396	14	28	car1_snd.msb;1	0000ffffffff67e4000040540100
0x63a4	0x63b2	14	28	car1_snd.msh;1	0000ffffffff92e4000080000000
0x63c0	0x63ce	14	28	car2_snd.msb;1	0000ffffffff93e4000060df0100
0x63dc	0x63ea	14	28	car2_snd.msh;1	0000ffffffffcfe4000080000000
0x63f8	0x6406	14	28	car3_snd.msb;1	0000ffffffffd0e4000030050200
0x6414	0x6422	14	28	car3_snd.msh;1	0000ffffffff11e5000080000000
0x6430	0x643e	14	28	car4_snd.msb;1	0000ffffffff12e50000003d0100
0x644c	0x645a	14	28	car4_snd.msh;1	0000ffffffff3ae5000080000000
0x6468	0x6476	14	28	car5_snd.msb;1	0000ffffffff3be5000040f40100
0x6484	0x6492	14	28	car5_snd.msh;1	0000ffffffff7ae5000080000000
0x64a0	0x64ae	14	28	car6_snd.msb;1	0000ffffffff7be50000b0790100
0x64bc	0x64ca	14	28	car6_snd.msh;1	0000ffffffffabe5000080000000
0x64d8	0x64e6	14	28	car7_snd.msb;1	0000fffffffface5000040170200
0x64f4	0x6502	14	28	car7_snd.msh;1	0000ffffffffefe5000080000000
0x6510	0x651e	14	28	car8_snd.msb;1	0000fffffffff0e50000c0410100
0x652c	0x653a	14	28	car8_snd.msh;1	0000ffffffff19e6000080000000
0x6548	0x6555	13	28	car_gen.msb;1	000000ffffffff1ae60000f0260a00
0x6564	0x6571	13	28	car_gen.msh;1	000000ffffffff5fe7000040030000
0x6580	0x658a	10	28	desa.msb;1	003b31000000ffffffff60e70000c0380400
0x659c	0x65a6	10	28	desa.msh;1	003b31000000ffffffffe8e70000c0000000
0x65b8	0x65c2	10	28	desb.msb;1	003b31000000ffffffffe9e7000060910400
0x65d4	0x65de	10	28	desb.msh;1	003b31000000ffffffff7ce80000c0000000
0x65f0	0x65fa	10	28	desc.msb;1	003b31000000ffffffff7de8000060160400
0x660c	0x6616	10	28	desc.msh;1	003b31000000ffffffff00e9000080000000
0x6628	0x6633	11	28	flora.msb;1	0031000000ffffffff01e9000050880300
0x6644	0x664f	11	28	flora.msh;1	0031000000ffffffff73e9000080000000
0x6660	0x666b	11	28	florb.msb;1	0031000000ffffffff74e9000020f90500
0x667c	0x6687	11	28	florb.msh;1	0031000000ffffffff34ea0000c0000000
0x6698	0x66a3	11	28	florc.msb;1	0031000000ffffffff35ea0000101b0300
0x66b4	0x66bf	11	28	florc.msh;1	0031000000ffffffff99ea000080000000
0x66d0	0x66db	11	28	junga.msb;1	0031000000ffffffff9aea000040480200
0x66ec	0x66f7	11	28	junga.msh;1	0031000000ffffffffe4ea000080000000
0x6708	0x6713	11	28	jungb.msb;1	0031000000ffffffffe5ea000060460400
0x6724	0x672f	11	28	jungb.msh;1	0031000000ffffffff6eeb0000c0000000
0x6740	0x674b	11	28	jungc.msb;1	0031000000ffffffff6feb0000c02e0400
0x675c	0x6767	11	28	jungc.msh;1	0031000000fffffffff5eb0000c0000000
0x6778	0x677d	5	6	MUSIC	00
0x677e	0x6783	5	22	msh;1	00310000002d000000f6eb000000000000
0x6794	0x679f	11	28	oval2.msb;1	0031000000fffffffff6eb0000b03b0200
0x67b0	0x67bb	11	28	oval2.msh;1	0031000000ffffffff3eec000080000000
0x67cc	0x67d7	11	28	oval3.msb;1	0031000000ffffffff3fec000020bb0300
0x67e8	0x67f3	11	28	oval3.msh;1	0031000000ffffffffb7ec000080000000
0x6804	0x680a	6	7	SPEECH	00
0x680b	0x680f	4	21	sh;1	00310000002e000000b8ec000000000000
0x6820	0x682c	12	28	spring.msb;1	00000000ffffffffb8ec0000d0ea0100
0x683c	0x6848	12	28	spring.msh;1	00000000fffffffff6ec000080000000
0x6858	0x6865	13	28	spring2.msb;1	000000fffffffff7ec0000d0ea0100
0x6874	0x6881	13	28	spring2.msh;1	000000ffffffff35ed000080000000
0x6890	0x689d	13	28	ui_snds.msb;1	000000ffffffff36ed000090c90000
0x68ac	0x68b9	13	28	ui_snds.msh;1	000000ffffffff50ed0000c0000000
0x68c8	0x68d6	14	28	frontend.mbf;1	0000ffffffff51ed000010000000
0x68e4	0x68ef	11	28	house.mbf;1	003b310000ffffffff52ed00008c000000
0x6900	0x690c	12	28	house1.mib;1	00310000ffffffff53ed00000000d400
0x691c	0x6928	12	28	house1.mih;1	00310000ffffffffd307010040000000
0x6938	0x6944	12	28	house2.mib;1	00310000ffffffffd40701000000cb00
0x6954	0x6960	12	28	house2.mih;1	00310000ffffffff3421010040000000
0x6970	0x697c	12	28	house4.mib;1	00310000ffffffff352101000000c900
0x698c	0x6998	12	28	house4.mih;1	00310000ffffffff553a010040000000
0x69a8	0x69b4	12	28	house5.mib;1	00310000ffffffff563a01000000d600
0x69c4	0x69d0	12	28	house5.mih;1	00310000ffffffff1655010040000000
0x69e0	0x69ec	12	28	house6.mib;1	00310000ffffffff175501000000d700
0x69fc	0x6a08	12	28	house6.mih;1	00310000fffffffff76f010040000000
0x6a18	0x6a24	12	28	house7.mib;1	00310000fffffffff86f01000000cb00
0x6a34	0x6a40	12	28	house7.mih;1	00310000ffffffff5889010040000000
0x6a50	0x6a5c	12	28	house8.mib;1	00310000ffffffff598901000000de00
0x6a6c	0x6a78	12	28	house8.mih;1	00310000ffffffff19a5010040000000
0x6a88	0x6a94	12	28	replay.mbf;1	00310000ffffffff1aa5010013000000
0x6aa4	0x6aae	10	28	rock.mbf;1	003100310000ffffffff1ba5010039000000
0x6ac0	0x6acb	11	28	rock1.mib;1	0000310000ffffffff1ca501000000b100
0x6adc	0x6ae7	11	28	rock1.mih;1	0000310000ffffffff3cbb010040000000
0x6af8	0x6b03	11	28	rock2.mib;1	0000310000ffffffff3dbb010000007000
0x6b14	0x6b1f	11	28	rock2.mih;1	0000310000ffffffff3dc9010040000000
0x6b30	0x6b3b	11	28	rock3.mib;1	0000310000ffffffff3ec9010000008500
0x6b4c	0x6b57	11	28	rock3.mih;1	0000310000ffffffffded9010040000000
0x6b68	0x6b73	11	28	seven.mbf;1	0000310000ffffffffdfd90100c6000000
0x6b84	0x6b92	14	28	svnties1.mib;1	0000ffffffffe0d9010000007200
0x6ba0	0x6bae	14	28	svnties1.mih;1	0000ffffffff20e8010040000000
0x6bbc	0x6bca	14	28	svnties2.mib;1	0000ffffffff21e8010000007900
0x6bd8	0x6be6	14	28	svnties2.mih;1	0000ffffffff41f7010040000000
0x6bf4	0x6c02	14	28	svnties3.mib;1	0000ffffffff42f7010000007300
0x6c10	0x6c1e	14	28	svnties3.mih;1	0000ffffffffa205020040000000
0x6c2c	0x6c3a	14	28	svnties4.mib;1	0000ffffffffa305020000008300
0x6c48	0x6c56	14	28	svnties4.mih;1	0000ffffffff0316020040000000
0x6c64	0x6c72	14	28	svnties5.mib;1	0000ffffffff0416020000006e00
0x6c80	0x6c8e	14	28	svnties5.mih;1	0000ffffffffc423020040000000
0x6c9c	0x6caa	14	28	svnties6.mib;1	0000ffffffffc523020000006700
0x6cb8	0x6cc6	14	28	svnties6.mih;1	0000ffffffffa530020040000000
0x6cd4	0x6ce2	14	28	svnties7.mib;1	0000ffffffffa630020000007900
0x6cf0	0x6cfe	14	28	svnties7.mih;1	0000ffffffffc63f020040000000
0x6d0c	0x6d1a	14	28	svnties8.mib;1	0000ffffffffc73f020000005400
0x6d28	0x6d36	14	28	svnties8.mih;1	0000ffffffff474a020040000000
0x6d44	0x6d52	14	28	svnties9.mib;1	0000ffffffff484a02000000d100
0x6d60	0x6d6e	14	28	svnties9.mih;1	0000ffffffff6864020040000000
0x6d7c	0x6d84	8	9	ui.mib;1	00
0x6d85	0x6d8a	5	19	mih;1	0000ffffffff696402000000af00
0x6d98	0x6da0	8	9	ui.mih;1	00
0x6da1	0x6da6	5	19	mih;1	0000ffffffff497a020040000000
0x6db4	0x6dc0	12	28	speech.msb;1	00310000ffffffff4a7a020000491900
0x6dd0	0x6ddc	12	28	speech.msh;1	00310000ffffffff747d020040060000
0x6dec	0x6df8	12	28	speech.sbf;1	00310000ffffffff757d02003b080000
0x6e08	0x6e12	10	28	AUDIO.UI;1	003100310000ffffffff777d020070740000
0x6e24	0x6e2e	10	28	CALIB.UI;1	003100310000ffffffff867d0200bc690000
0x6e40	0x6e48	8	28	CAR.UI;1	0031003100310000ffffffff947d02001c590000
0x6e5c	0x6e66	10	28	CHALL.UI;1	003100310000ffffffffa07d0200724a0000
0x6e78	0x6e82	10	28	CMODE.UI;1	003100310000ffffffffaa7d020006270000
0x6e94	0x6ea1	13	28	CONTINUE.UI;1	000000ffffffffaf7d020029050000
0x6eb0	0x6eb9	9	10	CRED.UI;1	00
0x6eba	0x6ebd	3	18	I;1	000000ffffffffb07d02004a070000
0x6ecc	0x6ed6	10	28	CTRLS.UI;1	003b31000000ffffffffb17d0200483a0000
0x6ee8	0x6ef1	9	28	DISP.UI;1	00003b31000000ffffffffb97d020048500000
0x6f04	0x6f0e	10	28	DRDET.UI;1	003b31000000ffffffffc47d0200230f0000
0x6f20	0x6f2a	10	28	DRIVR.UI;1	003b31000000ffffffffc67d0200b3060000
0x6f3c	0x6f46	10	28	DRSEL.UI;1	003b31000000ffffffffc77d020087110000
0x6f58	0x6f61	9	28	FILE.UI;1	00003b31000000ffffffffca7d0200fa040000
0x6f74	0x6f7d	9	28	FORD.UI;1	00003b31000000ffffffffcb7d0200800f0000
0x6f90	0x6f9c	12	28	FORDBAR.UI;1	00000000ffffffffcd7d02001e120000
0x6fac	0x6fb5	9	28	FREQ.UI;1	003b3100000000ffffffffd07d020058120000
0x6fc8	0x6fd2	10	28	GAMEF.UI;1	003100000000ffffffffd37d02002a120000
0x6fe4	0x6fee	10	28	GMOPT.UI;1	003100000000ffffffffd67d0200ed510000
0x7000	0x700d	13	28	GRAPHICS.UI;1	000000ffffffffe17d0200d0120000
0x701c	0x7025	9	10	HIGH.UI;1	00
0x7026	0x7029	3	18	I;1	000000ffffffffe47d0200c4240000
0x7038	0x7042	10	28	INSTR.UI;1	003b31000000ffffffffe97d0200ac170000
0x7054	0x705e	10	28	KEYBD.UI;1	003b31000000ffffffffec7d02002e0e0000
0x7070	0x7079	9	28	LANG.UI;1	00003b31000000ffffffffee7d0200780f0000
0x708c	0x7096	10	28	MULTI.UI;1	003b31000000fffffffff07d02009e170000
0x70a8	0x70b1	9	28	OPTS.UI;1	00003b31000000fffffffff37d0200ab0e0000
0x70c4	0x70ce	10	28	PAUSE.UI;1	003b31000000fffffffff57d02001e140000
0x70e0	0x70ea	10	28	PCCON.UI;1	003b31000000fffffffff87d020076290000
0x70fc	0x7106	10	28	PLAYR.UI;1	003b31000000fffffffffe7d0200a5070000
0x7118	0x7121	9	28	POSN.UI;1	00003b31000000ffffffffff7d0200601a0000
0x7134	0x713e	10	28	PSCON.UI;1	003b31000000ffffffff037e020065370000
0x7150	0x715a	10	28	RCEND.UI;1	003b31000000ffffffff0a7e0200340f0000
0x716c	0x7176	10	28	RCRES.UI;1	003b31000000ffffffff0c7e0200bd0e0000
0x7188	0x7192	10	28	REWRD.UI;1	003b31000000ffffffff0e7e0200b1140000
0x71a4	0x71ad	9	28	ROPT.UI;1	00003b31000000ffffffff117e020086340000
0x71c0	0x71ca	10	28	START.UI;1	003b31000000ffffffff187e02002d020000
0x71dc	0x71e6	10	28	STATE.UI;1	003b31000000ffffffff197e0200c51a0000
0x71f8	0x7202	10	28	STATS.UI;1	003b31000000ffffffff1d7e0200b40f0000
0x7214	0x721e	10	28	TRACK.UI;1	003b31000000ffffffff1f7e020088240000
0x7230	0x723a	10	28	TROPH.UI;1	003b31000000ffffffff247e0200bb230000
0x724c	0x7256	10	28	WHEEL.UI;1	003b31000000ffffffff297e0200316b0000
0x7268	0x7272	10	28	XBACC.UI;1	003b31000000ffffffff377e020043100000
0x7284	0x728e	10	28	XBMEN.UI;1	003b31000000ffffffff3a7e02008d110000
0x72a0	0x72aa	10	28	XBPAS.UI;1	003b31000000ffffffff3d7e0200d6070000
0x72bc	0x72c6	10	28	XBTAB.UI;1	003b31000000ffffffff3e7e0200ac150000
0x72d8	0x72e3	11	28	XGMOPT.UI;1	0031000000ffffffff417e0200562f0000
