idx	base	name	slot_tail_hex	u0	u1	u2
0	0x188	3DDATA	00064b4a00e6814c00	0x1	0x0	0x0
1	0x1a4	ANIMS	0000064b4a00e6814c00	0x5	0x0	0x0
2	0x1c0	DATA	000000064b4a00e6814c00	0x7	0x0	0x0
3	0x1dc	FONTS	0000064b4a00e6814c00	0x15	0x0	0x0
4	0x1f8	GRAPHICS	4b4a00e6814c00	0x16	0x0	0x0
5	0x214	ICONS	4353004b4a00e6814c00	0x28	0x0	0x0
6	0x230	IRX	53004353004b4a00e6814c00	0x29	0x0	0x0
7	0x24c	LANGUAGE	4b4a00e6814c00	0x2a	0x0	0x0
8	0x268	PHYSICS	004b4a00e6814c00	0x2b	0x0	0x0
9	0x284	SOUNDS	00004b4a00e6814c00	0x2c	0x0	0x0
10	0x2a0	UI	4e44530000004b4a00e6814c00	0x2f	0x0	0x0
11	0x2bc	CARS	530000004b4a00e6814c00	0x2	0x0	0x0
12	0x2d8	debug.ps2;1	e6814c00	0xffffffff	0x0	0x1124
13	0x2f4	misc.ps2;1	00e6814c00	0xffffffff	0x3	0x1774b
14	0x310	TRACKS	323b310000e6814c00	0x3	0x32	0x0
15	0x32c	49COUPE.PS2;1	4c00	0xffffffff	0x32	0x4f1cb
16	0x348	49MOVIE.PS2;1	4c00	0xffffffff	0xd1	0x252b1
17	0x364	COBRA.PS2;1	31004c00	0xffffffff	0x11c	0x4e9b0
18	0x380	CROWNV.PS2;1	004c00	0xffffffff	0x1ba	0x5643b
19	0x39c	EX.PS2;1	323b3100004c00	0xffffffff	0x267	0xa107a
20	0x3b8	EXPLORER.PS2;1	00	0xffffffff	0x3aa	0x635a5
21	0x3d4	F100_56.PS2;1	0000	0xffffffff	0x471	0x49c2c
22	0x3f0	F100_65.PS2;1	0000	0xffffffff	0x505	0x60810
23	0x40c	F150.PS2;1	3b31000000	0xffffffff	0x5c7	0x60252
24	0x428	F150_04.PS2;1	0000	0xffffffff	0x688	0x61fef
25	0x444	F350.PS2;1	3b31000000	0xffffffff	0x74c	0x6196f
26	0x460	FOCUSSVT.PS2;1	00	0xffffffff	0x810	0x5cdc6
27	0x47c	FOCUSWRC.PS2;1	00	0xffffffff	0x8ca	0x5fe57
28	0x498	FORDGT.PS2;1	310000	0xffffffff	0x98a	0x627c0
29	0x4b4	FORTYNIN.PS2;1	00	0xffffffff	0xa4f	0x52541
30	0x4d0	FR200.PS2;1	3b310000	0xffffffff	0xaf4	0x6a0fb
31	0x4ec	FR500.PS2;1	3b310000	0xffffffff	0xbc9	0x549c1
32	0x508	G_TORINO.PS2;1	00	0xffffffff	0xc73	0x3217f
33	0x524	GT90.PS2;1	323b310000	0xffffffff	0xcd8	0x6642a
34	0x540	INDIGO.PS2;1	310000	0xffffffff	0xda5	0x799c6
35	0x55c	LIGHTNIN.PS2;1	00	0xffffffff	0xe99	0x6aef1
36	0x578	MACH1A.PS2;1	310000	0xffffffff	0xf6f	0x2664b
37	0x594	MACH1S.PS2;1	310000	0xffffffff	0xfbc	0x26e44
38	0x5b0	MACH3.PS2;1	00310000	0xffffffff	0x100a	0x694b7
39	0x5cc	MUST68.PS2;1	310000	0xffffffff	0x10dd	0x5844d
40	0x5e8	MUST68B.PS2;1	0000	0xffffffff	0x118e	0x2b07b
41	0x604	MUSTCON.PS2;1	0000	0xffffffff	0x11e5	0x70364
42	0x620	POWERST.PS2;1	0000	0xffffffff	0x12c6	0x68d14
43	0x63c	TAURUSA.PS2;1	0000	0xffffffff	0x1398	0x10a0db
44	0x658	TAURUSB.PS2;1	0000	0xffffffff	0x15ad	0xe1c13
45	0x674	TAURUSC.PS2;1	0000	0xffffffff	0x1771	0xc6457
46	0x690	TAURUSD.PS2;1	0000	0xffffffff	0x18fe	0xbb458
47	0x6ac	TBIRD.PS2;1	31000000	0xffffffff	0x1a75	0x648f7
48	0x6c8	TBIRD2.PS2;1	000000	0xffffffff	0x1b3f	0x65604
49	0x6e4	TBIRDM.PS2;1	000000	0xffffffff	0x1c0a	0x33039
50	0x700	BayA.PS2;1	3100000000	0xffffffff	0x1c71	0x24a657
51	0x71c	BayB.PS2;1	3100000000	0xffffffff	0x2106	0x2c561d
52	0x738	BayC.PS2;1	3100000000	0xffffffff	0x2691	0x26ac07
53	0x754	Brands.PS2;1	000000	0xffffffff	0x2b67	0x259145
54	0x770	Canyon.PS2;1	000000	0xffffffff	0x301a	0x21f208
55	0x78c	CONFIGS	53323b3100000000	0x4	0x3459	0x0
56	0x7a8	DesA.PS2;1	3100000000	0xffffffff	0x3459	0x21d6c2
57	0x7c4	DesB.PS2;1	3100000000	0xffffffff	0x3894	0x22f7e3
58	0x7e0	DesC.PS2;1	3100000000	0xffffffff	0x3cf3	0x215bc1
59	0x7fc	FlorA.PS2;1	00000000	0xffffffff	0x411f	0x2684c3
60	0x818	FlorB.PS2;1	00000000	0xffffffff	0x45f0	0x2f35a9
61	0x834	FlorC.PS2;1	00000000	0xffffffff	0x4bd7	0x281a14
62	0x850	Fukuoka.PS2;1	0000	0xffffffff	0x50db	0x28e060
63	0x86c	JungA.PS2;1	31000000	0xffffffff	0x55f8	0x1b241a
64	0x888	JungB.PS2;1	31000000	0xffffffff	0x595d	0x1d1f27
65	0x8a4	JungC.PS2;1	31000000	0xffffffff	0x5d01	0x1c3908
66	0x8c0	oval2.PS2;1	31000000	0xffffffff	0x6089	0x1be7b4
67	0x8dc	oval3.PS2;1	31000000	0xffffffff	0x6406	0x14b4d9
68	0x8f8	Spring.PS2;1	000000	0xffffffff	0x669d	0x24fcb8
69	0x914	Spring2.PS2;1	0000	0xffffffff	0x6b3d	0x23eba0
70	0x930	BAYA.CFG;1	3b31000000	0xffffffff	0x6fbb	0x2f1
71	0x94c	BAYB.CFG;1	3b31000000	0xffffffff	0x6fbc	0x2ee
72	0x968	BAYC.CFG;1	3b31000000	0xffffffff	0x6fbd	0x2ee
73	0x984	DESA.CFG;1	3b31000000	0xffffffff	0x6fbe	0x2ed
74	0x9a0	DESB.CFG;1	3b31000000	0xffffffff	0x6fbf	0x2ed
75	0x9bc	DESC.CFG;1	3b31000000	0xffffffff	0x6fc0	0x2ea
76	0x9d8	FLORA.CFG;1	31000000	0xffffffff	0x6fc1	0x2f1
77	0x9f4	FLORB.CFG;1	31000000	0xffffffff	0x6fc2	0x2f1
78	0xa10	FLORC.CFG;1	31000000	0xffffffff	0x6fc3	0x2ee
79	0xa2c	JUNGA.CFG;1	31000000	0xffffffff	0x6fc4	0x2ef
80	0xa48	JUNGB.CFG;1	31000000	0xffffffff	0x6fc5	0x2ea
81	0xa64	JUNGC.CFG;1	31000000	0xffffffff	0x6fc6	0x2ed
82	0xa80	OVAL2.CFG;1	31000000	0xffffffff	0x6fc7	0x2ee
83	0xa9c	OVAL3.CFG;1	31000000	0xffffffff	0x6fc8	0x2ee
84	0xab8	SPRING.CFG;1	000000	0xffffffff	0x6fc9	0x2ee
85	0xad4	SPRING2.CFG;1	0000	0xffffffff	0x6fca	0x2ee
86	0xaf0	EUROPEAN	46473b31000000	0x6	0x6fcb	0x0
87	0xb0c	intro25.pss;1	0000	0xffffffff	0x6fcb	0x2610004
88	0xb28	pl2_pal.pss;1	0000	0xffffffff	0xbbec	0x49c004
89	0xb44	ASCII	6c2e7073733b31000000	0x8	0xc525	0x0
90	0xb60	AI_DFLT.DAT;1	0000	0xffffffff	0xc525	0x86e5
91	0xb7c	CAMERAS	4441543b31000000	0x9	0xc536	0x0
92	0xb98	CARS	4153004441543b31000000	0xa	0xc536	0x0
93	0xbb4	ENVSOUND	41543b31000000	0xb	0xc536	0x0
94	0xbd0	GAMEDATA.DAT;1	00	0xffffffff	0xc536	0xfd0
95	0xbec	GAMEPLAY	4441543b310000	0xc	0xc538	0x0
96	0xc08	GATE	4c4159004441543b310000	0xd	0xc538	0x0
97	0xc24	OBSTACLE	4441543b310000	0xe	0xc538	0x0
98	0xc40	SPEECH.DAT;1	310000	0xffffffff	0xc538	0x16e5
99	0xc5c	SURFACE.DAT;1	0000	0xffffffff	0xc53b	0x2165
100	0xc78	TIME	43452e4441543b31000000	0xf	0xc540	0x0
101	0xc94	TRACKS	2e4441543b31000000	0x13	0xc540	0x0
102	0xcb0	TRACKS.DAT;1	000000	0xffffffff	0xc540	0x396e
103	0xccc	TRACKX.DAT;1	000000	0xffffffff	0xc548	0x6b1
104	0xce8	UNLOCK	4441543b3100000000	0x14	0xc549	0x0
105	0xd04	VARMOD.DAT;1	000000	0xffffffff	0xc549	0x2
106	0xd20	VOLUMES.DAT;1	0000	0xffffffff	0xc54a	0x139a
107	0xd3c	WORLD.DAT;1	31000000	0xffffffff	0xc54d	0x718
108	0xd58	CA_DEBUG.DAT;1	00	0xffffffff	0xc54e	0xf690
109	0xd74	CA_GROUP.DAT;1	00	0xffffffff	0xc56d	0x2fae
110	0xd90	CA_MOTIV.DAT;1	00	0xffffffff	0xc573	0x1598
111	0xdac	CA_TRACK.DAT;1	00	0xffffffff	0xc576	0xb77fb
112	0xdc8	CA_VPORT.DAT;1	00	0xffffffff	0xc6e5	0x876
113	0xde4	CAMERAS.DAT;1	0000	0xffffffff	0xc6e7	0x28446
114	0xe00	BODYDATA.DAT;1	00	0xffffffff	0xc738	0x18c9d
115	0xe1c	BRAKDATA.DAT;1	00	0xffffffff	0xc76a	0x1cc6
116	0xe38	CARDATA.DAT;1	0000	0xffffffff	0xc76e	0xfe04
117	0xe54	CARDATA.OLD;1	0000	0xffffffff	0xc78e	0xa9b6
118	0xe70	CARSETUP.DAT;1	00	0xffffffff	0xc7a4	0xd7b2
119	0xe8c	CARSOUND.DAT;1	00	0xffffffff	0xc7bf	0x19f9e
120	0xea8	CTRLDATA.DAT;1	00	0xffffffff	0xc7f3	0x2deb
121	0xec4	ENGDATA.DAT;1	0000	0xffffffff	0xc7f9	0xa9b7
122	0xee0	GEARDATA.DAT;1	00	0xffffffff	0xc80f	0x3177
123	0xefc	OVERDATA.DAT;1	00	0xffffffff	0xc816	0x2bb6
124	0xf18	TYREDATA.DAT;1	00	0xffffffff	0xc81c	0xd85c
125	0xf34	ENV_FULL.DAT;1	00	0xffffffff	0xc838	0x3776
126	0xf50	ENV_GRPS.DAT;1	00	0xffffffff	0xc83f	0x1872
127	0xf6c	ENV_INS.DAT;1	0000	0xffffffff	0xc843	0x3c25
128	0xf88	ENV_REV.DAT;1	0000	0xffffffff	0xc84b	0x7a3
129	0xfa4	ENV_SMP.DAT;1	0000	0xffffffff	0xc84c	0x2153
130	0xfc0	ENV_SND.DAT;1	0000	0xffffffff	0xc851	0xb1d6
131	0xfdc	ENV_WAV.DAT;1	0000	0xffffffff	0xc868	0x2502
132	0xff8	49COUPE.DAT;1	0000	0xffffffff	0xc86d	0x78d
133	0x1014	49MOVIE.DAT;1	0000	0xffffffff	0xc86e	0x798
134	0x1030	AM_1.DAT;1	3b31000000	0xffffffff	0xc86f	0x9e8
135	0x104c	AM_2.DAT;1	3b31000000	0xffffffff	0xc871	0x9df
136	0x1068	AM_3.DAT;1	3b31000000	0xffffffff	0xc873	0xa0d
137	0x1084	AM_4.DAT;1	3b31000000	0xffffffff	0xc875	0x9e3
138	0x10a0	AM_5.DAT;1	3b31000000	0xffffffff	0xc877	0x9f9
139	0x10bc	AM_6.DAT;1	3b31000000	0xffffffff	0xc879	0x9f7
140	0x10d8	ATTRACT.DAT;1	0000	0xffffffff	0xc87b	0x4ee
141	0x10f4	COBRA.DAT;1	31000000	0xffffffff	0xc87c	0x8ff
142	0x1110	CROWNV.DAT;1	000000	0xffffffff	0xc87e	0x88a
143	0x112c	EX.DAT;1	543b3100000000	0xffffffff	0xc880	0xa0c
144	0x1148	EXPLORER.DAT;1	00	0xffffffff	0xc882	0xa1e
145	0x1164	F100.DAT;1	543b310000	0xffffffff	0xc884	0x8e8
146	0x1180	F100_56.DAT;1	0000	0xffffffff	0xc886	0x9e9
147	0x119c	F100_65.DAT;1	0000	0xffffffff	0xc888	0x9ea
148	0x11b8	F150.DAT;1	3b31000000	0xffffffff	0xc88a	0x8ea
149	0x11d4	F150_04.DAT;1	0000	0xffffffff	0xc88c	0x9f7
150	0x11f0	F350.DAT;1	3b31000000	0xffffffff	0xc88e	0x942
151	0x120c	FOCUSSVT.DAT;1	00	0xffffffff	0xc890	0x7be
152	0x1228	FOCUSWRC.DAT;1	00	0xffffffff	0xc891	0x9fa
153	0x1244	FORD_GT.DAT;1	0000	0xffffffff	0xc893	0xa02
154	0x1260	FORTY_N.DAT;1	0000	0xffffffff	0xc895	0x799
155	0x127c	FR200.DAT;1	31000000	0xffffffff	0xc896	0x7b0
156	0x1298	FR500.DAT;1	31000000	0xffffffff	0xc897	0x9f2
157	0x12b4	G_TORINO.DAT;1	00	0xffffffff	0xc899	0x779
158	0x12d0	GT40.DAT;1	543b310000	0xffffffff	0xc89a	0x8dd
159	0x12ec	GT90.DAT;1	543b310000	0xffffffff	0xc89c	0x9e6
160	0x1308	INDIGO.DAT;1	310000	0xffffffff	0xc89e	0xa2f
161	0x1324	LIGHTNIN.DAT;1	00	0xffffffff	0xc8a0	0x997
162	0x1340	MACH1_A.DAT;1	0000	0xffffffff	0xc8a2	0xa13
163	0x135c	MACH1_S.DAT;1	0000	0xffffffff	0xc8a4	0x7b0
164	0x1378	MACH3.DAT;1	31000000	0xffffffff	0xc8a5	0x8f5
165	0x1394	MERCURY.DAT;1	0000	0xffffffff	0xc8a7	0x7cd
166	0x13b0	MULTI.DAT;1	31000000	0xffffffff	0xc8a8	0x5ab
167	0x13cc	MUST68.DAT;1	000000	0xffffffff	0xc8a9	0x7b1
168	0x13e8	MUST68B.DAT;1	0000	0xffffffff	0xc8aa	0x991
169	0x1404	MUSTCON.DAT;1	0000	0xffffffff	0xc8ac	0x9f8
170	0x1420	POWERST.DAT;1	0000	0xffffffff	0xc8ae	0x7cd
171	0x143c	QRACE_1.DAT;1	0000	0xffffffff	0xc8af	0xa26
172	0x1458	QRACE_2.DAT;1	0000	0xffffffff	0xc8b1	0x9fa
173	0x1474	QRACE_3.DAT;1	0000	0xffffffff	0xc8b3	0xa2c
174	0x1490	QRACE_4.DAT;1	0000	0xffffffff	0xc8b5	0xa06
175	0x14ac	RACING.DAT;1	000000	0xffffffff	0xc8b7	0x635
176	0x14c8	RULES.DAT;1	00000000	0xffffffff	0xc8b8	0x1db2
177	0x14e4	SKILLS.DAT;1	000000	0xffffffff	0xc8bc	0x4a5
178	0x1500	SMASH.DAT;1	00000000	0xffffffff	0xc8bd	0x4a0
179	0x151c	TAURUS_P.DAT;1	00	0xffffffff	0xc8be	0xa3a
180	0x1538	TAURUS_R.DAT;1	00	0xffffffff	0xc8c0	0xa3c
181	0x1554	TAURUS_S.DAT;1	00	0xffffffff	0xc8c2	0x987
182	0x1570	TAURUSA.DAT;1	0000	0xffffffff	0xc8c4	0xa27
183	0x158c	TAURUSB.DAT;1	0000	0xffffffff	0xc8c6	0xa5b
184	0x15a8	TAURUSC.DAT;1	0000	0xffffffff	0xc8c8	0xa16
185	0x15c4	TAURUSD.DAT;1	0000	0xffffffff	0xc8ca	0xa35
186	0x15e0	TBIRD.DAT;1	31000000	0xffffffff	0xc8cc	0x79c
187	0x15fc	TBIRD_22.DAT;1	00	0xffffffff	0xc8cd	0x98a
188	0x1618	TBIRD_M.DAT;1	0000	0xffffffff	0xc8cf	0x7ab
189	0x1634	TIMEATTA.DAT;1	00	0xffffffff	0xc8d0	0x653
190	0x1650	BAYA.DAT;1	543b310000	0xffffffff	0xc8d1	0x2061
191	0x166c	BAYB.DAT;1	543b310000	0xffffffff	0xc8d6	0x2cc7
192	0x1688	BAYC.DAT;1	543b310000	0xffffffff	0xc8dc	0x24b6
193	0x16a4	DESA.DAT;1	543b310000	0xffffffff	0xc8e1	0x2312
194	0x16c0	DESB.DAT;1	543b310000	0xffffffff	0xc8e6	0x2171
195	0x16dc	DESC.DAT;1	543b310000	0xffffffff	0xc8eb	0x1e34
196	0x16f8	FLORA.DAT;1	3b310000	0xffffffff	0xc8ef	0x253d
197	0x1714	FLORB.DAT;1	3b310000	0xffffffff	0xc8f4	0x290b
198	0x1730	FLORC.DAT;1	3b310000	0xffffffff	0xc8fa	0x2767
199	0x174c	JUNGA.DAT;1	3b310000	0xffffffff	0xc8ff	0x25c4
200	0x1768	JUNGB.DAT;1	3b310000	0xffffffff	0xc904	0x228e
201	0x1784	JUNGC.DAT;1	3b310000	0xffffffff	0xc909	0x253f
202	0x17a0	OVAL2.DAT;1	3b310000	0xffffffff	0xc90e	0x1365
203	0x17bc	OVAL3.DAT;1	3b310000	0xffffffff	0xc911	0x148a
204	0x17d8	SPRING.DAT;1	310000	0xffffffff	0xc914	0x2761
205	0x17f4	SPRING2.DAT;1	0000	0xffffffff	0xc919	0x2178
206	0x1810	BAYA.DAT;1	3b31000000	0xffffffff	0xc91e	0x20f3
207	0x182c	BAYB.DAT;1	3b31000000	0xffffffff	0xc923	0x2b1b
208	0x1848	BAYC.DAT;1	3b31000000	0xffffffff	0xc929	0x27e3
209	0x1864	DESA.DAT;1	3b31000000	0xffffffff	0xc92e	0x1eea
210	0x1880	DESB.DAT;1	3b31000000	0xffffffff	0xc932	0x208e
211	0x189c	DESC.DAT;1	3b31000000	0xffffffff	0xc937	0x21c9
212	0x18b8	FLORA.DAT;1	31000000	0xffffffff	0xc93c	0x21c0
213	0x18d4	FLORB.DAT;1	31000000	0xffffffff	0xc941	0x25d5
214	0x18f0	FLORC.DAT;1	31000000	0xffffffff	0xc946	0x21cc
215	0x190c	JUNGA.DAT;1	31000000	0xffffffff	0xc94b	0x230c
216	0x1928	JUNGB.DAT;1	31000000	0xffffffff	0xc950	0x1e86
217	0x1944	JUNGC.DAT;1	31000000	0xffffffff	0xc954	0x24fc
218	0x1960	OVAL2.DAT;1	31000000	0xffffffff	0xc959	0x1389
219	0x197c	OVAL3.DAT;1	31000000	0xffffffff	0xc95c	0x1735
220	0x1998	SPRING.DAT;1	000000	0xffffffff	0xc95f	0x25db
221	0x19b4	SPRING2.DAT;1	0000	0xffffffff	0xc964	0x1e83
222	0x19d0	BAYA.DAT;1	3b31000000	0xffffffff	0xc968	0x777
223	0x19ec	BAYB.DAT;1	3b31000000	0xffffffff	0xc969	0x785
224	0x1a08	BAYC.DAT;1	3b31000000	0xffffffff	0xc96a	0x776
225	0x1a24	DESA.DAT;1	3b31000000	0xffffffff	0xc96b	0x77e
226	0x1a40	DESB.DAT;1	3b31000000	0xffffffff	0xc96c	0x77a
227	0x1a5c	DESC.DAT;1	3b31000000	0xffffffff	0xc96d	0x77a
228	0x1a78	FLORA.DAT;1	31000000	0xffffffff	0xc96e	0x778
229	0x1a94	FLORB.DAT;1	31000000	0xffffffff	0xc96f	0x778
230	0x1ab0	FLORC.DAT;1	31000000	0xffffffff	0xc970	0x778
231	0x1acc	JUNGA.DAT;1	31000000	0xffffffff	0xc971	0x77b
232	0x1ae8	JUNGB.DAT;1	31000000	0xffffffff	0xc972	0x77b
233	0x1b04	JUNGC.DAT;1	31000000	0xffffffff	0xc973	0x77b
234	0x1b20	OVAL2.DAT;1	31000000	0xffffffff	0xc974	0x777
235	0x1b3c	OVAL3.DAT;1	31000000	0xffffffff	0xc975	0x777
236	0x1b58	SKILLS	41543b310031000000	0x10	0xc976	0x0
237	0x1b74	SMASH	0041543b310031000000	0x11	0xc976	0x0
238	0x1b90	SPRING.DAT;1	000000	0xffffffff	0xc976	0x77a
239	0x1bac	SPRING2.DAT;1	0000	0xffffffff	0xc977	0x779
240	0x1bc8	TIMEATTA	41543b31000000	0x12	0xc978	0x0
241	0x1be4	BAYA.DAT;1	3b31000000	0xffffffff	0xc978	0x793
242	0x1c00	BAYB.DAT;1	3b31000000	0xffffffff	0xc979	0x794
243	0x1c1c	BAYC.DAT;1	3b31000000	0xffffffff	0xc97a	0x794
244	0x1c38	DESA.DAT;1	3b31000000	0xffffffff	0xc97b	0x794
245	0x1c54	DESB.DAT;1	3b31000000	0xffffffff	0xc97c	0x794
246	0x1c70	DESC.DAT;1	3b31000000	0xffffffff	0xc97d	0x794
247	0x1c8c	FLORA.DAT;1	31000000	0xffffffff	0xc97e	0x794
248	0x1ca8	FLORB.DAT;1	31000000	0xffffffff	0xc97f	0x794
249	0x1cc4	FLORC.DAT;1	31000000	0xffffffff	0xc980	0x794
250	0x1ce0	JUNGA.DAT;1	31000000	0xffffffff	0xc981	0x794
251	0x1cfc	JUNGB.DAT;1	31000000	0xffffffff	0xc982	0x794
252	0x1d18	JUNGC.DAT;1	31000000	0xffffffff	0xc983	0x794
253	0x1d34	OVAL2.DAT;1	31000000	0xffffffff	0xc984	0x794
254	0x1d50	OVAL3.DAT;1	31000000	0xffffffff	0xc985	0x794
255	0x1d6c	SPRING.DAT;1	000000	0xffffffff	0xc986	0x794
256	0x1d88	BAYA.DAT;1	3100000000	0xffffffff	0xc987	0x793
257	0x1da4	BAYB.DAT;1	3100000000	0xffffffff	0xc988	0x794
258	0x1dc0	BAYC.DAT;1	3100000000	0xffffffff	0xc989	0x794
259	0x1ddc	DESA.DAT;1	3100000000	0xffffffff	0xc98a	0x794
260	0x1df8	DESB.DAT;1	3100000000	0xffffffff	0xc98b	0x794
261	0x1e14	DESC.DAT;1	3100000000	0xffffffff	0xc98c	0x794
262	0x1e30	FLORA.DAT;1	00000000	0xffffffff	0xc98d	0x794
263	0x1e4c	FLORB.DAT;1	00000000	0xffffffff	0xc98e	0x794
264	0x1e68	FLORC.DAT;1	00000000	0xffffffff	0xc98f	0x794
265	0x1e84	JUNGA.DAT;1	00000000	0xffffffff	0xc990	0x794
266	0x1ea0	JUNGB.DAT;1	00000000	0xffffffff	0xc991	0x794
267	0x1ebc	JUNGC.DAT;1	00000000	0xffffffff	0xc992	0x794
268	0x1ed8	OVAL2.DAT;1	00000000	0xffffffff	0xc993	0x794
269	0x1ef4	OVAL3.DAT;1	00000000	0xffffffff	0xc994	0x794
270	0x1f10	SPRING.DAT;1	000000	0xffffffff	0xc995	0x794
271	0x1f2c	BAYA.DAT;1	3100000000	0xffffffff	0xc996	0x7fe
272	0x1f48	BAYB.DAT;1	3100000000	0xffffffff	0xc997	0x794
273	0x1f64	BAYC.DAT;1	3100000000	0xffffffff	0xc998	0x794
274	0x1f80	DESA.DAT;1	3100000000	0xffffffff	0xc999	0x794
275	0x1f9c	DESB.DAT;1	3100000000	0xffffffff	0xc99a	0x794
276	0x1fb8	DESC.DAT;1	3100000000	0xffffffff	0xc99b	0x794
277	0x1fd4	FLORA.DAT;1	00000000	0xffffffff	0xc99c	0x794
278	0x1ff0	FLORB.DAT;1	00000000	0xffffffff	0xc99d	0x7fd
279	0x200c	FLORC.DAT;1	00000000	0xffffffff	0xc99e	0x805
280	0x2028	JUNGA.DAT;1	00000000	0xffffffff	0xc9a0	0x794
281	0x2044	JUNGB.DAT;1	00000000	0xffffffff	0xc9a1	0x794
282	0x2060	JUNGC.DAT;1	00000000	0xffffffff	0xc9a2	0x794
283	0x207c	OVAL2.DAT;1	00000000	0xffffffff	0xc9a3	0x7fc
284	0x2098	OVAL3.DAT;1	00000000	0xffffffff	0xc9a4	0x7fc
285	0x20b4	SPRING.DAT;1	000000	0xffffffff	0xc9a5	0x807
286	0x20d0	BALLPARK.DAT;1	00	0xffffffff	0xc9a7	0x86e5
287	0x20ec	BAYA.DAT;1	543b310000	0xffffffff	0xc9b8	0x9976
288	0x2108	BAYB.DAT;1	543b310000	0xffffffff	0xc9cc	0xaddf
289	0x2124	BAYC.DAT;1	543b310000	0xffffffff	0xc9e2	0x724a
290	0x2140	BRANDS.DAT;1	310000	0xffffffff	0xc9f1	0x95fc
291	0x215c	CANYON.DAT;1	310000	0xffffffff	0xca04	0x86e5
292	0x2178	DESA.DAT;1	3100310000	0xffffffff	0xca15	0x838b
293	0x2194	DESB.DAT;1	3100310000	0xffffffff	0xca26	0x88cf
294	0x21b0	DESC.DAT;1	3100310000	0xffffffff	0xca38	0x7b60
295	0x21cc	DESERT.DAT;1	310000	0xffffffff	0xca48	0xa32c
296	0x21e8	FLORA.DAT;1	00310000	0xffffffff	0xca5d	0x83ce
297	0x2204	FLORB.DAT;1	00310000	0xffffffff	0xca6e	0xa907
298	0x2220	FLORC.DAT;1	00310000	0xffffffff	0xca84	0x93c9
299	0x223c	FUKUOKA.DAT;1	0000	0xffffffff	0xca97	0xcdf9
300	0x2258	JUNGA.DAT;1	31000000	0xffffffff	0xcab1	0x8c22
301	0x2274	JUNGB.DAT;1	31000000	0xffffffff	0xcac3	0x664d
302	0x2290	JUNGC.DAT;1	31000000	0xffffffff	0xcad0	0x801c
303	0x22ac	OFFROAD.DAT;1	0000	0xffffffff	0xcae1	0x6342
304	0x22c8	OVAL2.DAT;1	31000000	0xffffffff	0xcaee	0x3c81
305	0x22e4	OVAL3.DAT;1	31000000	0xffffffff	0xcaf6	0x443c
306	0x2300	OVAL4.DAT;1	31000000	0xffffffff	0xcaff	0x3a2e
307	0x231c	PACIFINW.DAT;1	00	0xffffffff	0xcb07	0x8add
308	0x2338	SPRING.DAT;1	310000	0xffffffff	0xcb19	0xada1
309	0x2354	SPRING2.DAT;1	0000	0xffffffff	0xcb2f	0x8ca3
310	0x2370	UNLOCK.DAT;1	000000	0xffffffff	0xcb41	0xb67
311	0x238c	fontbase.dat;1	00	0xffffffff	0xcb43	0x408
312	0x23a8	fontdata.dat;1	00	0xffffffff	0xcb44	0x91471
313	0x23c4	GAME	6174612e6461743b310000	0x17	0xcc67	0x0
314	0x23e0	INGAME	612e6461743b310000	0x24	0xcc67	0x0
315	0x23fc	LOADING	2e6461743b310000	0x25	0xcc67	0x0
316	0x2418	NUMBERS	2e6461743b310000	0x26	0xcc67	0x0
317	0x2434	SPEEDO	002e6461743b310000	0x27	0xcc67	0x0
318	0x2450	barbig.ptg;1	310000	0xffffffff	0xcc67	0x3a1b
319	0x246c	Barsub.ptg;1	310000	0xffffffff	0xcc6f	0x17f
320	0x2488	Bgarrow1.ptg;1	00	0xffffffff	0xcc70	0x509
321	0x24a4	BgArrow2.ptg;1	00	0xffffffff	0xcc71	0x401
322	0x24c0	CarGlow.ptg;1	0000	0xffffffff	0xcc72	0xc2d
323	0x24dc	CARS	6f772e7074673b31000000	0x18	0xcc74	0x0
324	0x24f8	CHALL	772e7074673b31000000	0x19	0xcc74	0x0
325	0x2514	complete.ptg;1	00	0xffffffff	0xcc74	0x38c
326	0x2530	dial.ptg;1	673b310000	0xffffffff	0xcc75	0x466
327	0x254c	dialGRAD.ptg;1	00	0xffffffff	0xcc76	0x4b4
328	0x2568	drRating.ptg;1	00	0xffffffff	0xcc77	0x1484
329	0x2584	Exclam.ptg;1	310000	0xffffffff	0xcc7a	0x2d8
330	0x25a0	FordOvEU.ptg;1	00	0xffffffff	0xcc7b	0x4e84
331	0x25bc	FordOvUS.ptg;1	00	0xffffffff	0xcc85	0x4e7b
332	0x25d8	FordrcEU.ptg;1	00	0xffffffff	0xcc8f	0x8cc0
333	0x25f4	FordrcUS.ptg;1	00	0xffffffff	0xcca1	0x8cc1
334	0x2610	grad.ptg;1	673b310000	0xffffffff	0xccb3	0x737
335	0x262c	LIVERY	673b3100673b310000	0x1a	0xccb4	0x0
336	0x2648	Locked.ptg;1	310000	0xffffffff	0xccb4	0x206
337	0x2664	MATRIX	7074673b3100310000	0x1b	0xccb5	0x0
338	0x2680	MODEICON	673b3100310000	0x1c	0xccb5	0x0
339	0x269c	notavail.ptg;1	00	0xffffffff	0xccb5	0x36e
340	0x26b8	OPTIONS	2e7074673b310000	0x1d	0xccb6	0x0
341	0x26d4	passcd0.ptg;1	0000	0xffffffff	0xccb6	0x1c9
342	0x26f0	passcd1.ptg;1	0000	0xffffffff	0xccb7	0x3e8
343	0x270c	Pause.ptg;1	31000000	0xffffffff	0xccb8	0x57c
344	0x2728	PCEnter.ptg;1	0000	0xffffffff	0xccb9	0x1649
345	0x2744	PCEscape.ptg;1	00	0xffffffff	0xccbc	0xfde
346	0x2760	PCkeyC.ptg;1	310000	0xffffffff	0xccbe	0xfdc
347	0x277c	player.ptg;1	310000	0xffffffff	0xccc0	0x383
348	0x2798	posnscrn.ptg;1	00	0xffffffff	0xccc1	0x78ae
349	0x27b4	PS	6e7363726e2e7074673b310000	0x1e	0xccd1	0x0
350	0x27d0	PSCircle.ptg;1	00	0xffffffff	0xccd1	0x13b4
351	0x27ec	PSCross.ptg;1	0000	0xffffffff	0xccd4	0x134b
352	0x2808	PSSquare.ptg;1	00	0xffffffff	0xccd7	0x13aa
353	0x2824	PSTriang.ptg;1	00	0xffffffff	0xccda	0x134b
354	0x2840	question.ptg;1	00	0xffffffff	0xccdd	0x1eb
355	0x285c	rating0.ptg;1	0000	0xffffffff	0xccde	0x127
356	0x2878	rating1.ptg;1	0000	0xffffffff	0xccdf	0x12e
357	0x2894	roundcrn.ptg;1	00	0xffffffff	0xcce0	0x576
358	0x28b0	smarrow.ptg;1	0000	0xffffffff	0xcce1	0x156
359	0x28cc	StartEU.ptg;1	0000	0xffffffff	0xcce2	0x5004
360	0x28e8	StartUS.ptg;1	0000	0xffffffff	0xcced	0x5003
361	0x2904	trackglo.ptg;1	00	0xffffffff	0xccf8	0xcc8
362	0x2920	TRACKS	6f2e7074673b310000	0x1f	0xccfa	0x0
363	0x293c	TRACKS2	2e7074673b310000	0x20	0xccfa	0x0
364	0x2958	TROPHY	002e7074673b310000	0x21	0xccfa	0x0
365	0x2974	TROPHY2	2e7074673b310000	0x22	0xccfa	0x0
366	0x2990	Unlocked.ptg;1	00	0xffffffff	0xccfa	0x1db
367	0x29ac	uparrow.ptg;1	0000	0xffffffff	0xccfb	0x151
368	0x29c8	XB	72726f772e7074673b31000000	0x23	0xccfc	0x0
369	0x29e4	xb_a.ptg;1	3b31000000	0xffffffff	0xccfc	0x1086
370	0x2a00	xb_b.ptg;1	3b31000000	0xffffffff	0xccff	0x107b
371	0x2a1c	xb_x.ptg;1	3b31000000	0xffffffff	0xcd02	0x1076
372	0x2a38	xb_y.ptg;1	3b31000000	0xffffffff	0xcd05	0x10f3
373	0x2a54	49couped.ptg;1	00	0xffffffff	0xcd08	0x6247
374	0x2a70	49movied.ptg;1	00	0xffffffff	0xcd15	0x5fcb
375	0x2a8c	cobrad.ptg;1	310000	0xffffffff	0xcd21	0x6087
376	0x2aa8	crownvd.ptg;1	0000	0xffffffff	0xcd2e	0x6b2c
377	0x2ac4	exd.ptg;1	673b31000000	0xffffffff	0xcd3c	0x5c2d
378	0x2ae0	explored.ptg;1	00	0xffffffff	0xcd48	0x6360
379	0x2afc	f10056d.ptg;1	0000	0xffffffff	0xcd55	0x6ce7
380	0x2b18	f10065d.ptg;1	0000	0xffffffff	0xcd63	0x7275
381	0x2b34	f15004d.ptg;1	0000	0xffffffff	0xcd72	0x6bdb
382	0x2b50	f150d.ptg;1	31000000	0xffffffff	0xcd80	0x5e7a
383	0x2b6c	f350d.ptg;1	31000000	0xffffffff	0xcd8c	0x6bd7
384	0x2b88	focsvtd.ptg;1	0000	0xffffffff	0xcd9a	0x5b3d
385	0x2ba4	focwrcd.ptg;1	0000	0xffffffff	0xcda6	0x5e6d
386	0x2bc0	fordgtd.ptg;1	0000	0xffffffff	0xcdb2	0x70af
387	0x2bdc	fortyd.ptg;1	000000	0xffffffff	0xcdc1	0x6222
388	0x2bf8	fr200d.ptg;1	000000	0xffffffff	0xcdce	0x627b
389	0x2c14	fr500d.ptg;1	000000	0xffffffff	0xcddb	0x6a6d
390	0x2c30	gt90d.ptg;1	00000000	0xffffffff	0xcde9	0x6f22
391	0x2c4c	indigod.ptg;1	0000	0xffffffff	0xcdf7	0x63d8
392	0x2c68	lightd.ptg;1	000000	0xffffffff	0xce04	0x6cda
393	0x2c84	mach1ad.ptg;1	0000	0xffffffff	0xce12	0x6cd2
394	0x2ca0	mach1sd.ptg;1	0000	0xffffffff	0xce20	0x7085
395	0x2cbc	mach3d.ptg;1	000000	0xffffffff	0xce2f	0x6a96
396	0x2cd8	must68bd.ptg;1	00	0xffffffff	0xce3d	0x5de9
397	0x2cf4	must68d.ptg;1	0000	0xffffffff	0xce49	0x651c
398	0x2d10	mustcond.ptg;1	00	0xffffffff	0xce56	0x7802
399	0x2d2c	powerd.ptg;1	310000	0xffffffff	0xce66	0x7b26
400	0x2d48	tbird22d.ptg;1	00	0xffffffff	0xce76	0x7179
401	0x2d64	tbirdd.ptg;1	310000	0xffffffff	0xce85	0x68ad
402	0x2d80	tbirdmd.ptg;1	0000	0xffffffff	0xce93	0x6b6a
403	0x2d9c	torinod.ptg;1	0000	0xffffffff	0xcea1	0x6b71
404	0x2db8	tsad1.ptg;1	31000000	0xffffffff	0xceaf	0x645f
405	0x2dd4	tsbd1.ptg;1	31000000	0xffffffff	0xcebc	0x611a
406	0x2df0	tscd1.ptg;1	31000000	0xffffffff	0xcec9	0x5f6b
407	0x2e0c	tsdd1.ptg;1	31000000	0xffffffff	0xced5	0x5ffe
408	0x2e28	ChallGlo.ptg;1	00	0xffffffff	0xcee1	0xad0
409	0x2e44	concept.ptg;1	0000	0xffffffff	0xcee3	0x56b
410	0x2e60	custom.ptg;1	000000	0xffffffff	0xcee4	0x510
411	0x2e7c	living.ptg;1	000000	0xffffffff	0xcee5	0x4eb
412	0x2e98	movie.ptg;1	00000000	0xffffffff	0xcee6	0x457
413	0x2eb4	offroad.ptg;1	0000	0xffffffff	0xcee7	0x56c
414	0x2ed0	stock.ptg;1	31000000	0xffffffff	0xcee8	0x461
415	0x2eec	svt.ptg;1	310031000000	0xffffffff	0xcee9	0x51c
416	0x2f08	49coupea.ptg;1	00	0xffffffff	0xceea	0x7703
417	0x2f24	49coupeb.ptg;1	00	0xffffffff	0xcef9	0x7a01
418	0x2f40	49coupec.ptg;1	00	0xffffffff	0xcf09	0x7af9
419	0x2f5c	49couped.ptg;1	00	0xffffffff	0xcf19	0x7698
420	0x2f78	49movied.ptg;1	00	0xffffffff	0xcf28	0x70c6
421	0x2f94	cobraa.ptg;1	310000	0xffffffff	0xcf37	0x7650
422	0x2fb0	cobrab.ptg;1	310000	0xffffffff	0xcf46	0x6dcb
423	0x2fcc	cobrac.ptg;1	310000	0xffffffff	0xcf54	0x78a0
424	0x2fe8	cobrad.ptg;1	310000	0xffffffff	0xcf64	0x77d1
425	0x3004	crownva.ptg;1	0000	0xffffffff	0xcf73	0x6209
426	0x3020	crownvb.ptg;1	0000	0xffffffff	0xcf80	0x6b40
427	0x303c	crownvc.ptg;1	0000	0xffffffff	0xcf8e	0x5d35
428	0x3058	crownvd.ptg;1	0000	0xffffffff	0xcf9a	0x6975
429	0x3074	exa.ptg;1	673b31000000	0xffffffff	0xcfa8	0x6ffe
430	0x3090	exb.ptg;1	673b31000000	0xffffffff	0xcfb6	0x6cdb
431	0x30ac	exc.ptg;1	673b31000000	0xffffffff	0xcfc4	0x73f4
432	0x30c8	exd.ptg;1	673b31000000	0xffffffff	0xcfd3	0x6fe1
433	0x30e4	explorea.ptg;1	00	0xffffffff	0xcfe1	0x7432
434	0x3100	exploreb.ptg;1	00	0xffffffff	0xcff0	0x6eaf
435	0x311c	explorec.ptg;1	00	0xffffffff	0xcffe	0x7ed0
436	0x3138	explored.ptg;1	00	0xffffffff	0xd00e	0x7bd1
437	0x3154	f10056a.ptg;1	0000	0xffffffff	0xd01e	0x789c
438	0x3170	f10056b.ptg;1	0000	0xffffffff	0xd02e	0x7671
439	0x318c	f10056c.ptg;1	0000	0xffffffff	0xd03d	0x7214
440	0x31a8	f10056d.ptg;1	0000	0xffffffff	0xd04c	0x76ca
441	0x31c4	f10065a.ptg;1	0000	0xffffffff	0xd05b	0x6571
442	0x31e0	f10065b.ptg;1	0000	0xffffffff	0xd068	0x62d6
443	0x31fc	f10065c.ptg;1	0000	0xffffffff	0xd075	0x695a
444	0x3218	f10065d.ptg;1	0000	0xffffffff	0xd083	0x671c
445	0x3234	f15004a.ptg;1	0000	0xffffffff	0xd090	0x6e0d
446	0x3250	f15004b.ptg;1	0000	0xffffffff	0xd09e	0x6251
447	0x326c	f15004c.ptg;1	0000	0xffffffff	0xd0ab	0x7281
448	0x3288	f15004d.ptg;1	0000	0xffffffff	0xd0ba	0x74cb
449	0x32a4	f150a.ptg;1	31000000	0xffffffff	0xd0c9	0x6fda
450	0x32c0	f150b.ptg;1	31000000	0xffffffff	0xd0d7	0x715a
451	0x32dc	f150c.ptg;1	31000000	0xffffffff	0xd0e6	0x66b3
452	0x32f8	f150d.ptg;1	31000000	0xffffffff	0xd0f3	0x6aaf
453	0x3314	f350a.ptg;1	31000000	0xffffffff	0xd101	0x5f43
454	0x3330	f350b.ptg;1	31000000	0xffffffff	0xd10d	0x6e15
455	0x334c	f350c.ptg;1	31000000	0xffffffff	0xd11b	0x6cc4
456	0x3368	f350d.ptg;1	31000000	0xffffffff	0xd129	0x7387
457	0x3384	focsvta.ptg;1	0000	0xffffffff	0xd138	0x7161
458	0x33a0	focsvtb.ptg;1	0000	0xffffffff	0xd147	0x7c02
459	0x33bc	focsvtc.ptg;1	0000	0xffffffff	0xd157	0x8442
460	0x33d8	focsvtd.ptg;1	0000	0xffffffff	0xd168	0x7b4a
461	0x33f4	focwrca.ptg;1	0000	0xffffffff	0xd178	0x9285
462	0x3410	focwrcd.ptg;1	0000	0xffffffff	0xd18b	0x8fe6
463	0x342c	fordgta.ptg;1	0000	0xffffffff	0xd19d	0x6871
464	0x3448	fordgtb.ptg;1	0000	0xffffffff	0xd1ab	0x6710
465	0x3464	fordgtc.ptg;1	0000	0xffffffff	0xd1b8	0x6609
466	0x3480	fordgtd.ptg;1	0000	0xffffffff	0xd1c5	0x67b0
467	0x349c	fortya.ptg;1	000000	0xffffffff	0xd1d2	0x64a8
468	0x34b8	fortyb.ptg;1	000000	0xffffffff	0xd1df	0x6322
469	0x34d4	fortyc.ptg;1	000000	0xffffffff	0xd1ec	0x645b
470	0x34f0	fortyd.ptg;1	000000	0xffffffff	0xd1f9	0x5d49
471	0x350c	fr200a.ptg;1	000000	0xffffffff	0xd205	0x7ef9
472	0x3528	fr200b.ptg;1	000000	0xffffffff	0xd215	0x8a78
473	0x3544	fr200c.ptg;1	000000	0xffffffff	0xd227	0x8fad
474	0x3560	fr200d.ptg;1	000000	0xffffffff	0xd239	0x7ef3
475	0x357c	fr500a.ptg;1	000000	0xffffffff	0xd249	0x6b7b
476	0x3598	fr500b.ptg;1	000000	0xffffffff	0xd257	0x680e
477	0x35b4	fr500c.ptg;1	000000	0xffffffff	0xd265	0x73e8
478	0x35d0	fr500d.ptg;1	000000	0xffffffff	0xd274	0x71e5
479	0x35ec	gt90a.ptg;1	00000000	0xffffffff	0xd283	0x656c
480	0x3608	gt90b.ptg;1	00000000	0xffffffff	0xd290	0x6b90
481	0x3624	gt90c.ptg;1	00000000	0xffffffff	0xd29e	0x6f6a
482	0x3640	gt90d.ptg;1	00000000	0xffffffff	0xd2ac	0x655f
483	0x365c	indigoa.ptg;1	0000	0xffffffff	0xd2b9	0x5817
484	0x3678	indigob.ptg;1	0000	0xffffffff	0xd2c5	0x581c
485	0x3694	indigoc.ptg;1	0000	0xffffffff	0xd2d1	0x5857
486	0x36b0	indigod.ptg;1	0000	0xffffffff	0xd2dd	0x5c08
487	0x36cc	lighta.ptg;1	000000	0xffffffff	0xd2e9	0x7537
488	0x36e8	lightb.ptg;1	000000	0xffffffff	0xd2f8	0x7df4
489	0x3704	lightc.ptg;1	000000	0xffffffff	0xd308	0x73af
490	0x3720	lightd.ptg;1	000000	0xffffffff	0xd317	0x7fe8
491	0x373c	mach1ad.ptg;1	0000	0xffffffff	0xd327	0x5d1c
492	0x3758	mach1sd.ptg;1	0000	0xffffffff	0xd333	0x5fca
493	0x3774	mach3a.ptg;1	000000	0xffffffff	0xd33f	0x6cd8
494	0x3790	mach3b.ptg;1	000000	0xffffffff	0xd34d	0x699c
495	0x37ac	mach3c.ptg;1	000000	0xffffffff	0xd35b	0x7124
496	0x37c8	mach3d.ptg;1	000000	0xffffffff	0xd36a	0x69f2
497	0x37e4	must68a.ptg;1	0000	0xffffffff	0xd378	0x6dc2
498	0x3800	must68b.ptg;1	0000	0xffffffff	0xd386	0x6fa5
499	0x381c	must68bd.ptg;1	00	0xffffffff	0xd394	0x6943
500	0x3838	must68c.ptg;1	0000	0xffffffff	0xd3a2	0x6d7e
501	0x3854	must68d.ptg;1	0000	0xffffffff	0xd3b0	0x701f
502	0x3870	mustcona.ptg;1	00	0xffffffff	0xd3bf	0x70ac
503	0x388c	mustconb.ptg;1	00	0xffffffff	0xd3ce	0x6de6
504	0x38a8	mustconc.ptg;1	00	0xffffffff	0xd3dc	0x673e
505	0x38c4	mustcond.ptg;1	00	0xffffffff	0xd3e9	0x6d7d
506	0x38e0	powera.ptg;1	310000	0xffffffff	0xd3f7	0x7d86
507	0x38fc	powerb.ptg;1	310000	0xffffffff	0xd407	0x7c4e
508	0x3918	powerc.ptg;1	310000	0xffffffff	0xd417	0x7bdb
509	0x3934	powerd.ptg;1	310000	0xffffffff	0xd427	0x7cf4
510	0x3950	tbird22a.ptg;1	00	0xffffffff	0xd437	0x6c5e
511	0x396c	tbird22b.ptg;1	00	0xffffffff	0xd445	0x6d8f
512	0x3988	tbird22c.ptg;1	00	0xffffffff	0xd453	0x5fd5
513	0x39a4	tbird22d.ptg;1	00	0xffffffff	0xd45f	0x66cd
514	0x39c0	tbirda.ptg;1	310000	0xffffffff	0xd46c	0x622a
515	0x39dc	tbirdb.ptg;1	310000	0xffffffff	0xd479	0x55df
516	0x39f8	tbirdc.ptg;1	310000	0xffffffff	0xd484	0x6583
517	0x3a14	tbirdd.ptg;1	310000	0xffffffff	0xd491	0x60b5
518	0x3a30	tbirdmd.ptg;1	0000	0xffffffff	0xd49e	0x750f
519	0x3a4c	Thumbs.db;1	31000000	0xffffffff	0xd4ad	0x2fc00
520	0x3a68	torinod.ptg;1	0000	0xffffffff	0xd50d	0x667e
521	0x3a84	tsaa1.ptg;1	31000000	0xffffffff	0xd51a	0x780f
522	0x3aa0	tsaa2.ptg;1	31000000	0xffffffff	0xd52a	0x78f5
523	0x3abc	tsab1.ptg;1	31000000	0xffffffff	0xd53a	0x7a0b
524	0x3ad8	tsab2.ptg;1	31000000	0xffffffff	0xd54a	0x7a50
525	0x3af4	tsac1.ptg;1	31000000	0xffffffff	0xd55a	0x77d7
526	0x3b10	tsac2.ptg;1	31000000	0xffffffff	0xd569	0x77ad
527	0x3b2c	tsad1.ptg;1	31000000	0xffffffff	0xd578	0x7a3d
528	0x3b48	tsad2.ptg;1	31000000	0xffffffff	0xd588	0x7a51
529	0x3b64	tsba1.ptg;1	31000000	0xffffffff	0xd598	0x7573
530	0x3b80	tsba2.ptg;1	31000000	0xffffffff	0xd5a7	0x75eb
531	0x3b9c	tsbb1.ptg;1	31000000	0xffffffff	0xd5b6	0x7179
532	0x3bb8	tsbb2.ptg;1	31000000	0xffffffff	0xd5c5	0x71f4
533	0x3bd4	tsbc1.ptg;1	31000000	0xffffffff	0xd5d4	0x71e4
534	0x3bf0	tsbc2.ptg;1	31000000	0xffffffff	0xd5e3	0x71d9
535	0x3c0c	tsbd1.ptg;1	31000000	0xffffffff	0xd5f2	0x7800
536	0x3c28	tsbd2.ptg;1	31000000	0xffffffff	0xd601	0x77be
537	0x3c44	tsca1.ptg;1	31000000	0xffffffff	0xd610	0x72ad
538	0x3c60	tsca2.ptg;1	31000000	0xffffffff	0xd61f	0x7298
539	0x3c7c	tscb1.ptg;1	31000000	0xffffffff	0xd62e	0x70b5
540	0x3c98	tscb2.ptg;1	31000000	0xffffffff	0xd63d	0x7168
541	0x3cb4	tscc1.ptg;1	31000000	0xffffffff	0xd64c	0x7009
542	0x3cd0	tscc2.ptg;1	31000000	0xffffffff	0xd65b	0x6fa2
543	0x3cec	tscd1.ptg;1	31000000	0xffffffff	0xd669	0x647f
544	0x3d08	tscd2.ptg;1	31000000	0xffffffff	0xd676	0x644d
545	0x3d24	tsda1.ptg;1	31000000	0xffffffff	0xd683	0x71f4
546	0x3d40	tsda2.ptg;1	31000000	0xffffffff	0xd692	0x7101
547	0x3d5c	tsdb1.ptg;1	31000000	0xffffffff	0xd6a1	0x6cc6
548	0x3d78	tsdb2.ptg;1	31000000	0xffffffff	0xd6af	0x6d4e
549	0x3d94	tsdc1.ptg;1	31000000	0xffffffff	0xd6bd	0x6df5
550	0x3db0	tsdc2.ptg;1	31000000	0xffffffff	0xd6cb	0x6de3
551	0x3dcc	tsdd1.ptg;1	31000000	0xffffffff	0xd6d9	0x674f
552	0x3de8	tsdd2.ptg;1	31000000	0xffffffff	0xd6e6	0x680d
553	0x3e04	49coupea.ptg;1	00	0xffffffff	0xd6f4	0x1703
554	0x3e20	49coupeb.ptg;1	00	0xffffffff	0xd6f7	0x1691
555	0x3e3c	49coupec.ptg;1	00	0xffffffff	0xd6fa	0x1780
556	0x3e58	49couped.ptg;1	00	0xffffffff	0xd6fd	0x1711
557	0x3e74	49movied.ptg;1	00	0xffffffff	0xd700	0x16fd
558	0x3e90	cobraa.ptg;1	310000	0xffffffff	0xd703	0x1725
559	0x3eac	cobrab.ptg;1	310000	0xffffffff	0xd706	0x16ce
560	0x3ec8	cobrac.ptg;1	310000	0xffffffff	0xd709	0x16c8
561	0x3ee4	cobrad.ptg;1	310000	0xffffffff	0xd70c	0x16ab
562	0x3f00	crownva.ptg;1	0000	0xffffffff	0xd70f	0x16ad
563	0x3f1c	crownvb.ptg;1	0000	0xffffffff	0xd712	0x1690
564	0x3f38	crownvc.ptg;1	0000	0xffffffff	0xd715	0x165f
565	0x3f54	crownvd.ptg;1	0000	0xffffffff	0xd718	0x1661
566	0x3f70	exa.ptg;1	673b31000000	0xffffffff	0xd71b	0x1735
567	0x3f8c	exb.ptg;1	673b31000000	0xffffffff	0xd71e	0x174d
568	0x3fa8	exc.ptg;1	673b31000000	0xffffffff	0xd721	0x16fa
569	0x3fc4	exd.ptg;1	673b31000000	0xffffffff	0xd724	0x1746
570	0x3fe0	explorea.ptg;1	00	0xffffffff	0xd727	0x163e
571	0x3ffc	exploreb.ptg;1	00	0xffffffff	0xd72a	0x1691
572	0x4018	explorec.ptg;1	00	0xffffffff	0xd72d	0x1727
573	0x4034	explored.ptg;1	00	0xffffffff	0xd730	0x16b9
574	0x4050	f10056a.ptg;1	0000	0xffffffff	0xd733	0x1703
575	0x406c	f10056b.ptg;1	0000	0xffffffff	0xd736	0x16a7
576	0x4088	f10056c.ptg;1	0000	0xffffffff	0xd739	0x16cb
577	0x40a4	f10056d.ptg;1	0000	0xffffffff	0xd73c	0x16b8
578	0x40c0	f10065a.ptg;1	0000	0xffffffff	0xd73f	0x16a8
579	0x40dc	f10065b.ptg;1	0000	0xffffffff	0xd742	0x16b9
580	0x40f8	f10065c.ptg;1	0000	0xffffffff	0xd745	0x16e1
581	0x4114	f10065d.ptg;1	0000	0xffffffff	0xd748	0x1690
582	0x4130	f15004a.ptg;1	0000	0xffffffff	0xd74b	0x16b4
583	0x414c	f15004b.ptg;1	0000	0xffffffff	0xd74e	0x1690
584	0x4168	f15004c.ptg;1	0000	0xffffffff	0xd751	0x16e7
585	0x4184	f15004d.ptg;1	0000	0xffffffff	0xd754	0x16a7
586	0x41a0	f150a.ptg;1	31000000	0xffffffff	0xd757	0x1734
587	0x41bc	f150b.ptg;1	31000000	0xffffffff	0xd75a	0x16d0
588	0x41d8	f150c.ptg;1	31000000	0xffffffff	0xd75d	0x168f
589	0x41f4	f150d.ptg;1	31000000	0xffffffff	0xd760	0x16a6
590	0x4210	f350a.ptg;1	31000000	0xffffffff	0xd763	0x1502
591	0x422c	f350b.ptg;1	31000000	0xffffffff	0xd766	0x15f1
592	0x4248	f350c.ptg;1	31000000	0xffffffff	0xd769	0x1619
593	0x4264	f350d.ptg;1	31000000	0xffffffff	0xd76c	0x15d8
594	0x4280	focsvta.ptg;1	0000	0xffffffff	0xd76f	0x16e8
595	0x429c	focsvtb.ptg;1	0000	0xffffffff	0xd772	0x1653
596	0x42b8	focsvtc.ptg;1	0000	0xffffffff	0xd775	0x16a3
597	0x42d4	focsvtd.ptg;1	0000	0xffffffff	0xd778	0x16e8
598	0x42f0	focwrca.ptg;1	0000	0xffffffff	0xd77b	0x16fa
599	0x430c	focwrcd.ptg;1	0000	0xffffffff	0xd77e	0x173b
600	0x4328	fordgta.ptg;1	0000	0xffffffff	0xd781	0x1720
601	0x4344	fordgtb.ptg;1	0000	0xffffffff	0xd784	0x1691
602	0x4360	fordgtc.ptg;1	0000	0xffffffff	0xd787	0x1722
603	0x437c	fordgtd.ptg;1	0000	0xffffffff	0xd78a	0x16fd
604	0x4398	fortya.ptg;1	000000	0xffffffff	0xd78d	0x1713
605	0x43b4	fortyb.ptg;1	000000	0xffffffff	0xd790	0x163b
606	0x43d0	fortyc.ptg;1	000000	0xffffffff	0xd793	0x16bb
607	0x43ec	fortyd.ptg;1	000000	0xffffffff	0xd796	0x16c0
608	0x4408	fr200a.ptg;1	000000	0xffffffff	0xd799	0x149c
609	0x4424	fr200b.ptg;1	000000	0xffffffff	0xd79c	0x1535
610	0x4440	fr200c.ptg;1	000000	0xffffffff	0xd79f	0x167c
611	0x445c	fr200d.ptg;1	000000	0xffffffff	0xd7a2	0x16da
612	0x4478	fr500a.ptg;1	000000	0xffffffff	0xd7a5	0x1646
613	0x4494	fr500b.ptg;1	000000	0xffffffff	0xd7a8	0x1716
614	0x44b0	fr500c.ptg;1	000000	0xffffffff	0xd7ab	0x1679
615	0x44cc	fr500d.ptg;1	000000	0xffffffff	0xd7ae	0x171d
616	0x44e8	gt90a.ptg;1	00000000	0xffffffff	0xd7b1	0x15fa
617	0x4504	gt90b.ptg;1	00000000	0xffffffff	0xd7b4	0x16c2
618	0x4520	gt90c.ptg;1	00000000	0xffffffff	0xd7b7	0x172e
619	0x453c	gt90d.ptg;1	00000000	0xffffffff	0xd7ba	0x172a
620	0x4558	indigoa.ptg;1	0000	0xffffffff	0xd7bd	0x1698
621	0x4574	indigob.ptg;1	0000	0xffffffff	0xd7c0	0x1693
622	0x4590	indigoc.ptg;1	0000	0xffffffff	0xd7c3	0x16ab
623	0x45ac	indigod.ptg;1	0000	0xffffffff	0xd7c6	0x16e7
624	0x45c8	lighta.ptg;1	000000	0xffffffff	0xd7c9	0x17a9
625	0x45e4	lightb.ptg;1	000000	0xffffffff	0xd7cc	0x1710
626	0x4600	lightc.ptg;1	000000	0xffffffff	0xd7cf	0x1702
627	0x461c	lightd.ptg;1	000000	0xffffffff	0xd7d2	0x15fe
628	0x4638	mach1ad.ptg;1	0000	0xffffffff	0xd7d5	0x166f
629	0x4654	mach1sd.ptg;1	0000	0xffffffff	0xd7d8	0x1688
630	0x4670	mach3a.ptg;1	000000	0xffffffff	0xd7db	0x1719
631	0x468c	mach3b.ptg;1	000000	0xffffffff	0xd7de	0x1704
632	0x46a8	mach3c.ptg;1	000000	0xffffffff	0xd7e1	0x1731
633	0x46c4	mach3d.ptg;1	000000	0xffffffff	0xd7e4	0x172e
634	0x46e0	must68a.ptg;1	0000	0xffffffff	0xd7e7	0x16f0
635	0x46fc	must68b.ptg;1	0000	0xffffffff	0xd7ea	0x16d9
636	0x4718	must68bd.ptg;1	00	0xffffffff	0xd7ed	0x1765
637	0x4734	must68c.ptg;1	0000	0xffffffff	0xd7f0	0x1747
638	0x4750	must68d.ptg;1	0000	0xffffffff	0xd7f3	0x175a
639	0x476c	mustcona.ptg;1	00	0xffffffff	0xd7f6	0x1714
640	0x4788	mustconb.ptg;1	00	0xffffffff	0xd7f9	0x1720
641	0x47a4	mustconc.ptg;1	00	0xffffffff	0xd7fc	0x1787
642	0x47c0	mustcond.ptg;1	00	0xffffffff	0xd7ff	0x17a5
643	0x47dc	powera.ptg;1	310000	0xffffffff	0xd802	0x1740
644	0x47f8	powerb.ptg;1	310000	0xffffffff	0xd805	0x1714
645	0x4814	powerc.ptg;1	310000	0xffffffff	0xd808	0x16ff
646	0x4830	powerd.ptg;1	310000	0xffffffff	0xd80b	0x16ef
647	0x484c	tbird22a.ptg;1	00	0xffffffff	0xd80e	0x16d2
648	0x4868	tbird22b.ptg;1	00	0xffffffff	0xd811	0x1737
649	0x4884	tbird22c.ptg;1	00	0xffffffff	0xd814	0x16f3
650	0x48a0	tbird22d.ptg;1	00	0xffffffff	0xd817	0x17c4
651	0x48bc	tbirda.ptg;1	310000	0xffffffff	0xd81a	0x1733
652	0x48d8	tbirdb.ptg;1	310000	0xffffffff	0xd81d	0x1645
653	0x48f4	tbirdc.ptg;1	310000	0xffffffff	0xd820	0x16d0
654	0x4910	tbirdd.ptg;1	310000	0xffffffff	0xd823	0x16a5
655	0x492c	tbirdmd.ptg;1	0000	0xffffffff	0xd826	0x1691
656	0x4948	Thumbs.db;1	31000000	0xffffffff	0xd829	0x7995c
657	0x4964	torinod.ptg;1	0000	0xffffffff	0xd91d	0x163c
658	0x4980	tsaa1.ptg;1	31000000	0xffffffff	0xd920	0x1515
659	0x499c	tsaa2.ptg;1	31000000	0xffffffff	0xd923	0x14cc
660	0x49b8	tsab1.ptg;1	31000000	0xffffffff	0xd926	0x15ed
661	0x49d4	tsab2.ptg;1	31000000	0xffffffff	0xd929	0x154d
662	0x49f0	tsac1.ptg;1	31000000	0xffffffff	0xd92c	0x16c8
663	0x4a0c	tsac2.ptg;1	31000000	0xffffffff	0xd92f	0x16cf
664	0x4a28	tsad1.ptg;1	31000000	0xffffffff	0xd932	0x1703
665	0x4a44	tsad2.ptg;1	31000000	0xffffffff	0xd935	0x16df
666	0x4a60	tsba1.ptg;1	31000000	0xffffffff	0xd938	0x16f5
667	0x4a7c	tsba2.ptg;1	31000000	0xffffffff	0xd93b	0x16e0
668	0x4a98	tsbb1.ptg;1	31000000	0xffffffff	0xd93e	0x1552
669	0x4ab4	tsbb2.ptg;1	31000000	0xffffffff	0xd941	0x1527
670	0x4ad0	tsbc1.ptg;1	31000000	0xffffffff	0xd944	0x16b6
671	0x4aec	tsbc2.ptg;1	31000000	0xffffffff	0xd947	0x16c1
672	0x4b08	tsbd1.ptg;1	31000000	0xffffffff	0xd94a	0x16fb
673	0x4b24	tsbd2.ptg;1	31000000	0xffffffff	0xd94d	0x1707
674	0x4b40	tsca1.ptg;1	31000000	0xffffffff	0xd950	0x1550
675	0x4b5c	tsca2.ptg;1	31000000	0xffffffff	0xd953	0x153c
676	0x4b78	tscb1.ptg;1	31000000	0xffffffff	0xd956	0x16e8
677	0x4b94	tscb2.ptg;1	31000000	0xffffffff	0xd959	0x1713
678	0x4bb0	tscc1.ptg;1	31000000	0xffffffff	0xd95c	0x16c6
679	0x4bcc	tscc2.ptg;1	31000000	0xffffffff	0xd95f	0x16cb
680	0x4be8	tscd1.ptg;1	31000000	0xffffffff	0xd962	0x16f6
681	0x4c04	tscd2.ptg;1	31000000	0xffffffff	0xd965	0x16f7
682	0x4c20	tsda1.ptg;1	31000000	0xffffffff	0xd968	0x153f
683	0x4c3c	tsda2.ptg;1	31000000	0xffffffff	0xd96b	0x1520
684	0x4c58	tsdb1.ptg;1	31000000	0xffffffff	0xd96e	0x1749
685	0x4c74	tsdb2.ptg;1	31000000	0xffffffff	0xd971	0x1726
686	0x4c90	tsdc1.ptg;1	31000000	0xffffffff	0xd974	0x1533
687	0x4cac	tsdc2.ptg;1	31000000	0xffffffff	0xd977	0x1516
688	0x4cc8	tsdd1.ptg;1	31000000	0xffffffff	0xd97a	0x16e7
689	0x4ce4	tsdd2.ptg;1	31000000	0xffffffff	0xd97d	0x16f7
690	0x4d00	catch.ptg;1	31000000	0xffffffff	0xd980	0x743
691	0x4d1c	eliminat.ptg;1	00	0xffffffff	0xd981	0x651
692	0x4d38	Modeglow.ptg;1	00	0xffffffff	0xd982	0x7f9
693	0x4d54	raceline.ptg;1	00	0xffffffff	0xd983	0x524
694	0x4d70	racing.ptg;1	310000	0xffffffff	0xd984	0x411
695	0x4d8c	skills.ptg;1	310000	0xffffffff	0xd985	0x7b7
696	0x4da8	smash.ptg;1	00310000	0xffffffff	0xd986	0x640
697	0x4dc4	timeatta.ptg;1	00	0xffffffff	0xd987	0x73d
698	0x4de0	versus.ptg;1	310000	0xffffffff	0xd988	0x5f1
699	0x4dfc	kph.ptg;1	3b3100310000	0xffffffff	0xd989	0x1f0
700	0x4e18	mono.ptg;1	3100310000	0xffffffff	0xd98a	0x19f
701	0x4e34	mph.ptg;1	003100310000	0xffffffff	0xd98b	0x1b9
702	0x4e50	no.ptg;1	00003100310000	0xffffffff	0xd98c	0x1a8
703	0x4e6c	scrnorm.ptg;1	0000	0xffffffff	0xd98d	0x1bf
704	0x4e88	scrwide.ptg;1	0000	0xffffffff	0xd98e	0x1cc
705	0x4ea4	stereo.ptg;1	000000	0xffffffff	0xd98f	0x1f1
706	0x4ec0	volbar.ptg;1	000000	0xffffffff	0xd990	0x1bc
707	0x4edc	volslide.ptg;1	00	0xffffffff	0xd991	0xbf
708	0x4ef8	vwcar.ptg;1	3b310000	0xffffffff	0xd992	0x1cf
709	0x4f14	vwcock.ptg;1	310000	0xffffffff	0xd993	0x1ef
710	0x4f30	yes.ptg;1	3b3100310000	0xffffffff	0xd994	0x1af
711	0x4f4c	circle.ptg;1	310000	0xffffffff	0xd995	0x41e
712	0x4f68	cross.ptg;1	00310000	0xffffffff	0xd996	0x3f9
713	0x4f84	dpadx.ptg;1	00310000	0xffffffff	0xd997	0x3f7
714	0x4fa0	l1.ptg;1	3b310000310000	0xffffffff	0xd998	0x2ab
715	0x4fbc	l2.ptg;1	3b310000310000	0xffffffff	0xd999	0x306
716	0x4fd8	lstkdn.ptg;1	310000	0xffffffff	0xd99a	0x73a
717	0x4ff4	lstkup.ptg;1	310000	0xffffffff	0xd99b	0x726
718	0x5010	lstkx.ptg;1	00310000	0xffffffff	0xd99c	0x7e8
719	0x502c	r1.ptg;1	3b310000310000	0xffffffff	0xd99d	0x2f5
720	0x5048	r2.ptg;1	3b310000310000	0xffffffff	0xd99e	0x347
721	0x5064	rstkdn.ptg;1	310000	0xffffffff	0xd99f	0x72b
722	0x5080	rstkup.ptg;1	310000	0xffffffff	0xd9a0	0x72b
723	0x509c	rstkx.ptg;1	00310000	0xffffffff	0xd9a1	0x7e1
724	0x50b8	select.ptg;1	310000	0xffffffff	0xd9a2	0x314
725	0x50d4	square.ptg;1	310000	0xffffffff	0xd9a3	0x3ad
726	0x50f0	start.ptg;1	00310000	0xffffffff	0xd9a4	0x58f
727	0x510c	triangle.ptg;1	00	0xffffffff	0xd9a5	0x41a
728	0x5128	Bay_A.ptg;1	3b310000	0xffffffff	0xd9a6	0x45f3
729	0x5144	Bay_B.ptg;1	3b310000	0xffffffff	0xd9af	0x3e8d
730	0x5160	Bay_C.ptg;1	3b310000	0xffffffff	0xd9b7	0x3ac7
731	0x517c	Desert_A.ptg;1	00	0xffffffff	0xd9bf	0x43ee
732	0x5198	Desert_B.ptg;1	00	0xffffffff	0xd9c8	0x43d1
733	0x51b4	Desert_C.ptg;1	00	0xffffffff	0xd9d1	0x45e4
734	0x51d0	Flor_A.ptg;1	310000	0xffffffff	0xd9da	0x4126
735	0x51ec	Flor_B.ptg;1	310000	0xffffffff	0xd9e3	0x3d7a
736	0x5208	Flor_C.ptg;1	310000	0xffffffff	0xd9eb	0x3aea
737	0x5224	Jungle_A.ptg;1	00	0xffffffff	0xd9f3	0x473a
738	0x5240	Jungle_B.ptg;1	00	0xffffffff	0xd9fc	0x4402
739	0x525c	Jungle_C.ptg;1	00	0xffffffff	0xda05	0x41d3
740	0x5278	Oval_A.ptg;1	310000	0xffffffff	0xda0e	0x3e6e
741	0x5294	Oval_B.ptg;1	310000	0xffffffff	0xda16	0x2988
742	0x52b0	Spring_A.ptg;1	00	0xffffffff	0xda1c	0x4248
743	0x52cc	Spring_B.ptg;1	00	0xffffffff	0xda25	0x447d
744	0x52e8	bay_a.ptg;1	3b310000	0xffffffff	0xda2e	0x13ac1
745	0x5304	bay_b.ptg;1	3b310000	0xffffffff	0xda56	0x16a04
746	0x5320	bay_c.ptg;1	3b310000	0xffffffff	0xda84	0x10fdd
747	0x533c	DESERT_A.ptg;1	00	0xffffffff	0xdaa6	0x14a62
748	0x5358	Desert_B.ptg;1	00	0xffffffff	0xdad0	0x12b36
749	0x5374	Desert_C.ptg;1	00	0xffffffff	0xdaf6	0x1404e
750	0x5390	flor_a.ptg;1	310000	0xffffffff	0xdb1f	0x12563
751	0x53ac	Flor_B.ptg;1	310000	0xffffffff	0xdb44	0x12be8
752	0x53c8	flor_c.ptg;1	310000	0xffffffff	0xdb6a	0x124aa
753	0x53e4	jungle_a.ptg;1	00	0xffffffff	0xdb8f	0x13598
754	0x5400	jungle_b.ptg;1	00	0xffffffff	0xdbb6	0x134d7
755	0x541c	jungle_c.ptg;1	00	0xffffffff	0xdbdd	0x12695
756	0x5438	oval_A.ptg;1	310000	0xffffffff	0xdc02	0x127ab
757	0x5454	oval_b.ptg;1	310000	0xffffffff	0xdc27	0x10d3b
758	0x5470	spring_a.ptg;1	00	0xffffffff	0xdc49	0x12142
759	0x548c	spring_b.ptg;1	00	0xffffffff	0xdc6e	0x1104a
760	0x54a8	Amateur.ptg;1	0000	0xffffffff	0xdc91	0xf04
761	0x54c4	Chall.ptg;1	31000000	0xffffffff	0xdc93	0xe90
762	0x54e0	Collect.ptg;1	0000	0xffffffff	0xdc95	0xee4
763	0x54fc	Expert.ptg;1	000000	0xffffffff	0xdc97	0xedb
764	0x5518	fr2.ptg;1	3b3100000000	0xffffffff	0xdc99	0x1146
765	0x5534	Legend.ptg;1	000000	0xffffffff	0xdc9c	0xed4
766	0x5550	Pro.ptg;1	3b3100000000	0xffffffff	0xdc9e	0xee7
767	0x556c	Rookie.ptg;1	000000	0xffffffff	0xdca0	0xeed
768	0x5588	SemiPro.ptg;1	0000	0xffffffff	0xdca2	0xef5
769	0x55a4	Amateur.ptg;1	0000	0xffffffff	0xdca4	0xf3f3
770	0x55c0	catch.ptg;1	31000000	0xffffffff	0xdcc3	0xcf0c
771	0x55dc	Chall.ptg;1	31000000	0xffffffff	0xdcdd	0xc6ce
772	0x55f8	Collect.ptg;1	0000	0xffffffff	0xdcf6	0xdfeb
773	0x5614	Concept.ptg;1	0000	0xffffffff	0xdd12	0x10947
774	0x5630	Custom.ptg;1	000000	0xffffffff	0xdd34	0x10826
775	0x564c	Eliminat.ptg;1	00	0xffffffff	0xdd56	0xce9f
776	0x5668	Expert.ptg;1	310000	0xffffffff	0xdd70	0xf636
777	0x5684	fr2.ptg;1	3b3100310000	0xffffffff	0xdd8f	0x1bf2f
778	0x56a0	Legend.ptg;1	310000	0xffffffff	0xddc7	0xfbb3
779	0x56bc	Living.ptg;1	310000	0xffffffff	0xdde7	0x107ef
780	0x56d8	modeglow.ptg;1	00	0xffffffff	0xde08	0x7ed
781	0x56f4	Movie.ptg;1	3b310000	0xffffffff	0xde09	0x107e1
782	0x5710	OffRoad.ptg;1	0000	0xffffffff	0xde2a	0x10818
783	0x572c	Pro.ptg;1	673b31000000	0xffffffff	0xde4c	0xf471
784	0x5748	RaceLine.ptg;1	00	0xffffffff	0xde6b	0xcdec
785	0x5764	Racing.ptg;1	310000	0xffffffff	0xde85	0xcfa2
786	0x5780	Rookie.ptg;1	310000	0xffffffff	0xde9f	0xef0d
787	0x579c	SemiPro.ptg;1	0000	0xffffffff	0xdebd	0xf0a2
788	0x57b8	Skills.ptg;1	000000	0xffffffff	0xdedc	0xcfeb
789	0x57d4	smash.ptg;1	00000000	0xffffffff	0xdef6	0xce28
790	0x57f0	Stock.ptg;1	00000000	0xffffffff	0xdf10	0x10cbc
791	0x580c	Svt.ptg;1	310000000000	0xffffffff	0xdf32	0x108ad
792	0x5828	TimeAtta.ptg;1	00	0xffffffff	0xdf54	0xce22
793	0x5844	versus.ptg;1	310000	0xffffffff	0xdf6e	0xce11
794	0x5860	a.ptg;1	74673b3100310000	0xffffffff	0xdf88	0x6f1
795	0x587c	b.ptg;1	74673b3100310000	0xffffffff	0xdf89	0x6d4
796	0x5898	back.ptg;1	3100310000	0xffffffff	0xdf8a	0x24c
797	0x58b4	black.ptg;1	00310000	0xffffffff	0xdf8b	0x45f
798	0x58d0	dpadx.ptg;1	00310000	0xffffffff	0xdf8c	0x3ad
799	0x58ec	dpady.ptg;1	00310000	0xffffffff	0xdf8d	0x39d
800	0x5908	L.ptg;1	673b310000310000	0xffffffff	0xdf8e	0x165
801	0x5924	lstkdn.ptg;1	310000	0xffffffff	0xdf8f	0x4f2
802	0x5940	lstkup.ptg;1	310000	0xffffffff	0xdf90	0x502
803	0x595c	lstkx.ptg;1	00310000	0xffffffff	0xdf91	0x3c6
804	0x5978	lstky.ptg;1	00310000	0xffffffff	0xdf92	0x3d0
805	0x5994	R.ptg;1	673b310000310000	0xffffffff	0xdf93	0x1be
806	0x59b0	rstkdn.ptg;1	310000	0xffffffff	0xdf94	0x4ca
807	0x59cc	rstkup.ptg;1	310000	0xffffffff	0xdf95	0x4dd
808	0x59e8	rstkx.ptg;1	00310000	0xffffffff	0xdf96	0x405
809	0x5a04	rstky.ptg;1	00310000	0xffffffff	0xdf97	0x3d3
810	0x5a20	select.ptg;1	310000	0xffffffff	0xdf98	0x24c
811	0x5a3c	start.ptg;1	00310000	0xffffffff	0xdf99	0x2c0
812	0x5a58	white.ptg;1	00310000	0xffffffff	0xdf9a	0x5ac
813	0x5a74	x.ptg;1	673b310000310000	0xffffffff	0xdf9b	0x6c0
814	0x5a90	y.ptg;1	673b310000310000	0xffffffff	0xdf9c	0x6e5
815	0x5aac	cheqflag.ptg;1	00	0xffffffff	0xdf9d	0x12d5
816	0x5ac8	mirror.ptg;1	310000	0xffffffff	0xdfa0	0x1151
817	0x5ae4	powerb.ptg;1	310000	0xffffffff	0xdfa3	0x1fa
818	0x5b00	powert.ptg;1	310000	0xffffffff	0xdfa4	0x1f4
819	0x5b1c	start0.ptg;1	310000	0xffffffff	0xdfa5	0x6e1
820	0x5b38	start1.ptg;1	310000	0xffffffff	0xdfa6	0x9c0
821	0x5b54	start2.ptg;1	310000	0xffffffff	0xdfa8	0xb68
822	0x5b70	start3.ptg;1	310000	0xffffffff	0xdfaa	0xa57
823	0x5b8c	turnrnd.ptg;1	0000	0xffffffff	0xdfac	0x4e7
824	0x5ba8	_loadbar.ptg;1	00	0xffffffff	0xdfad	0xfd
825	0x5bc4	DolbyPro.ptg;1	00	0xffffffff	0xdfae	0x3efc
826	0x5be0	freq.ptg;1	673b310000	0xffffffff	0xdfb6	0x30075
827	0x5bfc	gotham.ptg;1	310000	0xffffffff	0xe017	0x74ef
828	0x5c18	loadEU.ptg;1	310000	0xffffffff	0xe026	0x10e0c
829	0x5c34	loadUS.ptg;1	310000	0xffffffff	0xe048	0x11052
830	0x5c50	LOGO_EMP.ptg;1	00	0xffffffff	0xe06b	0x335e
831	0x5c6c	logo_rw.ptg;1	0000	0xffffffff	0xe072	0x41eb
832	0x5c88	PCLEGLEU.ptg;1	00	0xffffffff	0xe07b	0x5e1f
833	0x5ca4	PCLEGLUS.ptg;1	00	0xffffffff	0xe087	0x5d7d
834	0x5cc0	pslegleu.ptg;1	00	0xffffffff	0xe093	0x60c5
835	0x5cdc	psleglus.ptg;1	00	0xffffffff	0xe0a0	0x60bf
836	0x5cf8	xblegleu.ptg;1	00	0xffffffff	0xe0ad	0x60d8
837	0x5d14	xbleglus.ptg;1	00	0xffffffff	0xe0ba	0x60c6
838	0x5d30	70gear0.ptg;1	0000	0xffffffff	0xe0c7	0x282
839	0x5d4c	70gear1.ptg;1	0000	0xffffffff	0xe0c8	0x299
840	0x5d68	70gear2.ptg;1	0000	0xffffffff	0xe0c9	0x26c
841	0x5d84	70gear3.ptg;1	0000	0xffffffff	0xe0ca	0x29e
842	0x5da0	70gear4.ptg;1	0000	0xffffffff	0xe0cb	0x2a4
843	0x5dbc	70gear5.ptg;1	0000	0xffffffff	0xe0cc	0x289
844	0x5dd8	70gear6.ptg;1	0000	0xffffffff	0xe0cd	0x295
845	0x5df4	70gear7.ptg;1	0000	0xffffffff	0xe0ce	0x2ad
846	0x5e10	gear0.ptg;1	31000000	0xffffffff	0xe0cf	0x32c
847	0x5e2c	gear1.ptg;1	31000000	0xffffffff	0xe0d0	0x356
848	0x5e48	gear2.ptg;1	31000000	0xffffffff	0xe0d1	0x2be
849	0x5e64	gear3.ptg;1	31000000	0xffffffff	0xe0d2	0x2e9
850	0x5e80	gear4.ptg;1	31000000	0xffffffff	0xe0d3	0x2f4
851	0x5e9c	gear5.ptg;1	31000000	0xffffffff	0xe0d4	0x2f8
852	0x5eb8	gear6.ptg;1	31000000	0xffffffff	0xe0d5	0x2e0
853	0x5ed4	gear7.ptg;1	31000000	0xffffffff	0xe0d6	0x320
854	0x5ef0	_bezel.ptg;1	000000	0xffffffff	0xe0d7	0x449
855	0x5f0c	_flat160.ptg;1	00	0xffffffff	0xe0d8	0x8d43
856	0x5f28	_flat280.ptg;1	00	0xffffffff	0xe0ea	0x8b73
857	0x5f44	_old160.ptg;1	0000	0xffffffff	0xe0fc	0x1181b
858	0x5f60	_old280.ptg;1	0000	0xffffffff	0xe120	0x1175b
859	0x5f7c	_oldbzl.ptg;1	0000	0xffffffff	0xe143	0x9ed
860	0x5f98	_rvin10.ptg;1	0000	0xffffffff	0xe145	0x1e7b
861	0x5fb4	_rvin14.ptg;1	0000	0xffffffff	0xe149	0x1b12
862	0x5fd0	_rvin16.ptg;1	0000	0xffffffff	0xe14d	0x1c8f
863	0x5fec	_rvin6.ptg;1	000000	0xffffffff	0xe151	0x1866
864	0x6008	_rvin7.ptg;1	000000	0xffffffff	0xe155	0x1a0e
865	0x6024	_rvin8.ptg;1	000000	0xffffffff	0xe159	0x1b9e
866	0x6040	_rvout10.ptg;1	00	0xffffffff	0xe15d	0x3d3f
867	0x605c	_rvout14.ptg;1	00	0xffffffff	0xe165	0x3817
868	0x6078	_rvout16.ptg;1	00	0xffffffff	0xe16d	0x3aa8
869	0x6094	_rvout6.ptg;1	0000	0xffffffff	0xe175	0x342d
870	0x60b0	_rvout7.ptg;1	0000	0xffffffff	0xe17c	0x3689
871	0x60cc	_rvout8.ptg;1	0000	0xffffffff	0xe183	0x38dd
872	0x60e8	_spd160.ptg;1	0000	0xffffffff	0xe18b	0x1e02
873	0x6104	_spd180.ptg;1	0000	0xffffffff	0xe18f	0x1fd1
874	0x6120	_spd240.ptg;1	0000	0xffffffff	0xe193	0x1ae2
875	0x613c	_spd280.ptg;1	0000	0xffffffff	0xe197	0x1cf5
876	0x6158	_spd400.ptg;1	0000	0xffffffff	0xe19b	0x1952
877	0x6174	flatndle.ptg;1	00	0xffffffff	0xe19f	0x41c
878	0x6190	modbox.ptg;1	310000	0xffffffff	0xe1a0	0x6d4
879	0x61ac	needle.ptg;1	310000	0xffffffff	0xe1a1	0x434
880	0x61c8	psiconeu.ico;1	00	0xffffffff	0xe1a2	0x38d2
881	0x61e4	psiconus.ico;1	00	0xffffffff	0xe1aa	0x38d2
882	0x6200	XBICONEU.ICO;1	00	0xffffffff	0xe1b2	0x1000
883	0x621c	XBICONUS.ICO;1	00	0xffffffff	0xe1b4	0x1000
884	0x6238	tlate_en.dat;1	00	0xffffffff	0xe1b6	0x1ad74
885	0x6254	tlate_fr.dat;1	00	0xffffffff	0xe1ec	0x1be4a
886	0x6270	tlate_gr.dat;1	00	0xffffffff	0xe224	0x1d2d8
887	0x628c	tlate_it.dat;1	00	0xffffffff	0xe25f	0x1c678
888	0x62a8	tlate_sp.dat;1	00	0xffffffff	0xe298	0x1c89a
889	0x62c4	tlate_us.dat;1	00	0xffffffff	0xe2d2	0x1ad78
890	0x62e0	baya.msb;1	743b310000	0xffffffff	0xe308	0x30c80
891	0x62fc	baya.msh;1	743b310000	0xffffffff	0xe36a	0x80
892	0x6318	bayb.msb;1	743b310000	0xffffffff	0xe36b	0x348a0
893	0x6334	bayb.msh;1	743b310000	0xffffffff	0xe3d5	0x80
894	0x6350	bayc.msb;1	743b310000	0xffffffff	0xe3d6	0x479a0
895	0x636c	bayc.msh;1	743b310000	0xffffffff	0xe466	0xc0
896	0x6388	car1_snd.msb;1	00	0xffffffff	0xe467	0x15440
897	0x63a4	car1_snd.msh;1	00	0xffffffff	0xe492	0x80
898	0x63c0	car2_snd.msb;1	00	0xffffffff	0xe493	0x1df60
899	0x63dc	car2_snd.msh;1	00	0xffffffff	0xe4cf	0x80
900	0x63f8	car3_snd.msb;1	00	0xffffffff	0xe4d0	0x20530
901	0x6414	car3_snd.msh;1	00	0xffffffff	0xe511	0x80
902	0x6430	car4_snd.msb;1	00	0xffffffff	0xe512	0x13d00
903	0x644c	car4_snd.msh;1	00	0xffffffff	0xe53a	0x80
904	0x6468	car5_snd.msb;1	00	0xffffffff	0xe53b	0x1f440
905	0x6484	car5_snd.msh;1	00	0xffffffff	0xe57a	0x80
906	0x64a0	car6_snd.msb;1	00	0xffffffff	0xe57b	0x179b0
907	0x64bc	car6_snd.msh;1	00	0xffffffff	0xe5ab	0x80
908	0x64d8	car7_snd.msb;1	00	0xffffffff	0xe5ac	0x21740
909	0x64f4	car7_snd.msh;1	00	0xffffffff	0xe5ef	0x80
910	0x6510	car8_snd.msb;1	00	0xffffffff	0xe5f0	0x141c0
911	0x652c	car8_snd.msh;1	00	0xffffffff	0xe619	0x80
912	0x6548	car_gen.msb;1	0000	0xffffffff	0xe61a	0xa26f0
913	0x6564	car_gen.msh;1	0000	0xffffffff	0xe75f	0x340
914	0x6580	desa.msb;1	3b31000000	0xffffffff	0xe760	0x438c0
915	0x659c	desa.msh;1	3b31000000	0xffffffff	0xe7e8	0xc0
916	0x65b8	desb.msb;1	3b31000000	0xffffffff	0xe7e9	0x49160
917	0x65d4	desb.msh;1	3b31000000	0xffffffff	0xe87c	0xc0
918	0x65f0	desc.msb;1	3b31000000	0xffffffff	0xe87d	0x41660
919	0x660c	desc.msh;1	3b31000000	0xffffffff	0xe900	0x80
920	0x6628	flora.msb;1	31000000	0xffffffff	0xe901	0x38850
921	0x6644	flora.msh;1	31000000	0xffffffff	0xe973	0x80
922	0x6660	florb.msb;1	31000000	0xffffffff	0xe974	0x5f920
923	0x667c	florb.msh;1	31000000	0xffffffff	0xea34	0xc0
924	0x6698	florc.msb;1	31000000	0xffffffff	0xea35	0x31b10
925	0x66b4	florc.msh;1	31000000	0xffffffff	0xea99	0x80
926	0x66d0	junga.msb;1	31000000	0xffffffff	0xea9a	0x24840
927	0x66ec	junga.msh;1	31000000	0xffffffff	0xeae4	0x80
928	0x6708	jungb.msb;1	31000000	0xffffffff	0xeae5	0x44660
929	0x6724	jungb.msh;1	31000000	0xffffffff	0xeb6e	0xc0
930	0x6740	jungc.msb;1	31000000	0xffffffff	0xeb6f	0x42ec0
931	0x675c	jungc.msh;1	31000000	0xffffffff	0xebf5	0xc0
932	0x6778	MUSIC	6d73683b310031000000	0x2d	0xebf6	0x0
933	0x6794	oval2.msb;1	31000000	0xffffffff	0xebf6	0x23bb0
934	0x67b0	oval2.msh;1	31000000	0xffffffff	0xec3e	0x80
935	0x67cc	oval3.msb;1	31000000	0xffffffff	0xec3f	0x3bb20
936	0x67e8	oval3.msh;1	31000000	0xffffffff	0xecb7	0x80
937	0x6804	SPEECH	73683b310031000000	0x2e	0xecb8	0x0
938	0x6820	spring.msb;1	000000	0xffffffff	0xecb8	0x1ead0
939	0x683c	spring.msh;1	000000	0xffffffff	0xecf6	0x80
940	0x6858	spring2.msb;1	0000	0xffffffff	0xecf7	0x1ead0
941	0x6874	spring2.msh;1	0000	0xffffffff	0xed35	0x80
942	0x6890	ui_snds.msb;1	0000	0xffffffff	0xed36	0xc990
943	0x68ac	ui_snds.msh;1	0000	0xffffffff	0xed50	0xc0
944	0x68c8	frontend.mbf;1	00	0xffffffff	0xed51	0x10
945	0x68e4	house.mbf;1	3b310000	0xffffffff	0xed52	0x8c
946	0x6900	house1.mib;1	310000	0xffffffff	0xed53	0xd40000
947	0x691c	house1.mih;1	310000	0xffffffff	0x107d3	0x40
948	0x6938	house2.mib;1	310000	0xffffffff	0x107d4	0xcb0000
949	0x6954	house2.mih;1	310000	0xffffffff	0x12134	0x40
950	0x6970	house4.mib;1	310000	0xffffffff	0x12135	0xc90000
951	0x698c	house4.mih;1	310000	0xffffffff	0x13a55	0x40
952	0x69a8	house5.mib;1	310000	0xffffffff	0x13a56	0xd60000
953	0x69c4	house5.mih;1	310000	0xffffffff	0x15516	0x40
954	0x69e0	house6.mib;1	310000	0xffffffff	0x15517	0xd70000
955	0x69fc	house6.mih;1	310000	0xffffffff	0x16ff7	0x40
956	0x6a18	house7.mib;1	310000	0xffffffff	0x16ff8	0xcb0000
957	0x6a34	house7.mih;1	310000	0xffffffff	0x18958	0x40
958	0x6a50	house8.mib;1	310000	0xffffffff	0x18959	0xde0000
959	0x6a6c	house8.mih;1	310000	0xffffffff	0x1a519	0x40
960	0x6a88	replay.mbf;1	310000	0xffffffff	0x1a51a	0x13
961	0x6aa4	rock.mbf;1	3100310000	0xffffffff	0x1a51b	0x39
962	0x6ac0	rock1.mib;1	00310000	0xffffffff	0x1a51c	0xb10000
963	0x6adc	rock1.mih;1	00310000	0xffffffff	0x1bb3c	0x40
964	0x6af8	rock2.mib;1	00310000	0xffffffff	0x1bb3d	0x700000
965	0x6b14	rock2.mih;1	00310000	0xffffffff	0x1c93d	0x40
966	0x6b30	rock3.mib;1	00310000	0xffffffff	0x1c93e	0x850000
967	0x6b4c	rock3.mih;1	00310000	0xffffffff	0x1d9de	0x40
968	0x6b68	seven.mbf;1	00310000	0xffffffff	0x1d9df	0xc6
969	0x6b84	svnties1.mib;1	00	0xffffffff	0x1d9e0	0x720000
970	0x6ba0	svnties1.mih;1	00	0xffffffff	0x1e820	0x40
971	0x6bbc	svnties2.mib;1	00	0xffffffff	0x1e821	0x790000
972	0x6bd8	svnties2.mih;1	00	0xffffffff	0x1f741	0x40
973	0x6bf4	svnties3.mib;1	00	0xffffffff	0x1f742	0x730000
974	0x6c10	svnties3.mih;1	00	0xffffffff	0x205a2	0x40
975	0x6c2c	svnties4.mib;1	00	0xffffffff	0x205a3	0x830000
976	0x6c48	svnties4.mih;1	00	0xffffffff	0x21603	0x40
977	0x6c64	svnties5.mib;1	00	0xffffffff	0x21604	0x6e0000
978	0x6c80	svnties5.mih;1	00	0xffffffff	0x223c4	0x40
979	0x6c9c	svnties6.mib;1	00	0xffffffff	0x223c5	0x670000
980	0x6cb8	svnties6.mih;1	00	0xffffffff	0x230a5	0x40
981	0x6cd4	svnties7.mib;1	00	0xffffffff	0x230a6	0x790000
982	0x6cf0	svnties7.mih;1	00	0xffffffff	0x23fc6	0x40
983	0x6d0c	svnties8.mib;1	00	0xffffffff	0x23fc7	0x540000
984	0x6d28	svnties8.mih;1	00	0xffffffff	0x24a47	0x40
985	0x6d44	svnties9.mib;1	00	0xffffffff	0x24a48	0xd10000
986	0x6d60	svnties9.mih;1	00	0xffffffff	0x26468	0x40
987	0x6d7c	ui.mib;1	6d69683b310000	0xffffffff	0x26469	0xaf0000
988	0x6d98	ui.mih;1	6d69683b310000	0xffffffff	0x27a49	0x40
989	0x6db4	speech.msb;1	310000	0xffffffff	0x27a4a	0x194900
990	0x6dd0	speech.msh;1	310000	0xffffffff	0x27d74	0x640
991	0x6dec	speech.sbf;1	310000	0xffffffff	0x27d75	0x83b
992	0x6e08	AUDIO.UI;1	3100310000	0xffffffff	0x27d77	0x7470
993	0x6e24	CALIB.UI;1	3100310000	0xffffffff	0x27d86	0x69bc
994	0x6e40	CAR.UI;1	31003100310000	0xffffffff	0x27d94	0x591c
995	0x6e5c	CHALL.UI;1	3100310000	0xffffffff	0x27da0	0x4a72
996	0x6e78	CMODE.UI;1	3100310000	0xffffffff	0x27daa	0x2706
997	0x6e94	CONTINUE.UI;1	0000	0xffffffff	0x27daf	0x529
998	0x6eb0	CRED.UI;1	493b31000000	0xffffffff	0x27db0	0x74a
999	0x6ecc	CTRLS.UI;1	3b31000000	0xffffffff	0x27db1	0x3a48
1000	0x6ee8	DISP.UI;1	003b31000000	0xffffffff	0x27db9	0x5048
1001	0x6f04	DRDET.UI;1	3b31000000	0xffffffff	0x27dc4	0xf23
1002	0x6f20	DRIVR.UI;1	3b31000000	0xffffffff	0x27dc6	0x6b3
1003	0x6f3c	DRSEL.UI;1	3b31000000	0xffffffff	0x27dc7	0x1187
1004	0x6f58	FILE.UI;1	003b31000000	0xffffffff	0x27dca	0x4fa
1005	0x6f74	FORD.UI;1	003b31000000	0xffffffff	0x27dcb	0xf80
1006	0x6f90	FORDBAR.UI;1	000000	0xffffffff	0x27dcd	0x121e
1007	0x6fac	FREQ.UI;1	3b3100000000	0xffffffff	0x27dd0	0x1258
1008	0x6fc8	GAMEF.UI;1	3100000000	0xffffffff	0x27dd3	0x122a
1009	0x6fe4	GMOPT.UI;1	3100000000	0xffffffff	0x27dd6	0x51ed
1010	0x7000	GRAPHICS.UI;1	0000	0xffffffff	0x27de1	0x12d0
1011	0x701c	HIGH.UI;1	493b31000000	0xffffffff	0x27de4	0x24c4
1012	0x7038	INSTR.UI;1	3b31000000	0xffffffff	0x27de9	0x17ac
1013	0x7054	KEYBD.UI;1	3b31000000	0xffffffff	0x27dec	0xe2e
1014	0x7070	LANG.UI;1	003b31000000	0xffffffff	0x27dee	0xf78
1015	0x708c	MULTI.UI;1	3b31000000	0xffffffff	0x27df0	0x179e
1016	0x70a8	OPTS.UI;1	003b31000000	0xffffffff	0x27df3	0xeab
1017	0x70c4	PAUSE.UI;1	3b31000000	0xffffffff	0x27df5	0x141e
1018	0x70e0	PCCON.UI;1	3b31000000	0xffffffff	0x27df8	0x2976
1019	0x70fc	PLAYR.UI;1	3b31000000	0xffffffff	0x27dfe	0x7a5
1020	0x7118	POSN.UI;1	003b31000000	0xffffffff	0x27dff	0x1a60
1021	0x7134	PSCON.UI;1	3b31000000	0xffffffff	0x27e03	0x3765
1022	0x7150	RCEND.UI;1	3b31000000	0xffffffff	0x27e0a	0xf34
1023	0x716c	RCRES.UI;1	3b31000000	0xffffffff	0x27e0c	0xebd
1024	0x7188	REWRD.UI;1	3b31000000	0xffffffff	0x27e0e	0x14b1
1025	0x71a4	ROPT.UI;1	003b31000000	0xffffffff	0x27e11	0x3486
1026	0x71c0	START.UI;1	3b31000000	0xffffffff	0x27e18	0x22d
1027	0x71dc	STATE.UI;1	3b31000000	0xffffffff	0x27e19	0x1ac5
1028	0x71f8	STATS.UI;1	3b31000000	0xffffffff	0x27e1d	0xfb4
1029	0x7214	TRACK.UI;1	3b31000000	0xffffffff	0x27e1f	0x2488
1030	0x7230	TROPH.UI;1	3b31000000	0xffffffff	0x27e24	0x23bb
1031	0x724c	WHEEL.UI;1	3b31000000	0xffffffff	0x27e29	0x6b31
1032	0x7268	XBACC.UI;1	3b31000000	0xffffffff	0x27e37	0x1043
1033	0x7284	XBMEN.UI;1	3b31000000	0xffffffff	0x27e3a	0x118d
1034	0x72a0	XBPAS.UI;1	3b31000000	0xffffffff	0x27e3d	0x7d6
1035	0x72bc	XBTAB.UI;1	3b31000000	0xffffffff	0x27e3e	0x15ac
1036	0x72d8	XGMOPT.UI;1	31000000	0xffffffff	0x27e41	0x2f56
