entry	name	bytes
00100008	entry	448
001001c8	FUN_001001c8	8
001001d8	FUN_001001d8	8
001001e0	FUN_001001e0	352
00100348	FUN_00100348	376
001004c8	FUN_001004c8	40
00100540	FUN_00100540	8
00100548	FUN_00100548	24
00100560	FUN_00100560	24
00100578	FUN_00100578	188
00100638	FUN_00100638	104
001006a8	FUN_001006a8	68
001006f0	FUN_001006f0	932
00100aa0	FUN_00100aa0	352
00100c00	FUN_00100c00	872
00100f70	FUN_00100f70	148
001011f0	FUN_001011f0	8
001011f8	FUN_001011f8	64
00101238	FUN_00101238	60
001012f0	FUN_001012f0	32
00101310	FUN_00101310	44
001013d0	FUN_001013d0	120
00101448	FUN_00101448	56
001014c8	FUN_001014c8	164
00101570	FUN_00101570	16
00101580	FUN_00101580	268
00101690	FUN_00101690	156
00101730	FUN_00101730	160
001017d0	FUN_001017d0	24
001017e8	FUN_001017e8	24
00101800	FUN_00101800	24
00101818	FUN_00101818	24
00101910	FUN_00101910	236
00101ab8	FUN_00101ab8	160
00101d30	FUN_00101d30	372
00101ea8	FUN_00101ea8	144
001024f8	FUN_001024f8	96
00102680	FUN_00102680	36
001026e8	FUN_001026e8	256
001032b8	FUN_001032b8	208
00103388	FUN_00103388	168
00103430	FUN_00103430	184
00103540	FUN_00103540	1560
00103b60	FUN_00103b60	232
00103c48	FUN_00103c48	452
00103e18	FUN_00103e18	48
00103e48	FUN_00103e48	244
00104638	FUN_00104638	108
001046a8	FUN_001046a8	20
001046c0	FUN_001046c0	368
00104830	FUN_00104830	964
00104c00	FUN_00104c00	2060
00105428	FUN_00105428	88
00105480	FUN_00105480	296
001055b0	FUN_001055b0	56
001055e8	FUN_001055e8	112
00105660	FUN_00105660	60
001056a0	FUN_001056a0	12
001056b0	FUN_001056b0	204
00105780	FUN_00105780	112
001057f0	FUN_001057f0	148
00105888	FUN_00105888	564
00105ac8	FUN_00105ac8	292
00105bf0	FUN_00105bf0	52
00105c28	FUN_00105c28	8
00105cb0	FUN_00105cb0	116
00105df0	FUN_00105df0	232
00105ed8	FUN_00105ed8	132
00105f60	FUN_00105f60	100
00105fc8	FUN_00105fc8	8
00105fd0	FUN_00105fd0	324
00106118	FUN_00106118	32
00106160	FUN_00106160	152
001061f8	FUN_001061f8	576
00106448	FUN_00106448	376
001065c8	FUN_001065c8	304
00106700	FUN_00106700	240
001067f8	FUN_001067f8	488
001069f0	FUN_001069f0	588
00106c48	FUN_00106c48	672
00106ef8	FUN_00106ef8	872
00107268	FUN_00107268	484
00107450	FUN_00107450	312
00107588	FUN_00107588	152
00107620	FUN_00107620	8
00107628	FUN_00107628	116
001076a0	FUN_001076a0	124
00107720	FUN_00107720	88
00107778	FUN_00107778	28
00107798	FUN_00107798	88
001077f0	FUN_001077f0	268
00107900	FUN_00107900	60
00107960	FUN_00107960	136
00107c20	FUN_00107c20	188
00107ce0	FUN_00107ce0	388
00107e68	FUN_00107e68	48
00107ec0	FUN_00107ec0	52
00107ef8	FUN_00107ef8	36
00107f20	FUN_00107f20	32
00107f40	FUN_00107f40	100
00107fa8	FUN_00107fa8	8
00107fb0	FUN_00107fb0	8
00107fb8	FUN_00107fb8	8
00107fc0	FUN_00107fc0	8
00107fc8	FUN_00107fc8	8
00107fd0	FUN_00107fd0	224
001080e8	FUN_001080e8	280
00108208	FUN_00108208	720
001084e0	FUN_001084e0	620
00108760	FUN_00108760	504
00108958	FUN_00108958	612
00108bc0	FUN_00108bc0	44
00108bf0	FUN_00108bf0	80
00108c40	FUN_00108c40	80
00108ea8	FUN_00108ea8	76
00109040	FUN_00109040	100
001090a8	FUN_001090a8	48
001090d8	FUN_001090d8	104
00109140	FUN_00109140	112
001091b0	FUN_001091b0	76
00109200	FUN_00109200	336
00109358	FUN_00109358	620
001095d8	FUN_001095d8	628
00109860	FUN_00109860	232
00109950	FUN_00109950	904
00109cf0	FUN_00109cf0	280
00109e10	FUN_00109e10	648
0010a638	FUN_0010a638	156
0010a6e0	FUN_0010a6e0	24
0010a6f8	FUN_0010a6f8	20
0010a770	FUN_0010a770	52
0010a7a8	FUN_0010a7a8	52
0010a828	FUN_0010a828	88
0010a9d8	FUN_0010a9d8	104
0010aa40	FUN_0010aa40	92
0010aaa0	FUN_0010aaa0	476
0010ad50	FUN_0010ad50	44
0010ad80	FUN_0010ad80	44
0010adb0	FUN_0010adb0	32
0010add0	FUN_0010add0	32
0010adf0	FUN_0010adf0	32
0010ae10	FUN_0010ae10	8
0010ae70	FUN_0010ae70	24
0010ae88	FUN_0010ae88	56
0010aec0	FUN_0010aec0	24
0010aed8	FUN_0010aed8	244
0010afd0	FUN_0010afd0	2592
0010ba00	FUN_0010ba00	56
0010bb18	FUN_0010bb18	244
0010bc10	FUN_0010bc10	8
0010bc18	FUN_0010bc18	8
0010bc28	FUN_0010bc28	48
0010bc58	FUN_0010bc58	256
0010bdf0	FUN_0010bdf0	48
0010be20	FUN_0010be20	36
0010be48	FUN_0010be48	532
0010c060	FUN_0010c060	184
0010c448	FUN_0010c448	248
0010c540	FUN_0010c540	332
0010c690	FUN_0010c690	244
0010c788	FUN_0010c788	8
0010c790	FUN_0010c790	116
0010c808	FUN_0010c808	220
0010c8e8	FUN_0010c8e8	48
0010c918	FUN_0010c918	224
0010c9f8	FUN_0010c9f8	200
0010cac8	FUN_0010cac8	196
0010cb90	FUN_0010cb90	56
0010cbc8	FUN_0010cbc8	84
0010cc20	FUN_0010cc20	68
0010cc70	FUN_0010cc70	12
0010cc80	FUN_0010cc80	128
0010cd00	FUN_0010cd00	88
0010cd60	FUN_0010cd60	88
0010cdc0	FUN_0010cdc0	8
0010cdc8	FUN_0010cdc8	36
0010cdf0	FUN_0010cdf0	160
0010ce90	FUN_0010ce90	192
0010cf50	FUN_0010cf50	100
0010cfb8	FUN_0010cfb8	36
0010cfe0	FUN_0010cfe0	28
0010d020	FUN_0010d020	136
0010d0b0	FUN_0010d0b0	76
0010d100	FUN_0010d100	64
0010d150	FUN_0010d150	92
0010d1b0	FUN_0010d1b0	188
0010d318	FUN_0010d318	24
0010d330	FUN_0010d330	252
0010d430	FUN_0010d430	264
0010d538	FUN_0010d538	40
0010d560	FUN_0010d560	88
0010d5b8	FUN_0010d5b8	64
0010d5f8	FUN_0010d5f8	8
0010d600	FUN_0010d600	116
0010d678	FUN_0010d678	52
0010d6b0	FUN_0010d6b0	272
0010d818	FUN_0010d818	44
0010d848	FUN_0010d848	36
0010d870	FUN_0010d870	16
0010d880	FUN_0010d880	36
0010d8a8	FUN_0010d8a8	220
0010d988	FUN_0010d988	124
0010da08	FUN_0010da08	188
0010dac8	FUN_0010dac8	40
0010dc20	FUN_0010dc20	648
0010deb8	FUN_0010deb8	480
0010e408	FUN_0010e408	52
0010e440	FUN_0010e440	112
0010e4b0	FUN_0010e4b0	116
0010e678	FUN_0010e678	44
0010e6a8	FUN_0010e6a8	52
0010e6e0	FUN_0010e6e0	44
0010e710	FUN_0010e710	64
0010e750	FUN_0010e750	76
0010e7a0	FUN_0010e7a0	64
0010e7e0	FUN_0010e7e0	128
0010e868	FUN_0010e868	200
0010e938	FUN_0010e938	548
0010eb68	FUN_0010eb68	492
0010ed58	FUN_0010ed58	172
0010ee08	FUN_0010ee08	8
0010ee18	FUN_0010ee18	164
0010eec8	FUN_0010eec8	36
0010eef0	FUN_0010eef0	36
0010ef18	FUN_0010ef18	8
0010ef20	FUN_0010ef20	32
0010ef40	FUN_0010ef40	8
0010ef48	FUN_0010ef48	52
0010ef80	FUN_0010ef80	60
0010efc0	FUN_0010efc0	244
0010f0c0	FUN_0010f0c0	120
0010f138	FUN_0010f138	404
0010f2d0	FUN_0010f2d0	124
0010f350	FUN_0010f350	124
0010f3d0	FUN_0010f3d0	48
0010f400	FUN_0010f400	52
0010f438	FUN_0010f438	100
0010f560	FUN_0010f560	104
0010f5c8	FUN_0010f5c8	28
0010f648	FUN_0010f648	316
0010f788	FUN_0010f788	112
0010f7f8	FUN_0010f7f8	12
0010f808	FUN_0010f808	48
0010f838	FUN_0010f838	72
0010f880	FUN_0010f880	116
0010f8f8	FUN_0010f8f8	296
0010fa20	FUN_0010fa20	76
0010fa70	FUN_0010fa70	12
0010fa80	FUN_0010fa80	56
0010fab8	FUN_0010fab8	160
0010fb58	FUN_0010fb58	1076
00110030	FUN_00110030	276
00110148	FUN_00110148	416
001102e8	FUN_001102e8	380
00110468	FUN_00110468	88
001104c0	FUN_001104c0	108
00110530	FUN_00110530	108
001105a0	FUN_001105a0	64
001105e0	FUN_001105e0	56
00110618	FUN_00110618	112
00110688	FUN_00110688	80
001106d8	FUN_001106d8	40
00110700	FUN_00110700	112
00110770	FUN_00110770	284
00110890	FUN_00110890	92
001108f0	FUN_001108f0	128
00110970	FUN_00110970	116
001109e8	FUN_001109e8	124
00110a68	FUN_00110a68	28
00110aa8	FUN_00110aa8	68
00110b20	FUN_00110b20	8
00110b30	FUN_00110b30	8
00110d80	FUN_00110d80	696
00111040	FUN_00111040	500
00111238	FUN_00111238	352
00111398	FUN_00111398	108
00111408	FUN_00111408	216
001114e8	FUN_001114e8	444
001116b0	FUN_001116b0	1564
00111cd0	FUN_00111cd0	360
00111e40	FUN_00111e40	200
00111f38	FUN_00111f38	44
00111f68	FUN_00111f68	16
00112080	FUN_00112080	164
00112128	FUN_00112128	28
00112168	FUN_00112168	132
00112210	FUN_00112210	240
00112318	FUN_00112318	8
00112330	FUN_00112330	8
00112348	FUN_00112348	64
00112388	FUN_00112388	44
001123b8	FUN_001123b8	32
00112408	FUN_00112408	184
001124c0	FUN_001124c0	180
00112578	FUN_00112578	180
00112630	FUN_00112630	928
001129d8	FUN_001129d8	1000
00112dc8	FUN_00112dc8	124
00112e48	FUN_00112e48	116
00112ec0	FUN_00112ec0	72
00112f08	FUN_00112f08	80
00112f58	FUN_00112f58	76
001130f8	FUN_001130f8	452
001132b8	FUN_001132b8	44
001132e8	FUN_001132e8	160
001133a0	FUN_001133a0	8
001133a8	FUN_001133a8	8
001133b0	FUN_001133b0	128
00113438	FUN_00113438	28
00113458	FUN_00113458	464
00113aa8	FUN_00113aa8	388
00114080	FUN_00114080	24
00114098	FUN_00114098	36
001140c0	FUN_001140c0	268
00114630	FUN_00114630	112
001146a0	FUN_001146a0	140
00114730	FUN_00114730	132
001147b8	FUN_001147b8	228
00114900	FUN_00114900	28
00114920	FUN_00114920	52
001149a0	FUN_001149a0	140
00114a30	FUN_00114a30	20
00114a48	FUN_00114a48	128
00114ac8	FUN_00114ac8	24
00114ae0	FUN_00114ae0	8
00114b60	FUN_00114b60	120
00114bd8	FUN_00114bd8	128
00114c58	FUN_00114c58	40
00114c80	FUN_00114c80	64
00114cc0	FUN_00114cc0	104
00114d28	FUN_00114d28	48
00114d58	FUN_00114d58	124
00114dd8	FUN_00114dd8	112
00114e50	FUN_00114e50	196
00114f18	FUN_00114f18	200
00114fe0	FUN_00114fe0	144
00115070	FUN_00115070	52
001150a8	FUN_001150a8	68
001150f0	FUN_001150f0	32
00115110	FUN_00115110	68
001151d8	FUN_001151d8	44
00115238	FUN_00115238	48
001152a0	FUN_001152a0	52
00115300	FUN_00115300	36
00115350	FUN_00115350	40
00115498	FUN_00115498	56
001154d0	FUN_001154d0	68
00115518	FUN_00115518	68
00115560	FUN_00115560	116
001155d8	FUN_001155d8	168
00115680	FUN_00115680	148
00115718	FUN_00115718	104
00115780	FUN_00115780	172
00115830	FUN_00115830	116
00115928	FUN_00115928	112
00115998	FUN_00115998	64
001159d8	FUN_001159d8	96
00115a38	FUN_00115a38	936
00115e18	FUN_00115e18	436
00115fd0	FUN_00115fd0	448
001161a8	FUN_001161a8	956
00116738	FUN_00116738	640
001169c0	FUN_001169c0	708
00116ca8	FUN_00116ca8	556
00116ee8	FUN_00116ee8	104
00116f50	FUN_00116f50	104
00116fb8	FUN_00116fb8	348
00117310	FUN_00117310	56
00117348	FUN_00117348	232
00117438	FUN_00117438	136
00117550	FUN_00117550	136
001175d8	FUN_001175d8	268
001176f0	FUN_001176f0	136
00117880	FUN_00117880	112
001178f0	FUN_001178f0	96
00117950	FUN_00117950	128
001179d0	FUN_001179d0	120
00117a48	FUN_00117a48	248
00117b40	FUN_00117b40	88
00117ba0	FUN_00117ba0	172
00117c58	FUN_00117c58	88
00117cb8	FUN_00117cb8	88
00117d18	FUN_00117d18	88
00117dd8	FUN_00117dd8	88
00117e38	FUN_00117e38	88
001185b8	FUN_001185b8	8
001185c0	FUN_001185c0	8
001185c8	FUN_001185c8	272
001186e0	FUN_001186e0	44
00118710	FUN_00118710	500
001189e0	FUN_001189e0	132
00118b88	FUN_00118b88	8
00118b90	FUN_00118b90	56
00118bc8	FUN_00118bc8	140
00118c58	FUN_00118c58	120
00118cd0	FUN_00118cd0	92
00118d30	FUN_00118d30	80
00118d80	FUN_00118d80	72
00118dd0	FUN_00118dd0	80
00118e20	FUN_00118e20	8
00118e30	FUN_00118e30	64
00118e70	FUN_00118e70	64
00118eb0	FUN_00118eb0	72
00118ef8	FUN_00118ef8	52
00118f30	FUN_00118f30	8
00118f40	FUN_00118f40	8
00118f50	FUN_00118f50	8
00118f58	FUN_00118f58	8
00118f60	FUN_00118f60	348
001190c8	FUN_001190c8	344
00119220	FUN_00119220	40
00119240	FUN_00119240	68
00119288	FUN_00119288	116
00119308	FUN_00119308	8
00119320	FUN_00119320	8
00119328	FUN_00119328	8
00119330	FUN_00119330	8
00119340	FUN_00119340	8
00119348	FUN_00119348	8
00119358	FUN_00119358	1296
00119870	FUN_00119870	336
001199c8	FUN_001199c8	732
00119d68	FUN_00119d68	200
0011a3b0	FUN_0011a3b0	200
0011a548	FUN_0011a548	8
0011a550	FUN_0011a550	140
0011a970	FUN_0011a970	144
0011aaa8	FUN_0011aaa8	44
0011ab90	FUN_0011ab90	576
0011add0	FUN_0011add0	52
0011ae08	FUN_0011ae08	60
0011ae48	FUN_0011ae48	80
0011ae98	FUN_0011ae98	48
0011aec8	FUN_0011aec8	48
0011aef8	FUN_0011aef8	52
0011af30	FUN_0011af30	40
0011af58	FUN_0011af58	76
0011afa8	FUN_0011afa8	424
0011b150	FUN_0011b150	156
0011b1f0	FUN_0011b1f0	160
0011b298	FUN_0011b298	124
0011b318	FUN_0011b318	20
0011b330	FUN_0011b330	104
0011b398	FUN_0011b398	104
0011b478	FUN_0011b478	208
0011b548	FUN_0011b548	204
0011b618	FUN_0011b618	348
0011b780	FUN_0011b780	108
0011b7f0	FUN_0011b7f0	132
0011b878	FUN_0011b878	192
0011b938	FUN_0011b938	248
0011bbc8	FUN_0011bbc8	1412
0011c150	FUN_0011c150	484
0011c560	FUN_0011c560	392
0011c6e8	FUN_0011c6e8	120
0011c760	FUN_0011c760	224
0011c840	FUN_0011c840	16
0011c850	FUN_0011c850	124
0011ca68	FUN_0011ca68	28
0011ca88	FUN_0011ca88	20
0011caa0	FUN_0011caa0	20
0011cab8	FUN_0011cab8	12
0011cac8	FUN_0011cac8	200
0011ccc0	FUN_0011ccc0	60
0011cd00	FUN_0011cd00	60
0011cd40	FUN_0011cd40	68
0011ce10	FUN_0011ce10	52
0011ce48	FUN_0011ce48	44
0011ce78	FUN_0011ce78	136
0011cf00	FUN_0011cf00	60
0011cf68	FUN_0011cf68	84
0011cfc8	FUN_0011cfc8	136
0011d050	FUN_0011d050	184
0011d108	FUN_0011d108	120
0011d180	FUN_0011d180	52
0011d238	FUN_0011d238	76
0011d290	FUN_0011d290	144
0011d320	FUN_0011d320	288
0011d440	FUN_0011d440	760
0011d748	FUN_0011d748	1408
0011dcd0	FUN_0011dcd0	616
0011df38	FUN_0011df38	840
0011e298	FUN_0011e298	700
0011e8c0	FUN_0011e8c0	352
0011ea20	FUN_0011ea20	44
0011ea50	FUN_0011ea50	8
0011ea58	FUN_0011ea58	8
0011ea60	FUN_0011ea60	8
0011ea68	FUN_0011ea68	8
0011ea70	FUN_0011ea70	8
0011ea78	FUN_0011ea78	8
0011ea80	FUN_0011ea80	80
0011ead0	FUN_0011ead0	12
0011eae0	FUN_0011eae0	132
0011eb68	FUN_0011eb68	8
0011eb78	FUN_0011eb78	20
0011eb90	FUN_0011eb90	28
0011ebb0	FUN_0011ebb0	140
0011ec48	FUN_0011ec48	64
0011ec88	FUN_0011ec88	44
0011ecb8	FUN_0011ecb8	8
0011ecc0	FUN_0011ecc0	16
0011ecd0	FUN_0011ecd0	188
0011ed90	FUN_0011ed90	6196
001205e0	FUN_001205e0	748
001208d0	FUN_001208d0	468
00120aa8	FUN_00120aa8	904
00120e30	FUN_00120e30	568
00121070	FUN_00121070	664
001213d8	FUN_001213d8	72
00121420	FUN_00121420	124
001214a0	FUN_001214a0	144
00121530	FUN_00121530	92
00121590	FUN_00121590	612
001217f8	FUN_001217f8	336
00121950	FUN_00121950	268
00121a60	FUN_00121a60	212
00121cc0	FUN_00121cc0	8
00121cd0	FUN_00121cd0	196
00121d98	FUN_00121d98	72
00121de0	FUN_00121de0	48
00121e10	FUN_00121e10	56
00121e48	FUN_00121e48	156
00121ee8	FUN_00121ee8	88
00121f40	FUN_00121f40	184
001220a8	FUN_001220a8	364
00122218	FUN_00122218	60
00122260	FUN_00122260	160
00122300	FUN_00122300	836
00122648	FUN_00122648	1212
00122b08	FUN_00122b08	648
00122d90	FUN_00122d90	732
00123078	FUN_00123078	328
001231c0	FUN_001231c0	228
001232a8	FUN_001232a8	424
00123450	FUN_00123450	316
00123590	FUN_00123590	260
001236b0	FUN_001236b0	164
00123758	FUN_00123758	200
00123820	FUN_00123820	164
001238c8	FUN_001238c8	64
00123908	FUN_00123908	668
00123f18	FUN_00123f18	948
001242e0	FUN_001242e0	1008
001246e8	FUN_001246e8	428
001248a0	FUN_001248a0	476
00124a88	FUN_00124a88	476
00124c70	FUN_00124c70	36
00124cb8	FUN_00124cb8	192
00124e60	FUN_00124e60	56
00124e98	FUN_00124e98	184
00124f58	FUN_00124f58	268
00125068	FUN_00125068	76
001250b8	FUN_001250b8	324
00125258	FUN_00125258	124
00125458	FUN_00125458	192
00125518	FUN_00125518	148
001255b0	FUN_001255b0	68
001255f8	FUN_001255f8	68
00125640	FUN_00125640	192
00125700	FUN_00125700	216
001257d8	FUN_001257d8	192
001258d0	FUN_001258d0	192
00125990	FUN_00125990	192
00125a50	FUN_00125a50	84
00125aa8	FUN_00125aa8	192
00125b68	FUN_00125b68	72
00125bb0	FUN_00125bb0	192
00125ca8	FUN_00125ca8	32
00125cc8	FUN_00125cc8	32
00125dc8	FUN_00125dc8	256
00125ed0	FUN_00125ed0	188
00125f90	FUN_00125f90	112
00126000	FUN_00126000	112
00126070	FUN_00126070	304
001261a0	FUN_001261a0	304
001262d0	FUN_001262d0	112
00126688	FUN_00126688	852
001269e0	FUN_001269e0	68
00126a28	FUN_00126a28	180
00126ae8	FUN_00126ae8	32
00126b08	FUN_00126b08	72
00126b50	FUN_00126b50	8
00126b58	FUN_00126b58	8
00126b60	FUN_00126b60	180
00126c18	FUN_00126c18	512
00126e28	FUN_00126e28	132
00126ec8	FUN_00126ec8	20
00126ee0	FUN_00126ee0	72
00126f28	FUN_00126f28	8
00126f30	FUN_00126f30	68
00126f78	FUN_00126f78	44
00126fa8	FUN_00126fa8	8
00126fb0	FUN_00126fb0	316
001272b8	FUN_001272b8	8
001272c0	FUN_001272c0	8
001272c8	FUN_001272c8	92
00127470	FUN_00127470	292
00127598	FUN_00127598	400
00127728	FUN_00127728	8
00127730	FUN_00127730	8
00127738	FUN_00127738	20
00127750	FUN_00127750	20
00127768	FUN_00127768	20
00127780	FUN_00127780	20
00127798	FUN_00127798	24
001277b0	FUN_001277b0	8
00127900	FUN_00127900	252
00127a00	FUN_00127a00	92
00127a60	FUN_00127a60	92
00127ac0	FUN_00127ac0	36
00127ae8	FUN_00127ae8	20
00127b00	FUN_00127b00	96
00127b60	FUN_00127b60	96
00127bc0	FUN_00127bc0	36
00127be8	FUN_00127be8	20
00127c00	FUN_00127c00	928
00127fa8	FUN_00127fa8	620
00128218	FUN_00128218	440
001283d0	FUN_001283d0	292
001284f8	FUN_001284f8	8
00128500	FUN_00128500	8
00128508	FUN_00128508	12
00128518	FUN_00128518	564
00128750	FUN_00128750	292
00128878	FUN_00128878	24
00128890	FUN_00128890	24
001288a8	FUN_001288a8	8
001288b0	FUN_001288b0	1004
00128ca0	FUN_00128ca0	488
00128e88	FUN_00128e88	1436
00129428	FUN_00129428	908
001297b8	FUN_001297b8	644
00129a40	FUN_00129a40	384
00129bc0	FUN_00129bc0	8
00129bc8	FUN_00129bc8	24
00129be0	FUN_00129be0	24
00129bf8	FUN_00129bf8	836
00129f40	FUN_00129f40	456
0012a108	FUN_0012a108	24
0012a120	FUN_0012a120	8
0012a128	FUN_0012a128	64
0012a168	FUN_0012a168	196
0012a230	FUN_0012a230	244
0012a328	FUN_0012a328	36
0012a350	FUN_0012a350	48
0012a380	FUN_0012a380	8
0012a388	FUN_0012a388	52
0012a3c0	FUN_0012a3c0	52
0012a3f8	FUN_0012a3f8	192
0012a4b8	FUN_0012a4b8	2256
0012b460	FUN_0012b460	80
0012b4b0	FUN_0012b4b0	8
0012b4b8	FUN_0012b4b8	8
0012b4c0	FUN_0012b4c0	376
0012b638	FUN_0012b638	296
0012b760	FUN_0012b760	668
0012ba00	FUN_0012ba00	632
0012bc78	FUN_0012bc78	784
0012bf88	FUN_0012bf88	656
0012c220	FUN_0012c220	96
0012c288	FUN_0012c288	92
0012c2e8	FUN_0012c2e8	884
0012c660	FUN_0012c660	1132
0012cad0	FUN_0012cad0	1420
0012d060	FUN_0012d060	784
0012d370	FUN_0012d370	324
0012d4b8	FUN_0012d4b8	7348
0012f1a0	FUN_0012f1a0	368
0012f310	FUN_0012f310	176
0012f3c0	FUN_0012f3c0	288
0012f4f8	FUN_0012f4f8	200
0012f5c0	FUN_0012f5c0	112
0012f630	FUN_0012f630	1536
0012fc30	FUN_0012fc30	1372
00130190	FUN_00130190	656
00130430	FUN_00130430	716
00130700	FUN_00130700	824
00130a38	FUN_00130a38	876
00130da8	FUN_00130da8	488
00130f90	FUN_00130f90	604
00131298	FUN_00131298	1520
001318a0	FUN_001318a0	12
001318b0	FUN_001318b0	8
001318b8	FUN_001318b8	12
001318c8	FUN_001318c8	12
001318d8	FUN_001318d8	12
001318e8	FUN_001318e8	172
00131998	FUN_00131998	328
00131ae0	FUN_00131ae0	132
00131b68	FUN_00131b68	164
00131c10	FUN_00131c10	96
00131c70	FUN_00131c70	260
00131d78	FUN_00131d78	156
00131e18	FUN_00131e18	148
00131eb0	FUN_00131eb0	32
00131ed0	FUN_00131ed0	84
00131f28	FUN_00131f28	84
00131f80	FUN_00131f80	84
00131fd8	FUN_00131fd8	36
00132000	FUN_00132000	36
001320a0	FUN_001320a0	108
00132110	FUN_00132110	76
00132160	FUN_00132160	12
00132180	FUN_00132180	12
00132190	FUN_00132190	12
001321a0	FUN_001321a0	12
001321b0	FUN_001321b0	12
001321c0	FUN_001321c0	12
001321d0	FUN_001321d0	12
001321e0	FUN_001321e0	12
001321f0	FUN_001321f0	12
00132200	FUN_00132200	12
00132210	FUN_00132210	12
00132220	FUN_00132220	12
00132230	FUN_00132230	112
001322a0	FUN_001322a0	12
001322b0	FUN_001322b0	12
001322d0	FUN_001322d0	12
001322e0	FUN_001322e0	12
001322f0	FUN_001322f0	12
00132300	FUN_00132300	16
00132310	FUN_00132310	16
00132320	FUN_00132320	112
00132390	FUN_00132390	112
00132400	FUN_00132400	16
00132410	FUN_00132410	8
00132418	FUN_00132418	8
00132420	FUN_00132420	12
00132430	FUN_00132430	12
00132440	FUN_00132440	12
00132450	FUN_00132450	44
00132480	FUN_00132480	76
001324d0	FUN_001324d0	156
00132570	FUN_00132570	340
001326c8	FUN_001326c8	84
00132720	FUN_00132720	104
00132788	FUN_00132788	128
00132808	FUN_00132808	208
001328d8	FUN_001328d8	916
00132c70	FUN_00132c70	632
00132ee8	FUN_00132ee8	720
001331c0	FUN_001331c0	484
001333a8	FUN_001333a8	584
001335f8	FUN_001335f8	144
00133690	FUN_00133690	324
001337d8	FUN_001337d8	340
00133930	FUN_00133930	8
00133938	FUN_00133938	8
00133940	FUN_00133940	8
00133948	FUN_00133948	8
00133950	FUN_00133950	8
00133a70	FUN_00133a70	32
00133a90	FUN_00133a90	120
00133b08	FUN_00133b08	108
00133b78	FUN_00133b78	292
00133ca0	FUN_00133ca0	1428
00134240	FUN_00134240	1140
001346c0	FUN_001346c0	412
00134860	FUN_00134860	68
001348a8	FUN_001348a8	112
00134918	FUN_00134918	44
00134950	FUN_00134950	32
00134970	FUN_00134970	100
001349d8	FUN_001349d8	64
00134a20	FUN_00134a20	1800
00135130	FUN_00135130	500
00135328	FUN_00135328	628
001355a0	FUN_001355a0	348
00135700	FUN_00135700	16
00135710	FUN_00135710	52
00135748	FUN_00135748	8
00135750	FUN_00135750	84
001357a8	FUN_001357a8	8
001357b0	FUN_001357b0	92
00135900	FUN_00135900	8
00135908	FUN_00135908	8
00135910	FUN_00135910	92
00135970	FUN_00135970	28
00135990	FUN_00135990	108
00135a00	FUN_00135a00	248
00135af8	FUN_00135af8	204
00135bc8	FUN_00135bc8	896
00135f50	FUN_00135f50	264
00136050	FUN_00136050	1152
00136778	FUN_00136778	260
00136880	FUN_00136880	104
001368e8	FUN_001368e8	8
001368f0	FUN_001368f0	124
00136970	FUN_00136970	8
00136980	FUN_00136980	200
00136a48	FUN_00136a48	80
00136a98	FUN_00136a98	416
00136c40	FUN_00136c40	468
00136e18	FUN_00136e18	24
00136e30	FUN_00136e30	40
00136e58	FUN_00136e58	24
00136e70	FUN_00136e70	276
00136f88	FUN_00136f88	152
00137020	FUN_00137020	248
00137158	FUN_00137158	8
00137160	FUN_00137160	96
001371c0	FUN_001371c0	396
00137350	FUN_00137350	28
00137378	FUN_00137378	8
00137380	FUN_00137380	12
00137390	FUN_00137390	40
001373b8	FUN_001373b8	540
001375d8	FUN_001375d8	596
00137838	FUN_00137838	96
00137898	FUN_00137898	16
001378a8	FUN_001378a8	8
001378b0	FUN_001378b0	92
00137910	FUN_00137910	12
00137920	FUN_00137920	12
00137930	FUN_00137930	20
00137948	FUN_00137948	52
00137980	FUN_00137980	104
001379e8	FUN_001379e8	8
001379f0	FUN_001379f0	152
00137a88	FUN_00137a88	144
00137b18	FUN_00137b18	72
00137b60	FUN_00137b60	60
00137be0	FUN_00137be0	100
00137c48	FUN_00137c48	100
00137cb0	FUN_00137cb0	60
00137cf0	FUN_00137cf0	72
00137d80	FUN_00137d80	72
00137dc8	FUN_00137dc8	8
00137dd0	FUN_00137dd0	12
00137de0	FUN_00137de0	12
00137df0	FUN_00137df0	72
00137e48	FUN_00137e48	12
00137e58	FUN_00137e58	100
00137ec0	FUN_00137ec0	184
00137f80	FUN_00137f80	132
00138008	FUN_00138008	88
001380f8	FUN_001380f8	20
00138110	FUN_00138110	12
00138128	FUN_00138128	92
00138188	FUN_00138188	420
00138330	FUN_00138330	280
00138448	FUN_00138448	864
00138990	FUN_00138990	548
00138bb8	FUN_00138bb8	228
00138ca0	FUN_00138ca0	288
00138fb8	FUN_00138fb8	1680
00139658	FUN_00139658	432
00139808	FUN_00139808	464
00139b48	FUN_00139b48	360
00139cb0	FUN_00139cb0	284
00139dd0	FUN_00139dd0	192
00139e90	FUN_00139e90	536
0013a0a8	FUN_0013a0a8	408
0013a308	FUN_0013a308	200
0013a3d0	FUN_0013a3d0	312
0013abb8	FUN_0013abb8	264
0013acc0	FUN_0013acc0	264
0013b678	FUN_0013b678	716
0013b948	FUN_0013b948	208
0013ba18	FUN_0013ba18	312
0013bbb8	FUN_0013bbb8	32
0013bbd8	FUN_0013bbd8	92
0013bc98	FUN_0013bc98	92
0013bcf8	FUN_0013bcf8	92
0013be08	FUN_0013be08	112
0013be78	FUN_0013be78	108
0013bef0	FUN_0013bef0	124
0013bf70	FUN_0013bf70	220
0013c050	FUN_0013c050	116
0013c0c8	FUN_0013c0c8	228
0013c1b0	FUN_0013c1b0	156
0013c250	FUN_0013c250	172
0013c300	FUN_0013c300	44
0013c330	FUN_0013c330	44
0013c6c8	FUN_0013c6c8	112
0013c858	FUN_0013c858	44
0013c888	FUN_0013c888	8
0013c890	FUN_0013c890	108
0013c900	FUN_0013c900	208
0013c9d0	FUN_0013c9d0	204
0013cad0	FUN_0013cad0	116
0013cd50	FUN_0013cd50	80
0013d078	FUN_0013d078	168
0013d678	FUN_0013d678	24
0013d700	FUN_0013d700	172
0013d7b0	FUN_0013d7b0	72
0013d838	FUN_0013d838	188
0013d8f8	FUN_0013d8f8	124
0013d978	FUN_0013d978	124
0013db68	FUN_0013db68	116
0013dbe0	FUN_0013dbe0	28
0013dc00	FUN_0013dc00	56
0013dca0	FUN_0013dca0	176
0013e070	FUN_0013e070	36
0013e208	FUN_0013e208	256
0013e370	FUN_0013e370	148
0013e408	FUN_0013e408	128
0013e6f8	FUN_0013e6f8	8
0013e700	FUN_0013e700	140
0013e790	FUN_0013e790	140
0013e970	FUN_0013e970	172
0013ea20	FUN_0013ea20	8
0013ea40	FUN_0013ea40	24
0013ea58	FUN_0013ea58	84
0013eab0	FUN_0013eab0	8
0013eae0	FUN_0013eae0	44
0013ed40	FUN_0013ed40	16
0013f140	FUN_0013f140	92
0013f4b8	FUN_0013f4b8	100
0013f9d8	FUN_0013f9d8	36
0013fa08	FUN_0013fa08	8
0013fa10	FUN_0013fa10	20
0013fa28	FUN_0013fa28	252
0013fb28	FUN_0013fb28	460
0013fd00	FUN_0013fd00	448
0013fec8	FUN_0013fec8	476
001400a8	FUN_001400a8	340
00140208	FUN_00140208	412
001403b0	FUN_001403b0	256
001404b8	FUN_001404b8	248
00140770	FUN_00140770	8
00140778	FUN_00140778	40
001407a0	FUN_001407a0	192
00140860	FUN_00140860	32
00140880	FUN_00140880	36
001408a8	FUN_001408a8	48
001408d8	FUN_001408d8	140
001409b8	FUN_001409b8	84
00140a10	FUN_00140a10	188
00140af0	FUN_00140af0	80
00140c78	FUN_00140c78	8
00140c80	FUN_00140c80	8
00140c88	FUN_00140c88	96
00140ce8	FUN_00140ce8	152
00140d80	FUN_00140d80	8
00140d98	FUN_00140d98	64
00140dd8	FUN_00140dd8	52
00140e10	FUN_00140e10	52
00140e48	FUN_00140e48	44
00140e80	FUN_00140e80	12
00140e90	FUN_00140e90	12
00140ea0	FUN_00140ea0	24
00140ed8	FUN_00140ed8	20
00140ef0	FUN_00140ef0	12
00140f00	FUN_00140f00	8
00140f08	FUN_00140f08	8
00140f10	FUN_00140f10	92
00140f70	FUN_00140f70	8
00140f78	FUN_00140f78	8
00140f80	FUN_00140f80	72
00140fc8	FUN_00140fc8	96
00141028	FUN_00141028	56
00141060	FUN_00141060	108
001410d0	FUN_001410d0	120
00141148	FUN_00141148	120
001411c0	FUN_001411c0	52
001411f8	FUN_001411f8	24
00141240	FUN_00141240	44
00141270	FUN_00141270	88
001412f0	FUN_001412f0	348
00141450	FUN_00141450	332
001415a0	FUN_001415a0	580
001417f0	FUN_001417f0	768
00141b00	FUN_00141b00	664
00141da0	FUN_00141da0	396
00141f30	FUN_00141f30	236
00142020	FUN_00142020	88
00142080	FUN_00142080	212
00142158	FUN_00142158	72
001421a0	FUN_001421a0	28
001421c0	FUN_001421c0	36
001421e8	FUN_001421e8	28
00142208	FUN_00142208	28
00142248	FUN_00142248	28
00142270	FUN_00142270	12
00142288	FUN_00142288	32
001422a8	FUN_001422a8	60
001422e8	FUN_001422e8	160
00142388	FUN_00142388	52
001423c0	FUN_001423c0	16
001423d0	FUN_001423d0	40
001423f8	FUN_001423f8	56
00142438	FUN_00142438	100
001424a0	FUN_001424a0	44
001424d0	FUN_001424d0	32
001424f0	FUN_001424f0	464
001426c8	FUN_001426c8	80
00142718	FUN_00142718	160
00142838	FUN_00142838	132
001428c0	FUN_001428c0	32
001428e0	FUN_001428e0	32
00142900	FUN_00142900	32
00142920	FUN_00142920	168
001429c8	FUN_001429c8	8
001429d0	FUN_001429d0	8
001429d8	FUN_001429d8	100
00142a40	FUN_00142a40	124
00142ac0	FUN_00142ac0	32
00142b20	FUN_00142b20	300
00142c70	FUN_00142c70	204
00142d40	FUN_00142d40	204
00142e10	FUN_00142e10	264
00142f28	FUN_00142f28	3820
00143e18	FUN_00143e18	380
001444f8	FUN_001444f8	32
00144518	FUN_00144518	92
00144578	FUN_00144578	84
001445d0	FUN_001445d0	48
001446f8	FUN_001446f8	16
00144708	FUN_00144708	8
00144710	FUN_00144710	8
00144718	FUN_00144718	8
00144720	FUN_00144720	16
00144748	FUN_00144748	108
001447b8	FUN_001447b8	12
001447d8	FUN_001447d8	124
00144858	FUN_00144858	36
00144880	FUN_00144880	148
00144918	FUN_00144918	76
00144968	FUN_00144968	244
00144a60	FUN_00144a60	3120
001456d8	FUN_001456d8	28
001456f8	FUN_001456f8	52
00145730	FUN_00145730	260
00145838	FUN_00145838	84
001458b8	FUN_001458b8	244
001459b8	FUN_001459b8	124
00145b08	FUN_00145b08	128
00148408	FUN_00148408	96
00148468	FUN_00148468	152
00148510	FUN_00148510	68
00148558	FUN_00148558	80
001485b0	FUN_001485b0	60
001485f0	FUN_001485f0	176
001486b0	FUN_001486b0	144
00148740	FUN_00148740	1696
00148df8	FUN_00148df8	1920
00149648	FUN_00149648	48
00149678	FUN_00149678	132
00149730	FUN_00149730	132
001497b8	FUN_001497b8	48
001497e8	FUN_001497e8	132
00149870	FUN_00149870	48
001498a0	FUN_001498a0	132
00149968	FUN_00149968	532
00149bf0	FUN_00149bf0	412
00149da0	FUN_00149da0	476
00149f98	FUN_00149f98	48
0014a080	FUN_0014a080	1456
0014a710	FUN_0014a710	60
0014a750	FUN_0014a750	476
0014a980	FUN_0014a980	1984
0014b158	FUN_0014b158	8
0014b160	FUN_0014b160	8
0014b168	FUN_0014b168	16
0014b188	FUN_0014b188	600
0014b3e8	FUN_0014b3e8	212
0014b4c0	FUN_0014b4c0	212
0014b598	FUN_0014b598	212
0014b670	FUN_0014b670	48
0014b6a0	FUN_0014b6a0	148
0014b738	FUN_0014b738	148
0014b7d0	FUN_0014b7d0	148
0014b868	FUN_0014b868	160
0014b998	FUN_0014b998	192
0014ba58	FUN_0014ba58	224
0014bb38	FUN_0014bb38	224
0014bc18	FUN_0014bc18	224
0014be98	FUN_0014be98	56
0014c3e8	FUN_0014c3e8	416
0014d1d8	FUN_0014d1d8	32
0014d1f8	FUN_0014d1f8	360
0014d4d0	FUN_0014d4d0	72
0014d568	FUN_0014d568	88
0014d5c0	FUN_0014d5c0	360
0014ddc8	FUN_0014ddc8	1228
0014ec58	FUN_0014ec58	220
0014ed38	FUN_0014ed38	1008
0014f138	FUN_0014f138	1008
0014f538	FUN_0014f538	1012
0014f938	FUN_0014f938	204
0014fbb8	FUN_0014fbb8	8
0014fbd8	FUN_0014fbd8	88
0014fc30	FUN_0014fc30	136
0014fe58	FUN_0014fe58	56
001500e0	FUN_001500e0	32
00150100	FUN_00150100	1192
00150c18	FUN_00150c18	416
00151008	FUN_00151008	96
00151368	FUN_00151368	212
001514d0	FUN_001514d0	132
00151618	FUN_00151618	1596
00151c58	FUN_00151c58	192
00151d48	FUN_00151d48	192
00151e38	FUN_00151e38	212
00151f10	FUN_00151f10	212
00151fe8	FUN_00151fe8	212
001520c0	FUN_001520c0	212
00152198	FUN_00152198	212
00152270	FUN_00152270	212
00154140	FUN_00154140	1116
001545a0	FUN_001545a0	192
00154690	FUN_00154690	192
00154780	FUN_00154780	168
00154830	FUN_00154830	168
001548e0	FUN_001548e0	168
00154990	FUN_00154990	168
00154a40	FUN_00154a40	168
00154af0	FUN_00154af0	168
00155980	FUN_00155980	32
00155b20	FUN_00155b20	56
00156018	FUN_00156018	416
00156c40	FUN_00156c40	32
00156c60	FUN_00156c60	212
00156e28	FUN_00156e28	324
00157298	FUN_00157298	876
00157608	FUN_00157608	488
001577f0	FUN_001577f0	8
001577f8	FUN_001577f8	8
00157800	FUN_00157800	32
001578d0	FUN_001578d0	480
00157ab0	FUN_00157ab0	40
00157c90	FUN_00157c90	56
00158188	FUN_00158188	416
00158a78	FUN_00158a78	32
00158a98	FUN_00158a98	172
00158c48	FUN_00158c48	52
00158cd0	FUN_00158cd0	76
00158d20	FUN_00158d20	172
00158f98	FUN_00158f98	32
001595f0	FUN_001595f0	32
00159610	FUN_00159610	228
001596f8	FUN_001596f8	100
00159970	FUN_00159970	32
00159a58	FUN_00159a58	32
00159b88	FUN_00159b88	92
00159c28	FUN_00159c28	72
00159dc8	FUN_00159dc8	72
0015a0f0	FUN_0015a0f0	1228
0015af70	FUN_0015af70	320
0015b280	FUN_0015b280	996
0015b750	FUN_0015b750	184
0015b948	FUN_0015b948	32
0015bed0	FUN_0015bed0	32
0015c100	FUN_0015c100	32
0015c120	FUN_0015c120	52
0015c178	FUN_0015c178	64
0015c1b8	FUN_0015c1b8	1204
0015c670	FUN_0015c670	1168
0015cb10	FUN_0015cb10	496
0015cd08	FUN_0015cd08	352
0015ce68	FUN_0015ce68	116
0015cee0	FUN_0015cee0	20
0015cef8	FUN_0015cef8	20
0015cf10	FUN_0015cf10	36
0015cf38	FUN_0015cf38	520
0015d148	FUN_0015d148	1124
0015d6b8	FUN_0015d6b8	492
0015e2a8	FUN_0015e2a8	56
0015e2e0	FUN_0015e2e0	44
0015e310	FUN_0015e310	44
0015e340	FUN_0015e340	400
0015e4d8	FUN_0015e4d8	36
0015e500	FUN_0015e500	24
0015e518	FUN_0015e518	28
0015e580	FUN_0015e580	316
0015e8d0	FUN_0015e8d0	8
0015eb28	FUN_0015eb28	264
0015ec30	FUN_0015ec30	48
0015ed58	FUN_0015ed58	196
0015ee28	FUN_0015ee28	256
0015ef30	FUN_0015ef30	384
0015f0c0	FUN_0015f0c0	108
0015f738	FUN_0015f738	92
0015f798	FUN_0015f798	40
0015f800	FUN_0015f800	48
0015f830	FUN_0015f830	8
0015f838	FUN_0015f838	12
0015f848	FUN_0015f848	12
0015f908	FUN_0015f908	200
0015f9d8	FUN_0015f9d8	8
0015f9e0	FUN_0015f9e0	8
0015f9e8	FUN_0015f9e8	8
0015f9f0	FUN_0015f9f0	8
0015f9f8	FUN_0015f9f8	8
0015fa00	FUN_0015fa00	8
0015fa08	FUN_0015fa08	8
0015fa10	FUN_0015fa10	252
0015fb10	FUN_0015fb10	56
0015fb48	FUN_0015fb48	8
0015fb50	FUN_0015fb50	28
0015fb70	FUN_0015fb70	100
0015fbd8	FUN_0015fbd8	8
0015fbe0	FUN_0015fbe0	328
0015fd38	FUN_0015fd38	540
0015ff58	FUN_0015ff58	20
0015ff80	FUN_0015ff80	12
0015ff98	FUN_0015ff98	44
0015ffc8	FUN_0015ffc8	40
0015fff0	FUN_0015fff0	36
00160018	FUN_00160018	28
00160038	FUN_00160038	108
00160520	FUN_00160520	596
00160f58	FUN_00160f58	340
001610b0	FUN_001610b0	200
00161178	FUN_00161178	12
00161188	FUN_00161188	12
00161198	FUN_00161198	12
001611a8	FUN_001611a8	12
001611b8	FUN_001611b8	12
001611c8	FUN_001611c8	12
001611d8	FUN_001611d8	12
001611e8	FUN_001611e8	12
001611f8	FUN_001611f8	12
00161218	FUN_00161218	12
00161228	FUN_00161228	12
00161238	FUN_00161238	12
00161248	FUN_00161248	12
00161258	FUN_00161258	12
00161268	FUN_00161268	12
00161278	FUN_00161278	40
001612a0	FUN_001612a0	12
001612b0	FUN_001612b0	12
001612c0	FUN_001612c0	12
001612d0	FUN_001612d0	12
001612e0	FUN_001612e0	32
00161300	FUN_00161300	20
00161318	FUN_00161318	20
00161330	FUN_00161330	12
00161340	FUN_00161340	12
00161350	FUN_00161350	12
00161360	FUN_00161360	12
00161370	FUN_00161370	76
001613c0	FUN_001613c0	12
001613d0	FUN_001613d0	12
001613e0	FUN_001613e0	20
001613f8	FUN_001613f8	20
00161410	FUN_00161410	12
00161420	FUN_00161420	12
00161430	FUN_00161430	12
00161440	FUN_00161440	144
001614d0	FUN_001614d0	12
001614e0	FUN_001614e0	12
001614f0	FUN_001614f0	12
00161500	FUN_00161500	12
00161510	FUN_00161510	12
00161520	FUN_00161520	12
00161530	FUN_00161530	20
00161548	FUN_00161548	12
00161558	FUN_00161558	12
00161568	FUN_00161568	12
00161578	FUN_00161578	12
00161588	FUN_00161588	12
00161598	FUN_00161598	12
001615a8	FUN_001615a8	12
001615b8	FUN_001615b8	12
001615c8	FUN_001615c8	12
001615d8	FUN_001615d8	20
001615f0	FUN_001615f0	12
00161600	FUN_00161600	12
00161620	FUN_00161620	12
00161630	FUN_00161630	12
00161640	FUN_00161640	40
00161668	FUN_00161668	16
00161678	FUN_00161678	96
001616d8	FUN_001616d8	12
001616e8	FUN_001616e8	12
001616f8	FUN_001616f8	16
00161708	FUN_00161708	32
00161728	FUN_00161728	88
00163ae0	FUN_00163ae0	500
00163cd8	FUN_00163cd8	360
00163e40	FUN_00163e40	324
00163f88	FUN_00163f88	444
00164150	FUN_00164150	356
001642b8	FUN_001642b8	44
001642e8	FUN_001642e8	80
00164338	FUN_00164338	240
00164430	FUN_00164430	32
00164450	FUN_00164450	20
001644d0	FUN_001644d0	100
00164550	FUN_00164550	196
00164618	FUN_00164618	20
00164630	FUN_00164630	152
001646c8	FUN_001646c8	276
001647e0	FUN_001647e0	116
00164858	FUN_00164858	456
00164a20	FUN_00164a20	292
00164b48	FUN_00164b48	164
00164bf0	FUN_00164bf0	872
00164f60	FUN_00164f60	8
00164f68	FUN_00164f68	20
00164f80	FUN_00164f80	132
00165008	FUN_00165008	20
00165020	FUN_00165020	120
00165098	FUN_00165098	72
001650e0	FUN_001650e0	92
001651f8	FUN_001651f8	120
00165270	FUN_00165270	52
001652a8	FUN_001652a8	124
00165328	FUN_00165328	272
00165438	FUN_00165438	12
00165448	FUN_00165448	12
00165458	FUN_00165458	56
00165588	FUN_00165588	300
001656b8	FUN_001656b8	12
001656c8	FUN_001656c8	100
00165730	FUN_00165730	12
00165740	FUN_00165740	12
00165750	FUN_00165750	36
00165778	FUN_00165778	48
001657a8	FUN_001657a8	104
00165810	FUN_00165810	12
00165820	FUN_00165820	92
00165880	FUN_00165880	92
001658e0	FUN_001658e0	172
00165990	FUN_00165990	132
00165a18	FUN_00165a18	48
00165a48	FUN_00165a48	168
00165af0	FUN_00165af0	28
00165b10	FUN_00165b10	176
00165bc0	FUN_00165bc0	8
00165bc8	FUN_00165bc8	668
00165e68	FUN_00165e68	424
00166010	FUN_00166010	692
001662c8	FUN_001662c8	136
00166350	FUN_00166350	72
00166398	FUN_00166398	60
001663f8	FUN_001663f8	28
00166418	FUN_00166418	64
00166458	FUN_00166458	56
00166498	FUN_00166498	12
001664a8	FUN_001664a8	44
001664d8	FUN_001664d8	52
00166510	FUN_00166510	136
00166598	FUN_00166598	48
001665c8	FUN_001665c8	76
00166618	FUN_00166618	56
00166650	FUN_00166650	44
00166680	FUN_00166680	52
001666b8	FUN_001666b8	36
001666e0	FUN_001666e0	36
00166708	FUN_00166708	44
00166738	FUN_00166738	44
00166768	FUN_00166768	36
00166790	FUN_00166790	36
001667b8	FUN_001667b8	36
001667e0	FUN_001667e0	36
00166808	FUN_00166808	36
00166830	FUN_00166830	36
00166858	FUN_00166858	36
00166880	FUN_00166880	36
001668a8	FUN_001668a8	52
001668e0	FUN_001668e0	68
00166928	FUN_00166928	44
00166958	FUN_00166958	52
00166990	FUN_00166990	52
001669c8	FUN_001669c8	60
00166a08	FUN_00166a08	52
00166a40	FUN_00166a40	60
00166a80	FUN_00166a80	52
00166ab8	FUN_00166ab8	60
00166af8	FUN_00166af8	52
00166b30	FUN_00166b30	60
00166b70	FUN_00166b70	52
00166ba8	FUN_00166ba8	60
00166be8	FUN_00166be8	52
00166c20	FUN_00166c20	68
00166c68	FUN_00166c68	52
00166ca0	FUN_00166ca0	68
00166ce8	FUN_00166ce8	52
00166d20	FUN_00166d20	68
00166d68	FUN_00166d68	52
00166da0	FUN_00166da0	68
00166de8	FUN_00166de8	52
00166e20	FUN_00166e20	68
00166e68	FUN_00166e68	12
00166e78	FUN_00166e78	12
00166e88	FUN_00166e88	44
00166eb8	FUN_00166eb8	52
00166ef0	FUN_00166ef0	44
00166f20	FUN_00166f20	52
00166f58	FUN_00166f58	44
00166f88	FUN_00166f88	52
00166fc0	FUN_00166fc0	52
00166ff8	FUN_00166ff8	60
00167038	FUN_00167038	12
00167048	FUN_00167048	12
00167058	FUN_00167058	12
00167068	FUN_00167068	12
00167078	FUN_00167078	36
001670a0	FUN_001670a0	16
001670b0	FUN_001670b0	52
001670e8	FUN_001670e8	52
00167120	FUN_00167120	76
00167170	FUN_00167170	156
00167210	FUN_00167210	196
001672d8	FUN_001672d8	140
00167368	FUN_00167368	252
00167468	FUN_00167468	292
00167590	FUN_00167590	224
00167670	FUN_00167670	732
00167950	FUN_00167950	996
00167d38	FUN_00167d38	712
00168008	FUN_00168008	348
00168168	FUN_00168168	304
00168298	FUN_00168298	116
00168310	FUN_00168310	36
00168350	FUN_00168350	48
001683a8	FUN_001683a8	32
001683c8	FUN_001683c8	48
001683f8	FUN_001683f8	48
00168428	FUN_00168428	48
00168458	FUN_00168458	80
001684a8	FUN_001684a8	48
001684d8	FUN_001684d8	48
00168508	FUN_00168508	136
00168590	FUN_00168590	48
001685c0	FUN_001685c0	48
001685f0	FUN_001685f0	136
00168780	FUN_00168780	108
00168ac0	FUN_00168ac0	80
00168dd8	FUN_00168dd8	24
00168df0	FUN_00168df0	24
00168e08	FUN_00168e08	136
00168e90	FUN_00168e90	24
00168ea8	FUN_00168ea8	24
00168ec0	FUN_00168ec0	124
00168f40	FUN_00168f40	124
00168fc0	FUN_00168fc0	124
00169040	FUN_00169040	124
001690c0	FUN_001690c0	124
00169140	FUN_00169140	124
001692c8	FUN_001692c8	64
00169308	FUN_00169308	124
00169388	FUN_00169388	184
001694b0	FUN_001694b0	148
001695c8	FUN_001695c8	96
00169628	FUN_00169628	928
001699d0	FUN_001699d0	776
00169cd8	FUN_00169cd8	884
0016a050	FUN_0016a050	412
0016a1f0	FUN_0016a1f0	1064
0016a620	FUN_0016a620	888
0016a998	FUN_0016a998	616
0016ac08	FUN_0016ac08	656
0016b008	FUN_0016b008	660
0016b2a0	FUN_0016b2a0	148
0016b338	FUN_0016b338	328
0016b480	FUN_0016b480	184
0016b538	FUN_0016b538	36
0016b560	FUN_0016b560	100
0016b5c8	FUN_0016b5c8	8
0016b5d0	FUN_0016b5d0	8
0016b5d8	FUN_0016b5d8	8
0016b5e0	FUN_0016b5e0	100
0016b770	FUN_0016b770	260
0016b878	FUN_0016b878	908
0016c1b8	FUN_0016c1b8	440
0016c378	FUN_0016c378	20
0016c398	FUN_0016c398	36
0016c3e0	FUN_0016c3e0	144
0016c470	FUN_0016c470	8
0016c478	FUN_0016c478	92
0016c4d8	FUN_0016c4d8	48
0016c568	FUN_0016c568	8
0016c8f0	FUN_0016c8f0	68
0016cbc8	FUN_0016cbc8	8
0016cbd0	FUN_0016cbd0	172
0016cc80	FUN_0016cc80	100
0016cce8	FUN_0016cce8	8
0016ccf0	FUN_0016ccf0	8
0016ccf8	FUN_0016ccf8	180
0016cdb0	FUN_0016cdb0	60
0016cdf0	FUN_0016cdf0	124
0016ce70	FUN_0016ce70	128
0016cef0	FUN_0016cef0	200
0016cfc0	FUN_0016cfc0	8
0016cfc8	FUN_0016cfc8	8
0016cfd0	FUN_0016cfd0	8
0016d2a8	FUN_0016d2a8	612
0016e468	FUN_0016e468	688
0016eac0	FUN_0016eac0	2060
00170940	FUN_00170940	1568
00171088	FUN_00171088	8
001712d8	FUN_001712d8	128
00171358	FUN_00171358	1432
001728d0	FUN_001728d0	1384
00172e48	FUN_00172e48	488
00173808	FUN_00173808	132
00175498	FUN_00175498	72
00175510	FUN_00175510	628
00175d70	FUN_00175d70	108
00176480	FUN_00176480	696
00176b80	FUN_00176b80	100
00176f90	FUN_00176f90	336
00177390	FUN_00177390	488
001778f0	FUN_001778f0	760
00177d98	FUN_00177d98	444
00178250	FUN_00178250	408
001783e8	FUN_001783e8	212
00178540	FUN_00178540	52
00178790	FUN_00178790	104
001787f8	FUN_001787f8	244
00178a38	FUN_00178a38	600
00178ca0	FUN_00178ca0	468
00178fa0	FUN_00178fa0	152
00179190	FUN_00179190	208
00179268	FUN_00179268	76
00179440	FUN_00179440	452
00179890	FUN_00179890	412
00179e80	FUN_00179e80	556
0017a488	FUN_0017a488	572
0017a888	FUN_0017a888	512
0017af88	FUN_0017af88	744
0017bf18	FUN_0017bf18	344
0017c6c0	FUN_0017c6c0	644
0017ce98	FUN_0017ce98	288
0017d568	FUN_0017d568	664
0017d808	FUN_0017d808	64
0017d848	FUN_0017d848	8
0017d850	FUN_0017d850	92
0017d8b0	FUN_0017d8b0	60
0017d8f0	FUN_0017d8f0	72
0017d938	FUN_0017d938	76
0017d988	FUN_0017d988	40
0017d9b0	FUN_0017d9b0	1892
0017e118	FUN_0017e118	1832
0017e858	FUN_0017e858	220
0017e938	FUN_0017e938	56
0017ea00	FUN_0017ea00	232
0017eae8	FUN_0017eae8	112
0017eb58	FUN_0017eb58	60
0017ec28	FUN_0017ec28	72
0017ecc8	FUN_0017ecc8	52
0017ee68	FUN_0017ee68	324
0017f510	FUN_0017f510	284
0017ff70	FUN_0017ff70	440
001806f8	FUN_001806f8	160
00180a28	FUN_00180a28	484
00180d68	FUN_00180d68	320
00181190	FUN_00181190	3028
00181db8	FUN_00181db8	184
00181e78	FUN_00181e78	188
00181f38	FUN_00181f38	440
00182d00	FUN_00182d00	556
00182ff8	FUN_00182ff8	704
00183470	FUN_00183470	708
00183ca8	FUN_00183ca8	332
00183fb8	FUN_00183fb8	92
00184258	FUN_00184258	448
00184518	FUN_00184518	432
001848b0	FUN_001848b0	328
00185080	FUN_00185080	140
00185148	FUN_00185148	380
001863c8	FUN_001863c8	1496
00187500	FUN_00187500	1216
00187b50	FUN_00187b50	1424
00189368	FUN_00189368	1076
001897b8	FUN_001897b8	488
00189b50	FUN_00189b50	684
0018ac40	FUN_0018ac40	2016
0018b460	FUN_0018b460	472
0018b640	FUN_0018b640	232
0018b728	FUN_0018b728	120
0018b7a0	FUN_0018b7a0	44
0018b7d0	FUN_0018b7d0	16
0018b840	FUN_0018b840	80
0018b890	FUN_0018b890	96
0018b8f0	FUN_0018b8f0	20
0018b980	FUN_0018b980	44
0018ba40	FUN_0018ba40	48
0018ba70	FUN_0018ba70	88
0018bac8	FUN_0018bac8	220
0018be18	FUN_0018be18	36
0018bea8	FUN_0018bea8	24
0018bec0	FUN_0018bec0	220
0018bfb0	FUN_0018bfb0	20
0018c040	FUN_0018c040	44
0018c130	FUN_0018c130	36
0018c158	FUN_0018c158	412
0018c308	FUN_0018c308	72
0018c350	FUN_0018c350	100
0018c520	FUN_0018c520	36
0018c548	FUN_0018c548	64
0018c588	FUN_0018c588	8
0018c590	FUN_0018c590	20
0018c5a8	FUN_0018c5a8	172
0018c818	FUN_0018c818	456
0018c9e8	FUN_0018c9e8	20
0018cc58	FUN_0018cc58	52
0018ccc8	FUN_0018ccc8	52
0018cd00	FUN_0018cd00	348
0018ce60	FUN_0018ce60	304
0018d330	FUN_0018d330	32
0018d348	FUN_0018d348	648
0018d5d8	FUN_0018d5d8	392
0018d768	FUN_0018d768	996
0018db50	FUN_0018db50	280
0018dc70	FUN_0018dc70	124
0018dcf0	FUN_0018dcf0	20
0018dd08	FUN_0018dd08	40
0018dd30	FUN_0018dd30	72
0018dd80	FUN_0018dd80	64
0018ddc8	FUN_0018ddc8	80
0018de20	FUN_0018de20	60
0018de60	FUN_0018de60	72
0018dec0	FUN_0018dec0	324
0018e310	FUN_0018e310	256
0018e418	FUN_0018e418	312
0018e558	FUN_0018e558	348
0018e6b8	FUN_0018e6b8	272
0018e7d0	FUN_0018e7d0	388
0018e958	FUN_0018e958	564
0018eb90	FUN_0018eb90	372
0018ed08	FUN_0018ed08	724
0018efe0	FUN_0018efe0	248
0018f0e0	FUN_0018f0e0	240
0018f1d8	FUN_0018f1d8	240
0018f2c8	FUN_0018f2c8	236
0018f678	FUN_0018f678	716
0018f958	FUN_0018f958	240
0018fa50	FUN_0018fa50	64
0018fa90	FUN_0018fa90	12
0018faa0	FUN_0018faa0	12
0018fab0	FUN_0018fab0	56
0018fae8	FUN_0018fae8	148
0018fb80	FUN_0018fb80	172
0018fc58	FUN_0018fc58	20
0018fcb8	FUN_0018fcb8	24
0018fcd0	FUN_0018fcd0	24
0018fce8	FUN_0018fce8	48
0018fd30	FUN_0018fd30	620
0018fe08	FUN_0018fe08	204
0018fee0	FUN_0018fee0	488
0018ffb8	FUN_0018ffb8	104
00190020	FUN_00190020	208
001900f8	FUN_001900f8	208
001901d0	FUN_001901d0	208
001902a8	FUN_001902a8	128
00190330	FUN_00190330	148
001903c8	FUN_001903c8	196
00190490	FUN_00190490	36
001904b8	FUN_001904b8	144
00190550	FUN_00190550	168
001905f8	FUN_001905f8	216
001906d0	FUN_001906d0	192
00190798	FUN_00190798	64
00190848	FUN_00190848	20
00190a10	FUN_00190a10	52
00190a68	FUN_00190a68	52
00190aa0	FUN_00190aa0	304
00190bd0	FUN_00190bd0	172
00190e90	FUN_00190e90	24
00190fe8	FUN_00190fe8	352
00191148	FUN_00191148	356
001912b0	FUN_001912b0	436
00191478	FUN_00191478	400
00191610	FUN_00191610	484
001917f8	FUN_001917f8	296
00191928	FUN_00191928	300
00191a58	FUN_00191a58	532
00191c70	FUN_00191c70	500
00191e68	FUN_00191e68	20
00191e80	FUN_00191e80	148
00191f18	FUN_00191f18	84
00191f70	FUN_00191f70	144
00192008	FUN_00192008	100
00192070	FUN_00192070	24
00192120	FUN_00192120	228
00192308	FUN_00192308	316
00192448	FUN_00192448	252
00192550	FUN_00192550	248
00192648	FUN_00192648	288
00192768	FUN_00192768	476
00192948	FUN_00192948	272
00192a58	FUN_00192a58	224
00192b38	FUN_00192b38	328
00192c80	FUN_00192c80	232
00192d78	FUN_00192d78	268
00192e88	FUN_00192e88	192
00192f48	FUN_00192f48	28
00192f68	FUN_00192f68	28
00192f88	FUN_00192f88	40
00192fb0	FUN_00192fb0	32
00192fd0	FUN_00192fd0	48
00193000	FUN_00193000	48
00193030	FUN_00193030	204
00193108	FUN_00193108	120
00193188	FUN_00193188	120
00193208	FUN_00193208	120
00193288	FUN_00193288	204
00193358	FUN_00193358	84
001933b0	FUN_001933b0	352
00193518	FUN_00193518	20
001935a8	FUN_001935a8	36
00193630	FUN_00193630	52
001936d8	FUN_001936d8	60
00193718	FUN_00193718	140
001937a8	FUN_001937a8	116
001939d8	FUN_001939d8	24
00193d50	FUN_00193d50	20
00193d68	FUN_00193d68	528
001940c0	FUN_001940c0	324
00194208	FUN_00194208	224
001942e8	FUN_001942e8	252
001944d8	FUN_001944d8	52
00194510	FUN_00194510	52
00194548	FUN_00194548	192
00194608	FUN_00194608	60
00194648	FUN_00194648	104
001946b8	FUN_001946b8	8
001946d0	FUN_001946d0	240
001947c0	FUN_001947c0	1812
00195220	FUN_00195220	576
00195468	FUN_00195468	372
001955e0	FUN_001955e0	380
00195760	FUN_00195760	304
00195898	FUN_00195898	80
001958e8	FUN_001958e8	680
00195da8	FUN_00195da8	304
00195ed8	FUN_00195ed8	328
00196020	FUN_00196020	876
00196658	FUN_00196658	752
00196a90	FUN_00196a90	624
00196d10	FUN_00196d10	112
00196d80	FUN_00196d80	20
00196e10	FUN_00196e10	52
00196ec0	FUN_00196ec0	488
001970b0	FUN_001970b0	424
00197258	FUN_00197258	364
001973c8	FUN_001973c8	284
001974e8	FUN_001974e8	604
00197748	FUN_00197748	452
00197910	FUN_00197910	208
001979f0	FUN_001979f0	376
00197b70	FUN_00197b70	400
00197d08	FUN_00197d08	392
00197ea0	FUN_00197ea0	336
00197ff0	FUN_00197ff0	328
00198140	FUN_00198140	344
001982a0	FUN_001982a0	276
001984a8	FUN_001984a8	244
001985a0	FUN_001985a0	64
001987b8	FUN_001987b8	88
00198810	FUN_00198810	56
00198848	FUN_00198848	84
001988a0	FUN_001988a0	220
00198980	FUN_00198980	96
001989e0	FUN_001989e0	36
00198a08	FUN_00198a08	336
00198b60	FUN_00198b60	120
00198bd8	FUN_00198bd8	164
00198c80	FUN_00198c80	116
00198d40	FUN_00198d40	180
00198df8	FUN_00198df8	180
00198eb0	FUN_00198eb0	180
00198f68	FUN_00198f68	180
00199020	FUN_00199020	268
00199130	FUN_00199130	52
00199168	FUN_00199168	144
001991f8	FUN_001991f8	116
00199428	FUN_00199428	24
00199440	FUN_00199440	20
001994f8	FUN_001994f8	184
001995b0	FUN_001995b0	240
001996a0	FUN_001996a0	352
00199808	FUN_00199808	212
00199ab0	FUN_00199ab0	328
00199c10	FUN_00199c10	20
00199ca0	FUN_00199ca0	52
00199d48	FUN_00199d48	52
00199d80	FUN_00199d80	116
00199df8	FUN_00199df8	8
00199e00	FUN_00199e00	24
00199e18	FUN_00199e18	20
00199e38	FUN_00199e38	312
00199f70	FUN_00199f70	20
0019a000	FUN_0019a000	52
0019a0a8	FUN_0019a0a8	52
0019a0e0	FUN_0019a0e0	96
0019a140	FUN_0019a140	8
0019a148	FUN_0019a148	24
0019a160	FUN_0019a160	20
0019a180	FUN_0019a180	48
0019a1b8	FUN_0019a1b8	844
0019a508	FUN_0019a508	544
0019a728	FUN_0019a728	144
0019a7b8	FUN_0019a7b8	552
0019a9e0	FUN_0019a9e0	464
0019abb0	FUN_0019abb0	668
0019ae58	FUN_0019ae58	536
0019b078	FUN_0019b078	440
0019b230	FUN_0019b230	428
0019b3e8	FUN_0019b3e8	680
0019b6a0	FUN_0019b6a0	596
0019b900	FUN_0019b900	1052
0019bfd8	FUN_0019bfd8	8
0019bfe0	FUN_0019bfe0	328
0019c130	FUN_0019c130	164
0019c1d8	FUN_0019c1d8	44
0019c208	FUN_0019c208	260
0019c310	FUN_0019c310	880
0019c680	FUN_0019c680	952
0019ca40	FUN_0019ca40	460
0019cc10	FUN_0019cc10	20
0019cca0	FUN_0019cca0	36
0019cd78	FUN_0019cd78	480
0019cf58	FUN_0019cf58	52
0019cf90	FUN_0019cf90	184
0019d048	FUN_0019d048	204
0019d1c8	FUN_0019d1c8	60
0019d208	FUN_0019d208	168
0019d330	FUN_0019d330	368
0019d4a0	FUN_0019d4a0	132
0019d528	FUN_0019d528	128
0019d5a8	FUN_0019d5a8	356
0019db40	FUN_0019db40	24
0019dd58	FUN_0019dd58	356
0019dec0	FUN_0019dec0	416
0019e060	FUN_0019e060	20
0019e078	FUN_0019e078	132
0019e1e0	FUN_0019e1e0	468
0019e3b8	FUN_0019e3b8	1464
0019e980	FUN_0019e980	376
0019eaf8	FUN_0019eaf8	152
0019eb90	FUN_0019eb90	324
0019ecd8	FUN_0019ecd8	512
0019f1a8	FUN_0019f1a8	240
0019f308	FUN_0019f308	20
0019f3a0	FUN_0019f3a0	36
0019f438	FUN_0019f438	460
0019f608	FUN_0019f608	52
0019f6c0	FUN_0019f6c0	60
0019f700	FUN_0019f700	156
0019f7a0	FUN_0019f7a0	72
0019f7e8	FUN_0019f7e8	200
0019fb98	FUN_0019fb98	24
001a0008	FUN_001a0008	20
001a0020	FUN_001a0020	608
001a0288	FUN_001a0288	412
001a0430	FUN_001a0430	68
001a0640	FUN_001a0640	272
001a0750	FUN_001a0750	88
001a07a8	FUN_001a07a8	160
001a0848	FUN_001a0848	224
001a0930	FUN_001a0930	20
001a09b8	FUN_001a09b8	396
001a0d70	FUN_001a0d70	184
001a0e28	FUN_001a0e28	52
001a0f20	FUN_001a0f20	52
001a0f58	FUN_001a0f58	424
001a1100	FUN_001a1100	44
001a1130	FUN_001a1130	336
001a15f8	FUN_001a15f8	8
001a1718	FUN_001a1718	676
001a19c0	FUN_001a19c0	464
001a1f48	FUN_001a1f48	348
001a20b0	FUN_001a20b0	416
001a2370	FUN_001a2370	344
001a24d0	FUN_001a24d0	36
001a24f8	FUN_001a24f8	168
001a25a0	FUN_001a25a0	168
001a2648	FUN_001a2648	192
001a27a0	FUN_001a27a0	36
001a27c8	FUN_001a27c8	484
001a2b00	FUN_001a2b00	252
001a2d48	FUN_001a2d48	848
001a3240	FUN_001a3240	64
001a3280	FUN_001a3280	12
001a3290	FUN_001a3290	88
001a32e8	FUN_001a32e8	52
001a3320	FUN_001a3320	188
001a33e0	FUN_001a33e0	140
001a3470	FUN_001a3470	88
001a34c8	FUN_001a34c8	144
001a36f8	FUN_001a36f8	388
001a3880	FUN_001a3880	288
001a3b50	FUN_001a3b50	424
001a3d00	FUN_001a3d00	364
001a3e70	FUN_001a3e70	472
001a4050	FUN_001a4050	324
001a4198	FUN_001a4198	496
001a4390	FUN_001a4390	564
001a45c8	FUN_001a45c8	676
001a4880	FUN_001a4880	536
001a4aa0	FUN_001a4aa0	344
001a4c00	FUN_001a4c00	328
001a4eb8	FUN_001a4eb8	316
001a5098	FUN_001a5098	196
001a5550	FUN_001a5550	88
001a56b8	FUN_001a56b8	152
001a5750	FUN_001a5750	144
001a57e0	FUN_001a57e0	164
001a5888	FUN_001a5888	44
001a58b8	FUN_001a58b8	116
001a5930	FUN_001a5930	8
001a5a10	FUN_001a5a10	112
001a5a88	FUN_001a5a88	20
001a5aa0	FUN_001a5aa0	8
001a5aa8	FUN_001a5aa8	8
001a5ab0	FUN_001a5ab0	200
001a5b80	FUN_001a5b80	76
001a5bd8	FUN_001a5bd8	116
001a5c50	FUN_001a5c50	96
001a5cb0	FUN_001a5cb0	32
001a5cd0	FUN_001a5cd0	160
001a5d70	FUN_001a5d70	12
001a5d80	FUN_001a5d80	164
001a5e30	FUN_001a5e30	176
001a5ee0	FUN_001a5ee0	64
001a5f20	FUN_001a5f20	20
001a5f38	FUN_001a5f38	76
001a5f90	FUN_001a5f90	92
001a5ff0	FUN_001a5ff0	108
001a63b0	FUN_001a63b0	256
001a64b0	FUN_001a64b0	552
001a66d8	FUN_001a66d8	348
001a6838	FUN_001a6838	500
001a6a48	FUN_001a6a48	756
001a6d48	FUN_001a6d48	632
001a6fd8	FUN_001a6fd8	672
001a75c8	FUN_001a75c8	844
001a7918	FUN_001a7918	392
001a7aa8	FUN_001a7aa8	236
001a7b98	FUN_001a7b98	668
001a7e38	FUN_001a7e38	396
001a7fc8	FUN_001a7fc8	448
001a8188	FUN_001a8188	92
001a83c0	FUN_001a83c0	32
001a8490	FUN_001a8490	8
001a8498	FUN_001a8498	168
001a8540	FUN_001a8540	208
001a8610	FUN_001a8610	24
001a8648	FUN_001a8648	220
001a8728	FUN_001a8728	64
001a8768	FUN_001a8768	72
001a8830	FUN_001a8830	28
001a8860	FUN_001a8860	48
001a8890	FUN_001a8890	264
001a8998	FUN_001a8998	224
001a8a80	FUN_001a8a80	172
001a8b30	FUN_001a8b30	76
001a8b80	FUN_001a8b80	260
001a8c80	FUN_001a8c80	92
001a8ce0	FUN_001a8ce0	16
001a8cf0	FUN_001a8cf0	12
001a8d00	FUN_001a8d00	100
001a8d68	FUN_001a8d68	172
001a8e18	FUN_001a8e18	316
001a8f58	FUN_001a8f58	92
001a8fb8	FUN_001a8fb8	212
001a9090	FUN_001a9090	344
001a91f0	FUN_001a91f0	252
001a92f0	FUN_001a92f0	220
001a93d0	FUN_001a93d0	232
001a94c0	FUN_001a94c0	176
001a9578	FUN_001a9578	176
001a9630	FUN_001a9630	36
001a9658	FUN_001a9658	344
001a97b0	FUN_001a97b0	352
001a9910	FUN_001a9910	76
001a9a70	FUN_001a9a70	20
001a9b00	FUN_001a9b00	52
001a9ba8	FUN_001a9ba8	44
001a9bd8	FUN_001a9bd8	172
001a9c88	FUN_001a9c88	192
001a9d50	FUN_001a9d50	136
001a9dd8	FUN_001a9dd8	276
001aa1b8	FUN_001aa1b8	8
001aa1c0	FUN_001aa1c0	20
001aa2a0	FUN_001aa2a0	604
001aa508	FUN_001aa508	360
001aa680	FUN_001aa680	232
001aa768	FUN_001aa768	92
001aa7c8	FUN_001aa7c8	28
001aa7e8	FUN_001aa7e8	88
001aa840	FUN_001aa840	412
001aa9f8	FUN_001aa9f8	156
001aaa98	FUN_001aaa98	172
001aab48	FUN_001aab48	920
001aaef0	FUN_001aaef0	544
001ab118	FUN_001ab118	544
001ab338	FUN_001ab338	372
001ab7c8	FUN_001ab7c8	924
001abb78	FUN_001abb78	388
001abd08	FUN_001abd08	440
001abec0	FUN_001abec0	232
001abfa8	FUN_001abfa8	212
001ac080	FUN_001ac080	240
001ac170	FUN_001ac170	352
001ac2d0	FUN_001ac2d0	172
001ac380	FUN_001ac380	800
001ac6a8	FUN_001ac6a8	336
001ac7f8	FUN_001ac7f8	532
001aca10	FUN_001aca10	988
001acdf8	FUN_001acdf8	628
001ad078	FUN_001ad078	428
001ad228	FUN_001ad228	460
001ad3f8	FUN_001ad3f8	1080
001ad838	FUN_001ad838	320
001ad980	FUN_001ad980	116
001ad9f8	FUN_001ad9f8	60
001ada38	FUN_001ada38	20
001adaf0	FUN_001adaf0	132
001adb78	FUN_001adb78	252
001add98	FUN_001add98	196
001ade60	FUN_001ade60	164
001adf50	FUN_001adf50	648
001ae1e0	FUN_001ae1e0	340
001ae338	FUN_001ae338	24
001ae350	FUN_001ae350	36
001ae378	FUN_001ae378	64
001ae3b8	FUN_001ae3b8	8
001ae3c0	FUN_001ae3c0	48
001ae3f0	FUN_001ae3f0	20
001ae468	FUN_001ae468	52
001ae638	FUN_001ae638	44
001ae668	FUN_001ae668	80
001ae6b8	FUN_001ae6b8	788
001ae9d8	FUN_001ae9d8	124
001aea58	FUN_001aea58	116
001aead0	FUN_001aead0	324
001aef88	FUN_001aef88	8
001aef90	FUN_001aef90	492
001af188	FUN_001af188	380
001af308	FUN_001af308	20
001af320	FUN_001af320	12
001af330	FUN_001af330	20
001af360	FUN_001af360	280
001af4d0	FUN_001af4d0	232
001af638	FUN_001af638	380
001af820	FUN_001af820	164
001af8c8	FUN_001af8c8	60
001af938	FUN_001af938	340
001afa90	FUN_001afa90	320
001afbd0	FUN_001afbd0	60
001afc10	FUN_001afc10	60
001afc50	FUN_001afc50	40
001afc80	FUN_001afc80	104
001afce8	FUN_001afce8	48
001afd18	FUN_001afd18	220
001aff38	FUN_001aff38	196
001b0018	FUN_001b0018	8
001b0020	FUN_001b0020	368
001b0190	FUN_001b0190	656
001b0420	FUN_001b0420	724
001b06f8	FUN_001b06f8	96
001b0758	FUN_001b0758	24
001b0770	FUN_001b0770	96
001b07d0	FUN_001b07d0	132
001b0858	FUN_001b0858	204
001b0928	FUN_001b0928	288
001b0b00	FUN_001b0b00	72
001b0b48	FUN_001b0b48	224
001b0c30	FUN_001b0c30	8
001b0f90	FUN_001b0f90	60
001b1010	FUN_001b1010	8
001b1020	FUN_001b1020	8
001b1028	FUN_001b1028	148
001b1168	FUN_001b1168	80
001b11c0	FUN_001b11c0	56
001b11f8	FUN_001b11f8	84
001b1250	FUN_001b1250	64
001b1298	FUN_001b1298	64
001b12d8	FUN_001b12d8	68
001b1348	FUN_001b1348	60
001b1388	FUN_001b1388	232
001b1478	FUN_001b1478	236
001b1610	FUN_001b1610	168
001b16b8	FUN_001b16b8	148
001b1758	FUN_001b1758	80
001b17a8	FUN_001b17a8	24
001b17c0	FUN_001b17c0	184
001b1878	FUN_001b1878	20
001b1908	FUN_001b1908	52
001b1a28	FUN_001b1a28	44
001b1a58	FUN_001b1a58	128
001b1ad8	FUN_001b1ad8	304
001b1fa8	FUN_001b1fa8	8
001b1fb0	FUN_001b1fb0	20
001b1fd0	FUN_001b1fd0	36
001b1ff8	FUN_001b1ff8	76
001b2048	FUN_001b2048	28
001b2068	FUN_001b2068	64
001b20a8	FUN_001b20a8	8
001b20b0	FUN_001b20b0	20
001b2140	FUN_001b2140	52
001b2250	FUN_001b2250	44
001b2280	FUN_001b2280	116
001b22f8	FUN_001b22f8	324
001b27b0	FUN_001b27b0	8
001b27b8	FUN_001b27b8	20
001b27d8	FUN_001b27d8	136
001b28f8	FUN_001b28f8	496
001b2bd8	FUN_001b2bd8	76
001b2c28	FUN_001b2c28	36
001b2c50	FUN_001b2c50	64
001b2c90	FUN_001b2c90	8
001b2c98	FUN_001b2c98	72
001b2ce0	FUN_001b2ce0	104
001b2d48	FUN_001b2d48	260
001b2e80	FUN_001b2e80	16
001b2e90	FUN_001b2e90	16
001b2ea0	FUN_001b2ea0	16
001b2eb0	FUN_001b2eb0	16
001b2ec0	FUN_001b2ec0	16
001b2ed0	FUN_001b2ed0	16
001b2ee0	FUN_001b2ee0	16
001b2ef0	FUN_001b2ef0	16
001b2f00	FUN_001b2f00	16
001b2f10	FUN_001b2f10	32
001b2f50	FUN_001b2f50	44
001b2f80	FUN_001b2f80	8
001b2f88	FUN_001b2f88	20
001b3000	FUN_001b3000	52
001b30a8	FUN_001b30a8	44
001b30d8	FUN_001b30d8	116
001b3150	FUN_001b3150	172
001b3410	FUN_001b3410	532
001b3628	FUN_001b3628	316
001b3768	FUN_001b3768	520
001b3970	FUN_001b3970	468
001b3b48	FUN_001b3b48	36
001b3b70	FUN_001b3b70	280
001b3c90	FUN_001b3c90	44
001b3cc0	FUN_001b3cc0	40
001b3ce8	FUN_001b3ce8	216
001b3dc0	FUN_001b3dc0	40
001b3de8	FUN_001b3de8	104
001b3e58	FUN_001b3e58	88
001b3f08	FUN_001b3f08	44
001b3fb8	FUN_001b3fb8	88
001b4010	FUN_001b4010	200
001b40d8	FUN_001b40d8	212
001b41b0	FUN_001b41b0	92
001b4210	FUN_001b4210	172
001b42d8	FUN_001b42d8	176
001b4560	FUN_001b4560	20
001b45b0	FUN_001b45b0	440
001b4b70	FUN_001b4b70	352
001b4cd0	FUN_001b4cd0	372
001b5108	FUN_001b5108	468
001b5898	FUN_001b5898	360
001b5b50	FUN_001b5b50	280
001b5cc8	FUN_001b5cc8	200
001b5e30	FUN_001b5e30	64
001b5ec8	FUN_001b5ec8	484
001b6348	FUN_001b6348	276
001b6670	FUN_001b6670	240
001b6910	FUN_001b6910	328
001b6c30	FUN_001b6c30	452
001b6f58	FUN_001b6f58	340
001b7378	FUN_001b7378	436
001b7538	FUN_001b7538	396
001b79a0	FUN_001b79a0	392
001b7dc8	FUN_001b7dc8	272
001b8158	FUN_001b8158	272
001b84a0	FUN_001b84a0	208
001b87b8	FUN_001b87b8	588
001b8a18	FUN_001b8a18	72
001b8a60	FUN_001b8a60	76
001b8ab0	FUN_001b8ab0	208
001b8b80	FUN_001b8b80	24
001b8b98	FUN_001b8b98	148
001b8c38	FUN_001b8c38	8
001b8c40	FUN_001b8c40	8
001b8c48	FUN_001b8c48	144
001b8cd8	FUN_001b8cd8	60
001b8d18	FUN_001b8d18	20
001b8d30	FUN_001b8d30	92
001b8d90	FUN_001b8d90	8
001b8d98	FUN_001b8d98	8
001b8da0	FUN_001b8da0	40
001b8dd0	FUN_001b8dd0	32
001b9020	FUN_001b9020	232
001b9148	FUN_001b9148	12
001b9158	FUN_001b9158	8
001b9160	FUN_001b9160	40
001b9188	FUN_001b9188	160
001b9228	FUN_001b9228	160
001b92c8	FUN_001b92c8	208
001b93a0	FUN_001b93a0	208
001b9478	FUN_001b9478	68
001b94c0	FUN_001b94c0	72
001b9508	FUN_001b9508	104
001b9570	FUN_001b9570	8
001b9578	FUN_001b9578	8
001b9860	FUN_001b9860	432
001b9a10	FUN_001b9a10	320
001b9b50	FUN_001b9b50	564
001b9d90	FUN_001b9d90	280
001b9eb0	FUN_001b9eb0	464
001ba280	FUN_001ba280	192
001ba340	FUN_001ba340	8
001ba348	FUN_001ba348	152
001ba3e0	FUN_001ba3e0	152
001ba918	FUN_001ba918	52
001ba950	FUN_001ba950	108
001bacb8	FUN_001bacb8	244
001badb0	FUN_001badb0	40
001badd8	FUN_001badd8	192
001bae98	FUN_001bae98	288
001bafc0	FUN_001bafc0	272
001bb0d8	FUN_001bb0d8	260
001bb1e0	FUN_001bb1e0	240
001bb2d8	FUN_001bb2d8	20
001bb408	FUN_001bb408	76
001bb458	FUN_001bb458	52
001bb490	FUN_001bb490	8
001bb498	FUN_001bb498	8
001bb4a0	FUN_001bb4a0	20
001bb4b8	FUN_001bb4b8	240
001bb5b0	FUN_001bb5b0	412
001bb750	FUN_001bb750	380
001bb8d0	FUN_001bb8d0	136
001bb958	FUN_001bb958	88
001bb9b8	FUN_001bb9b8	128
001bba40	FUN_001bba40	8
001bba48	FUN_001bba48	8
001bba50	FUN_001bba50	152
001bbaf0	FUN_001bbaf0	80
001bbb40	FUN_001bbb40	8
001bbb48	FUN_001bbb48	404
001bbce0	FUN_001bbce0	2288
001bc5d8	FUN_001bc5d8	1980
001bcf58	FUN_001bcf58	816
001bd288	FUN_001bd288	344
001bd3e0	FUN_001bd3e0	632
001bd658	FUN_001bd658	512
001bd860	FUN_001bd860	560
001bda98	FUN_001bda98	340
001bdbf0	FUN_001bdbf0	472
001bddc8	FUN_001bddc8	532
001bdfe0	FUN_001bdfe0	1972
001be798	FUN_001be798	2488
001bf168	FUN_001bf168	496
001bf360	FUN_001bf360	740
001bf648	FUN_001bf648	432
001bf7f8	FUN_001bf7f8	396
001bf988	FUN_001bf988	396
001bfb18	FUN_001bfb18	204
001bfbe8	FUN_001bfbe8	76
001bfc38	FUN_001bfc38	188
001bfcf8	FUN_001bfcf8	44
001bfd28	FUN_001bfd28	56
001bfd60	FUN_001bfd60	92
001bfdc0	FUN_001bfdc0	32
001bfde0	FUN_001bfde0	8
001bfde8	FUN_001bfde8	8
001bfdf0	FUN_001bfdf0	40
001bfe40	FUN_001bfe40	8
001bfe48	FUN_001bfe48	96
001bfea8	FUN_001bfea8	280
001bffc8	FUN_001bffc8	48
001bfff8	FUN_001bfff8	8
001c0000	FUN_001c0000	8
001c0008	FUN_001c0008	8
001c0018	FUN_001c0018	8
001c0020	FUN_001c0020	168
001c00c8	FUN_001c00c8	628
001c0340	FUN_001c0340	440
001c0500	FUN_001c0500	672
001c07a8	FUN_001c07a8	1660
001c0e38	FUN_001c0e38	272
001c0f48	FUN_001c0f48	2240
001c1810	FUN_001c1810	1392
001c1d88	FUN_001c1d88	1292
001c2298	FUN_001c2298	736
001c2580	FUN_001c2580	1220
001c2ab0	FUN_001c2ab0	1296
001c2fd0	FUN_001c2fd0	396
001c3168	FUN_001c3168	488
001c3358	FUN_001c3358	8
001c3368	FUN_001c3368	232
001c3460	FUN_001c3460	300
001c3590	FUN_001c3590	128
001c3618	FUN_001c3618	196
001c36e0	FUN_001c36e0	188
001c37a0	FUN_001c37a0	168
001c3848	FUN_001c3848	212
001c3920	FUN_001c3920	428
001c3ad0	FUN_001c3ad0	1908
001c4250	FUN_001c4250	356
001c43c0	FUN_001c43c0	384
001c4540	FUN_001c4540	864
001c48a0	FUN_001c48a0	408
001c4a40	FUN_001c4a40	1436
001c4ff8	FUN_001c4ff8	736
001c52e8	FUN_001c52e8	784
001c5600	FUN_001c5600	508
001c5808	FUN_001c5808	528
001c5a20	FUN_001c5a20	1068
001c5e58	FUN_001c5e58	1316
001c6388	FUN_001c6388	564
001c65c0	FUN_001c65c0	940
001c6980	FUN_001c6980	608
001c6be8	FUN_001c6be8	716
001c6ec8	FUN_001c6ec8	768
001c71d8	FUN_001c71d8	536
001c7408	FUN_001c7408	1800
001c7b20	FUN_001c7b20	372
001c7c98	FUN_001c7c98	1448
001c8258	FUN_001c8258	1136
001c86d0	FUN_001c86d0	536
001c88f0	FUN_001c88f0	1548
001c8f10	FUN_001c8f10	260
001c95d0	FUN_001c95d0	372
001c9790	FUN_001c9790	112
001c9800	FUN_001c9800	252
001c9908	FUN_001c9908	392
001c9a90	FUN_001c9a90	464
001c9c68	FUN_001c9c68	52
001c9ca0	FUN_001c9ca0	80
001c9cf0	FUN_001c9cf0	56
001c9d28	FUN_001c9d28	244
001c9e20	FUN_001c9e20	160
001c9ec8	FUN_001c9ec8	92
001c9f28	FUN_001c9f28	92
001c9f88	FUN_001c9f88	92
001ca068	FUN_001ca068	132
001ca0f0	FUN_001ca0f0	104
001ca158	FUN_001ca158	84
001ca1b0	FUN_001ca1b0	92
001ca210	FUN_001ca210	264
001ca320	FUN_001ca320	148
001ca3b8	FUN_001ca3b8	16
001ca468	FUN_001ca468	68
001ca500	FUN_001ca500	8
001ca508	FUN_001ca508	96
001ca568	FUN_001ca568	52
001ca5a0	FUN_001ca5a0	52
001ca5d8	FUN_001ca5d8	216
001ca6b0	FUN_001ca6b0	152
001ca748	FUN_001ca748	76
001ca798	FUN_001ca798	64
001ca7d8	FUN_001ca7d8	116
001ca8e8	FUN_001ca8e8	168
001ca990	FUN_001ca990	88
001ca9e8	FUN_001ca9e8	208
001cab58	FUN_001cab58	160
001cac00	FUN_001cac00	88
001cac58	FUN_001cac58	124
001cb7d0	FUN_001cb7d0	340
001cb928	FUN_001cb928	8
001cb930	FUN_001cb930	8
001cb938	FUN_001cb938	56
001cb978	FUN_001cb978	72
001cbb28	FUN_001cbb28	40
001cbb50	FUN_001cbb50	40
001cc228	FUN_001cc228	328
001cc4a8	FUN_001cc4a8	256
001cc5a8	FUN_001cc5a8	124
001ccbd8	FUN_001ccbd8	648
001cce60	FUN_001cce60	228
001ccf48	FUN_001ccf48	412
001cd0e8	FUN_001cd0e8	2036
001cd8e0	FUN_001cd8e0	544
001cdb00	FUN_001cdb00	176
001cdbb0	FUN_001cdbb0	696
001cde70	FUN_001cde70	1048
001ce288	FUN_001ce288	656
001ce518	FUN_001ce518	404
001ce6b8	FUN_001ce6b8	796
001ce9e0	FUN_001ce9e0	256
001ceae0	FUN_001ceae0	28
001ceaf8	FUN_001ceaf8	100
001ceb60	FUN_001ceb60	104
001cebc8	FUN_001cebc8	60
001cec08	FUN_001cec08	32
001cec28	FUN_001cec28	84
001cec80	FUN_001cec80	24
001cec98	FUN_001cec98	200
001ced68	FUN_001ced68	104
001cedd0	FUN_001cedd0	196
001cee98	FUN_001cee98	264
001cefa8	FUN_001cefa8	72
001ceff0	FUN_001ceff0	24
001cf008	FUN_001cf008	8
001cf010	FUN_001cf010	52
001cf048	FUN_001cf048	124
001cf0c8	FUN_001cf0c8	52
001cf100	FUN_001cf100	52
001cf138	FUN_001cf138	96
001cf198	FUN_001cf198	56
001cf1d0	FUN_001cf1d0	84
001cf228	FUN_001cf228	156
001cf3d8	FUN_001cf3d8	92
001cf438	FUN_001cf438	12
001cf510	FUN_001cf510	304
001cf640	FUN_001cf640	520
001cf848	FUN_001cf848	1116
001cfca8	FUN_001cfca8	616
001cff10	FUN_001cff10	504
001d0110	FUN_001d0110	616
001d0380	FUN_001d0380	544
001d05a8	FUN_001d05a8	612
001d0810	FUN_001d0810	740
001d0af8	FUN_001d0af8	1084
001d0f48	FUN_001d0f48	596
001d11a0	FUN_001d11a0	440
001d1360	FUN_001d1360	68
001d13a8	FUN_001d13a8	24
001d13c0	FUN_001d13c0	68
001d1408	FUN_001d1408	536
001d1628	FUN_001d1628	384
001d17a8	FUN_001d17a8	28
001d1800	FUN_001d1800	60
001d1900	FUN_001d1900	404
001d1a98	FUN_001d1a98	268
001d1ba8	FUN_001d1ba8	188
001d1c68	FUN_001d1c68	356
001d1dd0	FUN_001d1dd0	408
001d1f68	FUN_001d1f68	2144
001d30e0	FUN_001d30e0	776
001d33f0	FUN_001d33f0	60
001d3430	FUN_001d3430	20
001d3468	FUN_001d3468	772
001d3778	FUN_001d3778	64
001d37b8	FUN_001d37b8	32
001d37d8	FUN_001d37d8	60
001d3818	FUN_001d3818	32
001d3838	FUN_001d3838	32
001d3858	FUN_001d3858	128
001d38d8	FUN_001d38d8	32
001d38f8	FUN_001d38f8	384
001d3a78	FUN_001d3a78	468
001d3c58	FUN_001d3c58	424
001d3e00	FUN_001d3e00	228
001d3ee8	FUN_001d3ee8	432
001d40a0	FUN_001d40a0	160
001d41e8	FUN_001d41e8	268
001d42f8	FUN_001d42f8	208
001d43d0	FUN_001d43d0	100
001d44a0	FUN_001d44a0	336
001d45f8	FUN_001d45f8	352
001d4760	FUN_001d4760	80
001d47b0	FUN_001d47b0	44
001d47e0	FUN_001d47e0	72
001d4830	FUN_001d4830	232
001d4920	FUN_001d4920	108
001d4990	FUN_001d4990	20
001d49a8	FUN_001d49a8	56
001d49e0	FUN_001d49e0	56
001d4a18	FUN_001d4a18	20
001d4a30	FUN_001d4a30	48
001d4a60	FUN_001d4a60	48
001d4a90	FUN_001d4a90	32
001d4ae8	FUN_001d4ae8	36
001d4b10	FUN_001d4b10	60
001d4b50	FUN_001d4b50	76
001d4bf0	FUN_001d4bf0	68
001d4c98	FUN_001d4c98	68
001d4d50	FUN_001d4d50	68
001d4de8	FUN_001d4de8	208
001d4eb8	FUN_001d4eb8	68
001d4f60	FUN_001d4f60	164
001d5008	FUN_001d5008	256
001d5110	FUN_001d5110	8
001d5118	FUN_001d5118	64
001d5158	FUN_001d5158	152
001d5208	FUN_001d5208	8
001d5210	FUN_001d5210	84
001d5268	FUN_001d5268	20
001d5280	FUN_001d5280	80
001d52d0	FUN_001d52d0	240
001d53d0	FUN_001d53d0	56
001d5540	FUN_001d5540	132
001d55c8	FUN_001d55c8	108
001d5638	FUN_001d5638	1856
001d5da0	FUN_001d5da0	440
001d5f60	FUN_001d5f60	44
001d5f90	FUN_001d5f90	120
001d6008	FUN_001d6008	120
001d6080	FUN_001d6080	112
001d60f0	FUN_001d60f0	48
001d6120	FUN_001d6120	48
001d6198	FUN_001d6198	528
001d63c0	FUN_001d63c0	24
001d63d8	FUN_001d63d8	120
001d6458	FUN_001d6458	68
001d64a0	FUN_001d64a0	1684
001d6f60	FUN_001d6f60	24
001d6f78	FUN_001d6f78	120
001d6ff0	FUN_001d6ff0	8
001d6ff8	FUN_001d6ff8	24
001d70e0	FUN_001d70e0	16
001d7118	FUN_001d7118	88
001d7170	FUN_001d7170	1724
001d7830	FUN_001d7830	64
001d7890	FUN_001d7890	64
001d78d0	FUN_001d78d0	112
001d7950	FUN_001d7950	968
001d7d28	FUN_001d7d28	24
001d7d80	FUN_001d7d80	100
001d7de8	FUN_001d7de8	120
001d7e68	FUN_001d7e68	784
001d8180	FUN_001d8180	780
001d84b0	FUN_001d84b0	24
001d84c8	FUN_001d84c8	20
001d84e0	FUN_001d84e0	20
001d84f8	FUN_001d84f8	36
001d8520	FUN_001d8520	36
001d8548	FUN_001d8548	36
001d8570	FUN_001d8570	120
001d85f0	FUN_001d85f0	428
001d87a0	FUN_001d87a0	1264
001d8ca8	FUN_001d8ca8	24
001d8cc0	FUN_001d8cc0	120
001d8d40	FUN_001d8d40	360
001d8eb0	FUN_001d8eb0	1044
001d92d8	FUN_001d92d8	24
001d92f0	FUN_001d92f0	8
001d92f8	FUN_001d92f8	24
001d9310	FUN_001d9310	120
001d9390	FUN_001d9390	668
001d9648	FUN_001d9648	24
001d9660	FUN_001d9660	120
001d96e0	FUN_001d96e0	68
001d9728	FUN_001d9728	940
001d9ae8	FUN_001d9ae8	24
001d9b00	FUN_001d9b00	120
001d9b80	FUN_001d9b80	1692
001da270	FUN_001da270	844
001da5c8	FUN_001da5c8	24
001da5e0	FUN_001da5e0	120
001da660	FUN_001da660	432
001da830	FUN_001da830	140
001da8c8	FUN_001da8c8	748
001dabc8	FUN_001dabc8	336
001dad20	FUN_001dad20	528
001daf38	FUN_001daf38	24
001daf50	FUN_001daf50	124
001dafd0	FUN_001dafd0	60
001db010	FUN_001db010	8
001db018	FUN_001db018	120
001db090	FUN_001db090	20
001db0a8	FUN_001db0a8	40
001db0d0	FUN_001db0d0	12
001db108	FUN_001db108	24
001db120	FUN_001db120	40
001db148	FUN_001db148	40
001db178	FUN_001db178	176
001db228	FUN_001db228	1628
001db8a8	FUN_001db8a8	24
001db8c0	FUN_001db8c0	76
001db910	FUN_001db910	28
001db930	FUN_001db930	28
001db950	FUN_001db950	28
001db970	FUN_001db970	28
001db990	FUN_001db990	52
001db9c8	FUN_001db9c8	44
001db9f8	FUN_001db9f8	220
001dbae0	FUN_001dbae0	120
001dbb58	FUN_001dbb58	8
001dbbe8	FUN_001dbbe8	92
001dbc48	FUN_001dbc48	256
001dbe40	FUN_001dbe40	220
001dbf20	FUN_001dbf20	140
001dc048	FUN_001dc048	32
001dc068	FUN_001dc068	56
001dc0a0	FUN_001dc0a0	52
001dc0d8	FUN_001dc0d8	8
001dc0e0	FUN_001dc0e0	8
001dc0e8	FUN_001dc0e8	8
001dc0f0	FUN_001dc0f0	124
001dc170	FUN_001dc170	288
001dc290	FUN_001dc290	264
001dc398	FUN_001dc398	260
001dc4a0	FUN_001dc4a0	168
001dc548	FUN_001dc548	1232
001dca28	FUN_001dca28	1316
001dcf68	FUN_001dcf68	208
001dd040	FUN_001dd040	40
001dd088	FUN_001dd088	172
001dd190	FUN_001dd190	60
001dd1d0	FUN_001dd1d0	12
001dd1e0	FUN_001dd1e0	12
001dd1f0	FUN_001dd1f0	12
001dd200	FUN_001dd200	12
001dd210	FUN_001dd210	124
001dd298	FUN_001dd298	8
001dd2c0	FUN_001dd2c0	8
001dd2c8	FUN_001dd2c8	8
001dd2d0	FUN_001dd2d0	28
001dd2f0	FUN_001dd2f0	28
001dd310	FUN_001dd310	8
001dd318	FUN_001dd318	8
001dd320	FUN_001dd320	8
001dd328	FUN_001dd328	16
001dd338	FUN_001dd338	16
001dd3e8	FUN_001dd3e8	308
001dd630	FUN_001dd630	80
001dd748	FUN_001dd748	68
001dd790	FUN_001dd790	156
001dd8a0	FUN_001dd8a0	468
001ddc18	FUN_001ddc18	320
001ddd60	FUN_001ddd60	884
001de0e0	FUN_001de0e0	48
001de118	FUN_001de118	60
001de158	FUN_001de158	68
001de1a0	FUN_001de1a0	184
001de258	FUN_001de258	276
001de380	FUN_001de380	88
001de3d8	FUN_001de3d8	296
001de500	FUN_001de500	276
001de618	FUN_001de618	2384
001def88	FUN_001def88	372
001df168	FUN_001df168	376
001df2e0	FUN_001df2e0	632
001df6f0	FUN_001df6f0	524
001df900	FUN_001df900	316
001e02d8	FUN_001e02d8	496
001e04c8	FUN_001e04c8	516
001e0800	FUN_001e0800	24
001e0818	FUN_001e0818	124
001e0a88	FUN_001e0a88	44
001e0ab8	FUN_001e0ab8	212
001e0b90	FUN_001e0b90	236
001e0d90	FUN_001e0d90	224
001e0e70	FUN_001e0e70	328
001e0fc8	FUN_001e0fc8	156
001e1068	FUN_001e1068	208
001e1138	FUN_001e1138	1796
001e1850	FUN_001e1850	484
001e1a38	FUN_001e1a38	368
001e1bb0	FUN_001e1bb0	560
001e1de0	FUN_001e1de0	568
001e2018	FUN_001e2018	688
001e22d8	FUN_001e22d8	1176
001e29b8	FUN_001e29b8	568
001e2bf8	FUN_001e2bf8	1124
001e3ba8	FUN_001e3ba8	360
001e3d10	FUN_001e3d10	348
001e3e70	FUN_001e3e70	360
001e3fe0	FUN_001e3fe0	424
001e4188	FUN_001e4188	320
001e42c8	FUN_001e42c8	524
001e44d8	FUN_001e44d8	1204
001e4990	FUN_001e4990	700
001e4c50	FUN_001e4c50	12
001e4c60	FUN_001e4c60	12
001e4c70	FUN_001e4c70	36
001e4c98	FUN_001e4c98	36
001e4cc0	FUN_001e4cc0	304
001e4df8	FUN_001e4df8	304
001e4f30	FUN_001e4f30	376
001e50a8	FUN_001e50a8	376
001e5220	FUN_001e5220	200
001e52e8	FUN_001e52e8	36
001e5310	FUN_001e5310	32
001e5330	FUN_001e5330	248
001e5428	FUN_001e5428	56
001e5460	FUN_001e5460	12
001e5470	FUN_001e5470	152
001e5510	FUN_001e5510	120
001e5588	FUN_001e5588	100
001e56a0	FUN_001e56a0	36
001e56c8	FUN_001e56c8	176
001e5780	FUN_001e5780	120
001e5800	FUN_001e5800	20
001e5818	FUN_001e5818	132
001e58a0	FUN_001e58a0	96
001e5900	FUN_001e5900	156
001e59a0	FUN_001e59a0	20
001e59b8	FUN_001e59b8	88
001e5a10	FUN_001e5a10	104
001e5a78	FUN_001e5a78	236
001e5b68	FUN_001e5b68	96
001e5bc8	FUN_001e5bc8	1372
001e6128	FUN_001e6128	8
001e6130	FUN_001e6130	8
001e6138	FUN_001e6138	1468
001e6700	FUN_001e6700	1076
001e6b38	FUN_001e6b38	120
001e6c58	FUN_001e6c58	48
001e6c88	FUN_001e6c88	100
001e6cf0	FUN_001e6cf0	16
001e6d00	FUN_001e6d00	236
001e6df0	FUN_001e6df0	200
001e6eb8	FUN_001e6eb8	636
001e7138	FUN_001e7138	668
001e73e0	FUN_001e73e0	408
001e7578	FUN_001e7578	372
001e7a70	FUN_001e7a70	112
001e7ae0	FUN_001e7ae0	120
001e7b58	FUN_001e7b58	68
001e7ba0	FUN_001e7ba0	64
001e7c10	FUN_001e7c10	8
001e7c18	FUN_001e7c18	8
001e7c20	FUN_001e7c20	8
001e7c28	FUN_001e7c28	8
001e7c30	FUN_001e7c30	228
001e7d18	FUN_001e7d18	64
001e7d58	FUN_001e7d58	116
001e7dd0	FUN_001e7dd0	104
001e7e38	FUN_001e7e38	128
001e7eb8	FUN_001e7eb8	84
001e7f10	FUN_001e7f10	104
001e7f78	FUN_001e7f78	88
001e7fd0	FUN_001e7fd0	92
001e8030	FUN_001e8030	60
001e8070	FUN_001e8070	72
001e80b8	FUN_001e80b8	60
001e80f8	FUN_001e80f8	60
001e8270	FUN_001e8270	44
001e82a0	FUN_001e82a0	56
001e82d8	FUN_001e82d8	56
001e8310	FUN_001e8310	60
001e8350	FUN_001e8350	88
001e83a8	FUN_001e83a8	112
001e8418	FUN_001e8418	152
001e84b0	FUN_001e84b0	140
001e8540	FUN_001e8540	196
001e8608	FUN_001e8608	100
001e8670	FUN_001e8670	116
001e8708	FUN_001e8708	136
001e8790	FUN_001e8790	124
001e8810	FUN_001e8810	128
001e8890	FUN_001e8890	140
001e8920	FUN_001e8920	424
001e8ac8	FUN_001e8ac8	288
001e8be8	FUN_001e8be8	620
001e8e58	FUN_001e8e58	60
001e8e98	FUN_001e8e98	60
001e8ed8	FUN_001e8ed8	68
001e8f20	FUN_001e8f20	168
001e9220	FUN_001e9220	8
001e9228	FUN_001e9228	300
001e93a8	FUN_001e93a8	8
001e93b0	FUN_001e93b0	16
001e93c0	FUN_001e93c0	8
001e93c8	FUN_001e93c8	8
001e93d0	FUN_001e93d0	8
001e93d8	FUN_001e93d8	8
001e93e0	FUN_001e93e0	68
001e9460	FUN_001e9460	16
001e9470	FUN_001e9470	200
001e9538	FUN_001e9538	192
001e95f8	FUN_001e95f8	400
001e9788	FUN_001e9788	12
001e9798	FUN_001e9798	104
001e9800	FUN_001e9800	160
001e98a0	FUN_001e98a0	16
001e98b0	FUN_001e98b0	884
001e9c28	FUN_001e9c28	484
001e9e10	FUN_001e9e10	260
001e9f18	FUN_001e9f18	232
001ea000	FUN_001ea000	664
001ea298	FUN_001ea298	148
001ea330	FUN_001ea330	788
001ea648	FUN_001ea648	200
001ea760	FUN_001ea760	16
001ea780	FUN_001ea780	16
001ea840	FUN_001ea840	16
001ea860	FUN_001ea860	16
001ea870	FUN_001ea870	16
001ea880	FUN_001ea880	16
001ea890	FUN_001ea890	16
001ea8a0	FUN_001ea8a0	16
001ea8b0	FUN_001ea8b0	16
001ea8c0	FUN_001ea8c0	16
001ea8d0	FUN_001ea8d0	16
001ea8e0	FUN_001ea8e0	16
001ea960	FUN_001ea960	16
001ea970	FUN_001ea970	16
001ea980	FUN_001ea980	16
001ea9b0	FUN_001ea9b0	16
001ea9f0	FUN_001ea9f0	16
001eaa10	FUN_001eaa10	16
001eaa50	FUN_001eaa50	16
001eaa60	FUN_001eaa60	16
001eaa80	FUN_001eaa80	16
001eaa90	FUN_001eaa90	16
001eaaa0	FUN_001eaaa0	16
001eaad0	FUN_001eaad0	16
001eab40	FUN_001eab40	16
001eab60	FUN_001eab60	16
001eab70	FUN_001eab70	16
001eab80	FUN_001eab80	16
001eab90	FUN_001eab90	16
001eaba0	FUN_001eaba0	16
001eabb0	FUN_001eabb0	16
001eac00	FUN_001eac00	16
001eac10	FUN_001eac10	16
001eade0	FUN_001eade0	16
001eae30	FUN_001eae30	16
001eae70	FUN_001eae70	16
001eaea0	FUN_001eaea0	16
001eaed0	FUN_001eaed0	16
001eaf00	FUN_001eaf00	16
001eaf20	FUN_001eaf20	16
001eaf30	FUN_001eaf30	16
001eaf40	FUN_001eaf40	16
001eaf50	FUN_001eaf50	16
001eaf60	FUN_001eaf60	16
001eaf70	FUN_001eaf70	16
001eaf90	FUN_001eaf90	16
001eafc0	FUN_001eafc0	16
001eafd0	FUN_001eafd0	16
001eafe0	FUN_001eafe0	12
001eaff0	FUN_001eaff0	144
001eb080	FUN_001eb080	164
001eb128	FUN_001eb128	124
001eb1a8	FUN_001eb1a8	116
001eb248	FUN_001eb248	8
001eb258	FUN_001eb258	8
001eb260	FUN_001eb260	172
001eb310	FUN_001eb310	8
001eb318	FUN_001eb318	20
001eb338	FUN_001eb338	40
001eb3b0	FUN_001eb3b0	164
001eb458	FUN_001eb458	124
001eb4f0	FUN_001eb4f0	164
001eb598	FUN_001eb598	124
001eb640	FUN_001eb640	104
001eb6a8	FUN_001eb6a8	104
001eb710	FUN_001eb710	104
001eb778	FUN_001eb778	104
001eb938	FUN_001eb938	212
001eba10	FUN_001eba10	148
001ebbc0	FUN_001ebbc0	36
001ebbe8	FUN_001ebbe8	60
001ebc28	FUN_001ebc28	60
001ebe00	FUN_001ebe00	336
001ebf50	FUN_001ebf50	208
001ec020	FUN_001ec020	188
001ec0e0	FUN_001ec0e0	56
001ec1c8	FUN_001ec1c8	52
001ec200	FUN_001ec200	144
001ec290	FUN_001ec290	352
001ec3f8	FUN_001ec3f8	252
001ec9e8	FUN_001ec9e8	56
001eca20	FUN_001eca20	96
001eca80	FUN_001eca80	412
001ecc20	FUN_001ecc20	36
001ecc48	FUN_001ecc48	168
001eccf0	FUN_001eccf0	28
001ecd10	FUN_001ecd10	48
001ecd40	FUN_001ecd40	64
001ecff0	FUN_001ecff0	76
001ed0f0	FUN_001ed0f0	320
001ed2c0	FUN_001ed2c0	492
001ed4b0	FUN_001ed4b0	60
001ed4f0	FUN_001ed4f0	148
001ed588	FUN_001ed588	208
001ed658	FUN_001ed658	148
001ed780	FUN_001ed780	88
001ed7d8	FUN_001ed7d8	452
001ed9a0	FUN_001ed9a0	60
001ed9e0	FUN_001ed9e0	92
001eda40	FUN_001eda40	136
001edac8	FUN_001edac8	108
001edec0	FUN_001edec0	76
001edf10	FUN_001edf10	44
001edf40	FUN_001edf40	12
001ee018	FUN_001ee018	516
001ee220	FUN_001ee220	140
001ee2b0	FUN_001ee2b0	52
001ee2e8	FUN_001ee2e8	644
001ee570	FUN_001ee570	380
001ee6f0	FUN_001ee6f0	564
001ee928	FUN_001ee928	608
001eeb88	FUN_001eeb88	700
001f10a0	FUN_001f10a0	136
001f1128	FUN_001f1128	112
001f1218	FUN_001f1218	120
001f1290	FUN_001f1290	28
001f15f0	FUN_001f15f0	256
001f16f0	FUN_001f16f0	140
001f1780	FUN_001f1780	56
001f1dc8	FUN_001f1dc8	548
001f1ff0	FUN_001f1ff0	32
001f2350	FUN_001f2350	316
001f24b8	FUN_001f24b8	56
001f24f0	FUN_001f24f0	272
001f2600	FUN_001f2600	72
001f2648	FUN_001f2648	24
001f2660	FUN_001f2660	72
001f2730	FUN_001f2730	16
001f2778	FUN_001f2778	252
001f2878	FUN_001f2878	16
001f2888	FUN_001f2888	60
001f28c8	FUN_001f28c8	16
001f28d8	FUN_001f28d8	16
001f2920	FUN_001f2920	16
001f2930	FUN_001f2930	104
001f2998	FUN_001f2998	172
001f2bb0	thunk_FUN_001f3a28	8
001f2c70	FUN_001f2c70	40
001f2ce8	FUN_001f2ce8	16
001f2cf8	FUN_001f2cf8	16
001f2d40	FUN_001f2d40	16
001f2d50	FUN_001f2d50	212
001f2e28	FUN_001f2e28	68
001f2e98	FUN_001f2e98	48
001f2ec8	FUN_001f2ec8	36
001f2ef0	FUN_001f2ef0	52
001f2f28	FUN_001f2f28	52
001f2fe0	FUN_001f2fe0	36
001f3038	FUN_001f3038	24
001f3080	FUN_001f3080	640
001f3300	FUN_001f3300	52
001f3368	FUN_001f3368	44
001f3398	FUN_001f3398	40
001f33c0	FUN_001f33c0	308
001f34f8	FUN_001f34f8	60
001f3538	FUN_001f3538	60
001f36a0	FUN_001f36a0	172
001f3838	FUN_001f3838	16
001f3880	FUN_001f3880	16
001f3890	FUN_001f3890	16
001f38a0	FUN_001f38a0	196
001f3988	FUN_001f3988	16
001f3a28	FUN_001f3a28	64
001f3a68	FUN_001f3a68	500
001f3fe0	FUN_001f3fe0	112
001f40d8	FUN_001f40d8	40
001f4100	FUN_001f4100	52
001f4138	FUN_001f4138	40
001f4160	FUN_001f4160	220
001f4240	FUN_001f4240	472
001f4468	FUN_001f4468	104
001f4708	FUN_001f4708	56
001f4778	FUN_001f4778	152
001f4840	FUN_001f4840	20
001f4cf0	FUN_001f4cf0	20
001f5190	FUN_001f5190	36
001f54c0	FUN_001f54c0	36
001f58a8	FUN_001f58a8	276
001f59c0	FUN_001f59c0	312
001f5b00	FUN_001f5b00	156
001f5c20	FUN_001f5c20	484
001f5ec0	FUN_001f5ec0	96
001f5f70	FUN_001f5f70	124
001f5ff0	FUN_001f5ff0	120
001f60a0	FUN_001f60a0	100
001f6108	FUN_001f6108	80
001f6190	FUN_001f6190	288
001f63d0	FUN_001f63d0	312
001f6508	FUN_001f6508	180
001f65c0	FUN_001f65c0	192
001f6680	FUN_001f6680	216
001f6758	FUN_001f6758	180
001f6810	FUN_001f6810	176
001f68c0	FUN_001f68c0	92
001f6920	FUN_001f6920	84
001f6b70	FUN_001f6b70	100
001f6c68	FUN_001f6c68	104
001f7008	FUN_001f7008	148
001f70a0	FUN_001f70a0	148
001f71f0	FUN_001f71f0	120
001f7268	FUN_001f7268	784
001f7580	FUN_001f7580	28
001f75a0	FUN_001f75a0	364
001f7710	FUN_001f7710	152
001f77a8	FUN_001f77a8	160
001f7848	FUN_001f7848	108
001f78b8	FUN_001f78b8	364
001f7a28	FUN_001f7a28	736
001f7d08	FUN_001f7d08	500
001f7f00	FUN_001f7f00	196
001f7fc8	FUN_001f7fc8	480
001f81a8	FUN_001f81a8	152
001f8240	FUN_001f8240	152
001f82d8	FUN_001f82d8	184
001f8390	FUN_001f8390	248
001f8488	FUN_001f8488	164
001f85c8	FUN_001f85c8	704
001f8a68	FUN_001f8a68	432
001f8e10	FUN_001f8e10	292
001f8f38	FUN_001f8f38	52
001f8f70	FUN_001f8f70	184
001f9028	FUN_001f9028	216
001f9190	FUN_001f9190	276
001f92a8	FUN_001f92a8	372
001f9448	FUN_001f9448	68
001f9490	FUN_001f9490	220
001f95c8	FUN_001f95c8	380
001f9988	FUN_001f9988	320
001f9cb0	FUN_001f9cb0	184
001fa260	FUN_001fa260	156
001fa300	FUN_001fa300	64
001fa340	FUN_001fa340	96
001fa3c0	FUN_001fa3c0	64
001fa440	FUN_001fa440	76
001fa4f8	FUN_001fa4f8	104
001fa5c8	FUN_001fa5c8	44
001fa5f8	FUN_001fa5f8	32
001fa618	FUN_001fa618	104
001fa680	FUN_001fa680	104
001fa6e8	FUN_001fa6e8	180
001fa7a0	FUN_001fa7a0	164
001fa848	FUN_001fa848	48
001fa878	FUN_001fa878	36
001fa8a0	FUN_001fa8a0	136
001fa938	FUN_001fa938	72
001fa980	FUN_001fa980	136
001fac08	FUN_001fac08	756
001faf00	FUN_001faf00	32
001faf20	FUN_001faf20	244
001fb018	FUN_001fb018	336
001fb168	FUN_001fb168	104
001fb1d8	FUN_001fb1d8	1456
001fb788	FUN_001fb788	168
001fb830	FUN_001fb830	520
001fba38	FUN_001fba38	8
001fba68	FUN_001fba68	72
001fbb80	FUN_001fbb80	12
001fbba0	FUN_001fbba0	80
001fbbf0	FUN_001fbbf0	84
001fbc48	FUN_001fbc48	36
001fbc70	FUN_001fbc70	80
001fbcc0	FUN_001fbcc0	36
001fbd88	FUN_001fbd88	20
001fbda0	FUN_001fbda0	12
001fbdb0	FUN_001fbdb0	12
001fbdc0	FUN_001fbdc0	108
001fbe48	FUN_001fbe48	232
001fc278	FUN_001fc278	104
001fc2e0	FUN_001fc2e0	12
001fc2f0	FUN_001fc2f0	124
001fc370	FUN_001fc370	96
001fc3d0	FUN_001fc3d0	200
001fc498	FUN_001fc498	16
001fc4a8	FUN_001fc4a8	52
001fc4e0	FUN_001fc4e0	84
001fc638	FUN_001fc638	32
001fc658	FUN_001fc658	972
001fca28	FUN_001fca28	224
001fcb08	FUN_001fcb08	224
001feb58	FUN_001feb58	40
001ffd40	FUN_001ffd40	44
001ffd70	FUN_001ffd70	164
001ffe18	FUN_001ffe18	176
00200040	FUN_00200040	264
00200148	FUN_00200148	240
00200238	FUN_00200238	336
00200388	FUN_00200388	124
00200470	FUN_00200470	268
00200580	FUN_00200580	196
00200648	FUN_00200648	292
00200960	FUN_00200960	68
002009a8	FUN_002009a8	116
00200a20	FUN_00200a20	160
00201128	FUN_00201128	160
002011c8	FUN_002011c8	656
00201480	FUN_00201480	396
00201610	FUN_00201610	312
00201720	FUN_00201720	440
00201ad0	FUN_00201ad0	296
00201d38	FUN_00201d38	448
00201fc8	FUN_00201fc8	648
00202250	FUN_00202250	52
00202288	FUN_00202288	28
002022a8	FUN_002022a8	152
00202340	FUN_00202340	76
00202390	FUN_00202390	68
002023d8	FUN_002023d8	84
00202430	FUN_00202430	44
00202460	FUN_00202460	100
002024c8	FUN_002024c8	100
00202530	FUN_00202530	228
00202618	FUN_00202618	336
00202768	FUN_00202768	104
002027d0	FUN_002027d0	100
00202838	FUN_00202838	568
00202a70	FUN_00202a70	944
00202e38	FUN_00202e38	84
00202e90	FUN_00202e90	264
00202fa0	FUN_00202fa0	224
00203088	FUN_00203088	172
00203228	FUN_00203228	204
002035d0	FUN_002035d0	380
00203758	FUN_00203758	356
002038c8	FUN_002038c8	172
00203aa8	FUN_00203aa8	172
00203ea0	FUN_00203ea0	132
00204050	FUN_00204050	168
002040f8	FUN_002040f8	204
002047e8	FUN_002047e8	640
00204a78	FUN_00204a78	216
00204b50	FUN_00204b50	212
00204c28	FUN_00204c28	40
00204c50	FUN_00204c50	216
00204d28	FUN_00204d28	220
00204e10	FUN_00204e10	120
00204e88	FUN_00204e88	20
00204ea0	FUN_00204ea0	20
00204eb8	FUN_00204eb8	20
00204ed0	FUN_00204ed0	20
00204ee8	FUN_00204ee8	20
00204f00	FUN_00204f00	20
00204f18	FUN_00204f18	796
00205238	FUN_00205238	1052
00205660	FUN_00205660	908
00205a00	FUN_00205a00	468
00205be0	FUN_00205be0	448
00205db0	FUN_00205db0	2000
00206590	FUN_00206590	928
00206940	FUN_00206940	204
00206a10	FUN_00206a10	336
00206b60	FUN_00206b60	2116
002073c8	FUN_002073c8	260
002074d0	FUN_002074d0	636
00207758	FUN_00207758	200
00207820	FUN_00207820	60
00207860	FUN_00207860	116
002078d8	FUN_002078d8	1664
00207f70	FUN_00207f70	1664
00208600	FUN_00208600	1388
00208b80	FUN_00208b80	1368
002090e8	FUN_002090e8	280
00209200	FUN_00209200	292
002093b8	FUN_002093b8	192
00209478	FUN_00209478	52
002094b0	FUN_002094b0	60
002094f0	FUN_002094f0	592
00209750	FUN_00209750	88
002097a8	FUN_002097a8	100
00209810	FUN_00209810	632
00209a98	FUN_00209a98	316
00209bd8	FUN_00209bd8	76
00209c28	FUN_00209c28	180
00209ce0	FUN_00209ce0	44
00209d10	FUN_00209d10	84
00209d68	FUN_00209d68	156
00209e08	FUN_00209e08	68
00209e50	FUN_00209e50	88
0020a518	FUN_0020a518	104
0020ac70	FUN_0020ac70	280
0020b398	FUN_0020b398	168
0020b440	FUN_0020b440	88
0020b4a0	FUN_0020b4a0	44
0020b4d0	FUN_0020b4d0	212
0020b5a8	FUN_0020b5a8	176
0020b668	FUN_0020b668	280
0020b788	FUN_0020b788	176
0020b840	FUN_0020b840	24
0020b858	FUN_0020b858	160
0020b8f8	FUN_0020b8f8	24
0020b910	FUN_0020b910	40
0020b9a0	FUN_0020b9a0	176
0020ba58	FUN_0020ba58	12
0020bc98	FUN_0020bc98	84
0020bcf0	FUN_0020bcf0	72
0020bd38	FUN_0020bd38	584
0020bf90	FUN_0020bf90	1788
0020c6b8	FUN_0020c6b8	148
0020c74c	FUN_0020c74c	176
0020c7fc	FUN_0020c7fc	192
0020c8c0	FUN_0020c8c0	124
0020c940	FUN_0020c940	76
0020c990	FUN_0020c990	48
0020cac0	FUN_0020cac0	112
0020cb30	FUN_0020cb30	2472
0020d520	FUN_0020d520	24
0020d5a0	FUN_0020d5a0	88
0020d5f8	FUN_0020d5f8	112
0020d6e8	FUN_0020d6e8	208
0020d858	FUN_0020d858	32
0020d8e0	FUN_0020d8e0	92
0020d940	FUN_0020d940	28
0020d9e0	FUN_0020d9e0	144
0020da78	FUN_0020da78	168
0020db20	FUN_0020db20	216
0020dbf8	FUN_0020dbf8	300
0020dd24	FUN_0020dd24	400
0020deb4	FUN_0020deb4	324
0020dff8	FUN_0020dff8	276
0020e10c	FUN_0020e10c	312
0020e248	FUN_0020e248	216
0020e320	FUN_0020e320	436
0020e4d8	FUN_0020e4d8	444
0020e698	FUN_0020e698	132
0020e720	FUN_0020e720	3756
0020f638	FUN_0020f638	36
0020f688	FUN_0020f688	560
0020f8c0	FUN_0020f8c0	44
0020f8f0	FUN_0020f8f0	68
0020f938	FUN_0020f938	180
0020f9f0	FUN_0020f9f0	4132
002110d8	FUN_002110d8	444
00211298	FUN_00211298	212
00211378	FUN_00211378	656
00212008	FUN_00212008	252
00212108	FUN_00212108	84
002121b8	FUN_002121b8	264
002122c8	FUN_002122c8	28
002122e8	FUN_002122e8	552
00212518	FUN_00212518	4548
00213780	FUN_00213780	268
00213898	FUN_00213898	92
00213aa8	FUN_00213aa8	140
00213b90	FUN_00213b90	284
00213cb0	FUN_00213cb0	744
00213fa8	FUN_00213fa8	364
00214118	FUN_00214118	972
002144f8	FUN_002144f8	148
00214620	FUN_00214620	12
00214658	FUN_00214658	28
00214678	FUN_00214678	332
002147d0	FUN_002147d0	152
00214868	FUN_00214868	240
00214b20	FUN_00214b20	52
00214b54	FUN_00214b54	224
00214c34	FUN_00214c34	260
00214d38	FUN_00214d38	164
00214de0	FUN_00214de0	44
00214e10	FUN_00214e10	264
00214f18	FUN_00214f18	304
00215048	FUN_00215048	128
002150c8	FUN_002150c8	188
00215188	FUN_00215188	56
002151c0	FUN_002151c0	524
002153d0	FUN_002153d0	248
002154d0	FUN_002154d0	344
00215628	FUN_00215628	104
00215690	FUN_00215690	400
00215820	FUN_00215820	200
002158f0	FUN_002158f0	408
00215a88	FUN_00215a88	380
00215c10	FUN_00215c10	200
00215d88	FUN_00215d88	372
00215f08	FUN_00215f08	72
00215f50	FUN_00215f50	60
00216100	FUN_00216100	540
00216330	FUN_00216330	44
00216360	FUN_00216360	232
00216448	FUN_00216448	384
002165d0	FUN_002165d0	68
00217340	FUN_00217340	96
002173a0	FUN_002173a0	88
002173f8	FUN_002173f8	92
00217458	FUN_00217458	96
002174b8	FUN_002174b8	96
00217518	FUN_00217518	1408
00217ab8	FUN_00217ab8	116
00217b30	FUN_00217b30	156
0021b200	FUN_0021b200	168
0021b2a8	FUN_0021b2a8	624
0021b520	FUN_0021b520	144
0021b5b0	FUN_0021b5b0	176
0021b680	FUN_0021b680	92
0021b6e0	FUN_0021b6e0	48
0021b710	FUN_0021b710	84
0021b7a8	FUN_0021b7a8	168
0021b850	FUN_0021b850	508
0021ba50	FUN_0021ba50	248
0021bb48	FUN_0021bb48	128
0021bbc8	FUN_0021bbc8	76
0021bc18	FUN_0021bc18	480
0021bdf8	FUN_0021bdf8	300
0021bf28	FUN_0021bf28	800
0021c248	FUN_0021c248	408
0021c3e0	FUN_0021c3e0	2204
0021cc88	FUN_0021cc88	580
0021ced0	FUN_0021ced0	444
0021d090	FUN_0021d090	116
0021d180	FUN_0021d180	272
0021d300	FUN_0021d300	32
0021d358	FUN_0021d358	80
0021d3a8	FUN_0021d3a8	112
0021d418	FUN_0021d418	104
0021d480	FUN_0021d480	140
0021d510	FUN_0021d510	300
0021d640	FUN_0021d640	600
0021d8a0	FUN_0021d8a0	40
0021d8c8	FUN_0021d8c8	184
0021d988	FUN_0021d988	96
0021da00	FUN_0021da00	136
0021da90	FUN_0021da90	244
0021db90	FUN_0021db90	708
0021e058	FUN_0021e058	812
0021e648	FUN_0021e648	568
0021e880	FUN_0021e880	964
0021ec48	FUN_0021ec48	776
0021ef50	FUN_0021ef50	500
0021f1b8	FUN_0021f1b8	1488
0021f790	FUN_0021f790	1404
0021fd28	FUN_0021fd28	36
0021fd50	FUN_0021fd50	2332
00220678	FUN_00220678	76
002206c8	FUN_002206c8	180
002207d0	FUN_002207d0	184
002208c8	FUN_002208c8	216
002209a0	FUN_002209a0	20
002209d8	FUN_002209d8	432
00220b90	FUN_00220b90	432
00220d48	FUN_00220d48	16
00220d58	FUN_00220d58	8
00220d60	FUN_00220d60	636
00220fe0	FUN_00220fe0	916
00221388	FUN_00221388	172
002214c0	FUN_002214c0	456
00221700	FUN_00221700	216
002217e0	FUN_002217e0	1148
00221c60	FUN_00221c60	276
00221d80	FUN_00221d80	568
00221fc0	FUN_00221fc0	112
00222080	FUN_00222080	52
002220b8	FUN_002220b8	44
002220e8	FUN_002220e8	36
00222110	FUN_00222110	336
00222260	FUN_00222260	248
00222358	FUN_00222358	564
00222590	FUN_00222590	796
002228b8	FUN_002228b8	96
00222918	FUN_00222918	140
002229a8	FUN_002229a8	52
002229e0	FUN_002229e0	84
00222a38	FUN_00222a38	132
00222b00	FUN_00222b00	4988
00223e88	FUN_00223e88	2760
00224958	FUN_00224958	408
00224af0	FUN_00224af0	96
00224b58	FUN_00224b58	88
00224bb0	FUN_00224bb0	140
00224c40	FUN_00224c40	448
00224e08	FUN_00224e08	508
00225008	FUN_00225008	1280
00225508	FUN_00225508	1204
002259c0	FUN_002259c0	1132
002264f0	FUN_002264f0	1708
00226ba8	FUN_00226ba8	2040
002273a8	FUN_002273a8	1056
002277c8	FUN_002277c8	1344
00227d10	FUN_00227d10	1288
00228480	FUN_00228480	64
002284c0	FUN_002284c0	164
00228568	FUN_00228568	56
002285a0	FUN_002285a0	8
002285a8	FUN_002285a8	108
002286e0	FUN_002286e0	116
00228758	FUN_00228758	428
00228908	FUN_00228908	556
00228b38	FUN_00228b38	696
00228df0	FUN_00228df0	172
00228ea0	FUN_00228ea0	48
00228ed8	FUN_00228ed8	212
00228fb0	FUN_00228fb0	36
00228ff0	FUN_00228ff0	56
00229028	FUN_00229028	8
00229080	FUN_00229080	1592
002296c8	FUN_002296c8	1660
00229d50	FUN_00229d50	592
00229fa8	FUN_00229fa8	156
0022a048	FUN_0022a048	196
0022a110	FUN_0022a110	68
0022a1c8	FUN_0022a1c8	56
0022a200	FUN_0022a200	252
0022a308	FUN_0022a308	32
0022a328	FUN_0022a328	12
0022a338	FUN_0022a338	112
0022a3b0	FUN_0022a3b0	72
0022a3f8	FUN_0022a3f8	64
0022a438	FUN_0022a438	548
0022a668	FUN_0022a668	104
0022a6e8	FUN_0022a6e8	20
0022a700	FUN_0022a700	96
0022a768	FUN_0022a768	36
0022a790	FUN_0022a790	180
0022a848	FUN_0022a848	140
0022a910	FUN_0022a910	456
0022aae0	FUN_0022aae0	264
0022abf8	FUN_0022abf8	208
0022acc8	FUN_0022acc8	520
0022aed8	FUN_0022aed8	184
0022af98	FUN_0022af98	172
0022b048	FUN_0022b048	80
0022b0b0	FUN_0022b0b0	524
0022b2c0	FUN_0022b2c0	280
0022b3e0	FUN_0022b3e0	568
0022b620	FUN_0022b620	60
0022b660	FUN_0022b660	316
0022b7a8	FUN_0022b7a8	252
0022b8b0	FUN_0022b8b0	76
0022b900	FUN_0022b900	96
0022ba30	FUN_0022ba30	1548
0022c048	FUN_0022c048	644
0022c2d8	FUN_0022c2d8	444
0022c498	FUN_0022c498	188
0022c558	FUN_0022c558	92
0022c5b8	FUN_0022c5b8	164
0022c660	FUN_0022c660	744
0022c950	FUN_0022c950	36
0022c980	FUN_0022c980	108
0022c9f0	FUN_0022c9f0	792
0022cd28	FUN_0022cd28	744
0022d010	FUN_0022d010	116
0022d088	FUN_0022d088	32
0022d0a8	FUN_0022d0a8	460
0022d278	FUN_0022d278	748
0022d568	FUN_0022d568	776
0022d870	FUN_0022d870	836
0022dbb8	FUN_0022dbb8	120
0022dc30	FUN_0022dc30	68
0022dc78	FUN_0022dc78	40
0022dca0	FUN_0022dca0	180
0022dd60	FUN_0022dd60	12
0022dd70	FUN_0022dd70	40
0022dd98	FUN_0022dd98	264
0022dea0	FUN_0022dea0	224
0022df80	FUN_0022df80	248
0022e080	FUN_0022e080	2056
0022e898	FUN_0022e898	8
0022e8a0	FUN_0022e8a0	72
0022e8e8	FUN_0022e8e8	300
0022ea18	FUN_0022ea18	28
0022ea38	FUN_0022ea38	12
0022ea48	FUN_0022ea48	60
0022ea88	FUN_0022ea88	128
0022eb08	FUN_0022eb08	68
0022eb50	FUN_0022eb50	248
0022ec48	FUN_0022ec48	656
0022eed8	FUN_0022eed8	732
0022f1b8	FUN_0022f1b8	792
0022f4d8	FUN_0022f4d8	784
0022f7f8	FUN_0022f7f8	192
0022f948	FUN_0022f948	404
0022fae0	FUN_0022fae0	24
0022faf8	FUN_0022faf8	172
0022fba8	FUN_0022fba8	228
0022fc90	FUN_0022fc90	184
0022fd48	FUN_0022fd48	92
0022fda8	FUN_0022fda8	80
0022fdf8	FUN_0022fdf8	384
0022ff78	FUN_0022ff78	116
0022fff0	FUN_0022fff0	144
00230080	FUN_00230080	56
00230118	FUN_00230118	100
00230180	FUN_00230180	52
002301b8	FUN_002301b8	36
002301e0	FUN_002301e0	200
002302a8	FUN_002302a8	264
002303b0	FUN_002303b0	596
00230608	FUN_00230608	80
00230660	FUN_00230660	180
00230718	FUN_00230718	160
002307b8	FUN_002307b8	236
002308a8	FUN_002308a8	168
00230950	FUN_00230950	68
00230998	FUN_00230998	216
00230a78	FUN_00230a78	168
00230b20	FUN_00230b20	164
